log_id,historical_date,corridor,section_code,line_type,department,machine_type_deployed,requested_duration_min,granted_duration_min,actual_utilized_duration_min,machine_idle_time_min,burst_block_overrun_min,execution_status,cag_audit_failure_category,trains_delayed_count,delay_to_train_operations_min,estimated_financial_loss_inr,preventable_by_blocksetu_ai
HIST-LOG-2025-1001,2026-02-27,NDLS-DDU Golden Diagonal HDN-1,ALJN-TDL,UP_MAIN,Signalling & Telecom (SMMS),UNIMAT 08-4S Turnout Tamper,360,0,0,360,0,DENIED_BY_OPERATING,Blocks not given by Operating Dept (Heavy Train Bunching),0,0,306000,YES - 100% resolvable by AI Joint Bundling & Traffic Window Optimizer
HIST-LOG-2025-1002,2025-04-14,NDLS-DDU Golden Diagonal HDN-1,MZP-DDU,DN_MAIN,Engineering (Civil/TMS),BCM_800 Ballast Cleaner,120,0,0,120,0,DENIED_BY_OPERATING,Blocks not given by Operating Dept (Heavy Train Bunching),0,0,102000,YES - 100% resolvable by AI Joint Bundling & Traffic Window Optimizer
HIST-LOG-2025-1003,2025-10-16,NDLS-DDU Golden Diagonal HDN-1,PRYJ-MZP,UP_MAIN,Traction Distribution (TDMS),OHE 8-Wheeler Tower Wagon,300,0,0,300,0,DENIED_BY_OPERATING,Blocks not given by Operating Dept (Heavy Train Bunching),0,0,255000,YES - 100% resolvable by AI Joint Bundling & Traffic Window Optimizer
HIST-LOG-2025-1004,2026-02-10,NDLS-DDU Golden Diagonal HDN-1,TDL-ETW,DN_MAIN,Traction Distribution (TDMS),UNIMAT 08-4S Turnout Tamper,300,300,184,116,35,PARTIALLY_UTILIZED,Operational problems / Crew late / 33% machine idling,1,26,231100,YES - 100% resolvable by AI Joint Bundling & Traffic Window Optimizer
HIST-LOG-2025-1005,2025-07-28,NDLS-DDU Golden Diagonal HDN-1,ETW-CNB,DN_MAIN,Signalling & Telecom (SMMS),CSM_09_32 Tamping Machine,120,0,0,120,0,DENIED_BY_OPERATING,Blocks not given by Operating Dept (Heavy Train Bunching),0,0,102000,YES - 100% resolvable by AI Joint Bundling & Traffic Window Optimizer
HIST-LOG-2025-1006,2025-04-30,NDLS-DDU Golden Diagonal HDN-1,GZB-ALJN,UP_MAIN,Signalling & Telecom (SMMS),CSM_09_32 Tamping Machine,360,360,217,143,0,PARTIALLY_UTILIZED,Operational problems / Crew late / 33% machine idling,2,32,211550,YES - 100% resolvable by AI Joint Bundling & Traffic Window Optimizer
HIST-LOG-2025-1007,2025-09-08,NDLS-DDU Golden Diagonal HDN-1,TDL-ETW,DN_MAIN,Engineering (Civil/TMS),UNIMAT 08-4S Turnout Tamper,240,0,0,240,0,DENIED_BY_OPERATING,Blocks not given by Operating Dept (Heavy Train Bunching),0,0,204000,YES - 100% resolvable by AI Joint Bundling & Traffic Window Optimizer
HIST-LOG-2025-1008,2025-12-02,NDLS-DDU Golden Diagonal HDN-1,ETW-CNB,DN_MAIN,Engineering (Civil/TMS),CSM_09_32 Tamping Machine,360,0,0,360,0,NOT_PLANNED_DIVISION,Blocks not planned by Divisions / Lack of inter-department coordination,0,0,306000,YES - 100% resolvable by AI Joint Bundling & Traffic Window Optimizer
HIST-LOG-2025-1009,2025-12-10,NDLS-DDU Golden Diagonal HDN-1,ALJN-TDL,UP_MAIN,Signalling & Telecom (SMMS),UNIMAT 08-4S Turnout Tamper,360,0,0,360,0,DENIED_BY_OPERATING,Blocks not given by Operating Dept (Heavy Train Bunching),0,0,306000,YES - 100% resolvable by AI Joint Bundling & Traffic Window Optimizer
HIST-LOG-2025-1010,2026-01-08,NDLS-DDU Golden Diagonal HDN-1,ETW-CNB,DN_MAIN,Traction Distribution (TDMS),UNIMAT 08-4S Turnout Tamper,240,0,0,240,0,NOT_PLANNED_DIVISION,Blocks not planned by Divisions / Lack of inter-department coordination,0,0,204000,YES - 100% resolvable by AI Joint Bundling & Traffic Window Optimizer
HIST-LOG-2025-1011,2026-02-13,NDLS-DDU Golden Diagonal HDN-1,ETW-CNB,DN_MAIN,Signalling & Telecom (SMMS),OHE 8-Wheeler Tower Wagon,360,360,219,141,20,PARTIALLY_UTILIZED,Operational problems / Crew late / 33% machine idling,4,92,349850,YES - 100% resolvable by AI Joint Bundling & Traffic Window Optimizer
HIST-LOG-2025-1012,2025-09-04,NDLS-DDU Golden Diagonal HDN-1,ALJN-TDL,UP_MAIN,Engineering (Civil/TMS),None / Manual Gang,360,0,0,360,0,DENIED_BY_OPERATING,Blocks not given by Operating Dept (Heavy Train Bunching),0,0,306000,YES - 100% resolvable by AI Joint Bundling & Traffic Window Optimizer
HIST-LOG-2025-1013,2025-07-30,NDLS-DDU Golden Diagonal HDN-1,ALJN-TDL,DN_MAIN,Traction Distribution (TDMS),OHE 8-Wheeler Tower Wagon,180,0,0,180,0,DENIED_BY_OPERATING,Blocks not given by Operating Dept (Heavy Train Bunching),0,0,153000,YES - 100% resolvable by AI Joint Bundling & Traffic Window Optimizer
HIST-LOG-2025-1014,2025-08-17,NDLS-DDU Golden Diagonal HDN-1,MZP-DDU,UP_MAIN,Engineering (Civil/TMS),UNIMAT 08-4S Turnout Tamper,300,0,0,300,0,DENIED_BY_OPERATING,Blocks not given by Operating Dept (Heavy Train Bunching),0,0,255000,YES - 100% resolvable by AI Joint Bundling & Traffic Window Optimizer
HIST-LOG-2025-1015,2026-02-07,NDLS-DDU Golden Diagonal HDN-1,PRYJ-MZP,DN_MAIN,Engineering (Civil/TMS),OHE 8-Wheeler Tower Wagon,120,0,0,120,0,NOT_PLANNED_DIVISION,Blocks not planned by Divisions / Lack of inter-department coordination,0,0,102000,YES - 100% resolvable by AI Joint Bundling & Traffic Window Optimizer
HIST-LOG-2025-1016,2025-07-24,NDLS-DDU Golden Diagonal HDN-1,GZB-ALJN,DN_MAIN,Signalling & Telecom (SMMS),BCM_800 Ballast Cleaner,300,0,0,300,0,DENIED_BY_OPERATING,Blocks not given by Operating Dept (Heavy Train Bunching),0,0,255000,YES - 100% resolvable by AI Joint Bundling & Traffic Window Optimizer
HIST-LOG-2025-1017,2025-09-04,NDLS-DDU Golden Diagonal HDN-1,TDL-ETW,DN_MAIN,Traction Distribution (TDMS),CSM_09_32 Tamping Machine,120,0,0,120,0,CANCELLED_STAFF,Staff / Machine operator not available,0,0,102000,YES - 100% resolvable by AI Joint Bundling & Traffic Window Optimizer
HIST-LOG-2025-1018,2026-01-28,NDLS-DDU Golden Diagonal HDN-1,FTP-PRYJ,UP_MAIN,Traction Distribution (TDMS),BCM_800 Ballast Cleaner,240,0,0,240,0,NOT_PLANNED_DIVISION,Blocks not planned by Divisions / Lack of inter-department coordination,0,0,204000,YES - 100% resolvable by AI Joint Bundling & Traffic Window Optimizer
HIST-LOG-2025-1019,2025-11-05,NDLS-DDU Golden Diagonal HDN-1,GZB-ALJN,DN_MAIN,Traction Distribution (TDMS),CSM_09_32 Tamping Machine,360,0,0,360,0,NOT_PLANNED_DIVISION,Blocks not planned by Divisions / Lack of inter-department coordination,0,0,306000,YES - 100% resolvable by AI Joint Bundling & Traffic Window Optimizer
HIST-LOG-2025-1020,2025-10-13,NDLS-DDU Golden Diagonal HDN-1,ALJN-TDL,DN_MAIN,Traction Distribution (TDMS),OHE 8-Wheeler Tower Wagon,240,240,155,85,20,PARTIALLY_UTILIZED,Operational problems / Crew late / 33% machine idling,2,76,212250,YES - 100% resolvable by AI Joint Bundling & Traffic Window Optimizer
HIST-LOG-2025-1021,2025-08-19,NDLS-DDU Golden Diagonal HDN-1,ETW-CNB,UP_MAIN,Engineering (Civil/TMS),CSM_09_32 Tamping Machine,240,0,0,240,0,NO_SCOPE,No scope of work / Site not prepared,0,0,204000,YES - 100% resolvable by AI Joint Bundling & Traffic Window Optimizer
HIST-LOG-2025-1022,2026-02-10,NDLS-DDU Golden Diagonal HDN-1,CNB-FTP,DN_MAIN,Traction Distribution (TDMS),UNIMAT 08-4S Turnout Tamper,300,0,0,300,0,DENIED_BY_OPERATING,Blocks not given by Operating Dept (Heavy Train Bunching),0,0,255000,YES - 100% resolvable by AI Joint Bundling & Traffic Window Optimizer
HIST-LOG-2025-1023,2025-06-03,NDLS-DDU Golden Diagonal HDN-1,CNB-FTP,DN_MAIN,Traction Distribution (TDMS),UNIMAT 08-4S Turnout Tamper,360,0,0,360,0,DENIED_BY_OPERATING,Blocks not given by Operating Dept (Heavy Train Bunching),0,0,306000,YES - 100% resolvable by AI Joint Bundling & Traffic Window Optimizer
HIST-LOG-2025-1024,2025-04-09,NDLS-DDU Golden Diagonal HDN-1,FTP-PRYJ,DN_MAIN,Engineering (Civil/TMS),OHE 8-Wheeler Tower Wagon,300,0,0,300,0,NOT_PLANNED_DIVISION,Blocks not planned by Divisions / Lack of inter-department coordination,0,0,255000,YES - 100% resolvable by AI Joint Bundling & Traffic Window Optimizer
HIST-LOG-2025-1025,2026-01-10,NDLS-DDU Golden Diagonal HDN-1,MZP-DDU,UP_MAIN,Signalling & Telecom (SMMS),BCM_800 Ballast Cleaner,300,0,0,300,0,CANCELLED_STAFF,Staff / Machine operator not available,0,0,255000,YES - 100% resolvable by AI Joint Bundling & Traffic Window Optimizer
HIST-LOG-2025-1026,2025-07-02,NDLS-DDU Golden Diagonal HDN-1,GZB-ALJN,UP_MAIN,Signalling & Telecom (SMMS),UNIMAT 08-4S Turnout Tamper,360,360,227,133,0,PARTIALLY_UTILIZED,Operational problems / Crew late / 33% machine idling,4,156,293050,YES - 100% resolvable by AI Joint Bundling & Traffic Window Optimizer
HIST-LOG-2025-1027,2026-02-17,NDLS-DDU Golden Diagonal HDN-1,CNB-FTP,DN_MAIN,Signalling & Telecom (SMMS),BCM_800 Ballast Cleaner,180,0,0,180,0,DENIED_BY_OPERATING,Blocks not given by Operating Dept (Heavy Train Bunching),0,0,153000,YES - 100% resolvable by AI Joint Bundling & Traffic Window Optimizer
HIST-LOG-2025-1028,2026-03-17,NDLS-DDU Golden Diagonal HDN-1,GZB-ALJN,UP_MAIN,Engineering (Civil/TMS),None / Manual Gang,120,0,0,120,0,DENIED_BY_OPERATING,Blocks not given by Operating Dept (Heavy Train Bunching),0,0,102000,YES - 100% resolvable by AI Joint Bundling & Traffic Window Optimizer
HIST-LOG-2025-1029,2025-08-10,NDLS-DDU Golden Diagonal HDN-1,MZP-DDU,DN_MAIN,Engineering (Civil/TMS),CSM_09_32 Tamping Machine,360,360,353,1,0,GRANTED_AND_COMPLETED,Successfully completed on schedule,1,36,45850,N/A
HIST-LOG-2025-1030,2025-05-26,NDLS-DDU Golden Diagonal HDN-1,FTP-PRYJ,UP_MAIN,Traction Distribution (TDMS),CSM_09_32 Tamping Machine,180,0,0,180,0,NOT_PLANNED_DIVISION,Blocks not planned by Divisions / Lack of inter-department coordination,0,0,153000,YES - 100% resolvable by AI Joint Bundling & Traffic Window Optimizer
HIST-LOG-2025-1031,2025-07-14,NDLS-DDU Golden Diagonal HDN-1,MZP-DDU,UP_MAIN,Traction Distribution (TDMS),UNIMAT 08-4S Turnout Tamper,120,0,0,120,0,DENIED_BY_OPERATING,Blocks not given by Operating Dept (Heavy Train Bunching),0,0,102000,YES - 100% resolvable by AI Joint Bundling & Traffic Window Optimizer
HIST-LOG-2025-1032,2025-06-13,NDLS-DDU Golden Diagonal HDN-1,FTP-PRYJ,DN_MAIN,Engineering (Civil/TMS),CSM_09_32 Tamping Machine,300,0,0,300,0,NOT_PLANNED_DIVISION,Blocks not planned by Divisions / Lack of inter-department coordination,0,0,255000,YES - 100% resolvable by AI Joint Bundling & Traffic Window Optimizer
HIST-LOG-2025-1033,2025-08-29,NDLS-DDU Golden Diagonal HDN-1,FTP-PRYJ,DN_MAIN,Signalling & Telecom (SMMS),None / Manual Gang,240,0,0,240,0,NOT_PLANNED_DIVISION,Blocks not planned by Divisions / Lack of inter-department coordination,0,0,204000,YES - 100% resolvable by AI Joint Bundling & Traffic Window Optimizer
HIST-LOG-2025-1034,2026-01-28,NDLS-DDU Golden Diagonal HDN-1,TDL-ETW,DN_MAIN,Engineering (Civil/TMS),CSM_09_32 Tamping Machine,240,0,0,240,0,DENIED_BY_OPERATING,Blocks not given by Operating Dept (Heavy Train Bunching),0,0,204000,YES - 100% resolvable by AI Joint Bundling & Traffic Window Optimizer
HIST-LOG-2025-1035,2026-01-24,NDLS-DDU Golden Diagonal HDN-1,ETW-CNB,DN_MAIN,Traction Distribution (TDMS),CSM_09_32 Tamping Machine,360,360,241,119,10,PARTIALLY_UTILIZED,Operational problems / Crew late / 33% machine idling,4,144,306150,YES - 100% resolvable by AI Joint Bundling & Traffic Window Optimizer
HIST-LOG-2025-1036,2025-07-24,NDLS-DDU Golden Diagonal HDN-1,TDL-ETW,DN_MAIN,Traction Distribution (TDMS),None / Manual Gang,120,0,0,120,0,DENIED_BY_OPERATING,Blocks not given by Operating Dept (Heavy Train Bunching),0,0,102000,YES - 100% resolvable by AI Joint Bundling & Traffic Window Optimizer
HIST-LOG-2025-1037,2025-08-16,NDLS-DDU Golden Diagonal HDN-1,PRYJ-MZP,UP_MAIN,Traction Distribution (TDMS),BCM_800 Ballast Cleaner,120,120,77,43,35,PARTIALLY_UTILIZED,Operational problems / Crew late / 33% machine idling,3,123,259050,YES - 100% resolvable by AI Joint Bundling & Traffic Window Optimizer
HIST-LOG-2025-1038,2025-09-09,NDLS-DDU Golden Diagonal HDN-1,CNB-FTP,UP_MAIN,Signalling & Telecom (SMMS),CSM_09_32 Tamping Machine,180,180,169,7,0,GRANTED_AND_COMPLETED,Successfully completed on schedule,1,37,50950,N/A
HIST-LOG-2025-1039,2025-05-11,NDLS-DDU Golden Diagonal HDN-1,ETW-CNB,DN_MAIN,Traction Distribution (TDMS),UNIMAT 08-4S Turnout Tamper,300,0,0,300,0,NOT_PLANNED_DIVISION,Blocks not planned by Divisions / Lack of inter-department coordination,0,0,255000,YES - 100% resolvable by AI Joint Bundling & Traffic Window Optimizer
HIST-LOG-2025-1040,2026-01-17,NDLS-DDU Golden Diagonal HDN-1,ALJN-TDL,DN_MAIN,Traction Distribution (TDMS),BCM_800 Ballast Cleaner,300,300,186,114,35,PARTIALLY_UTILIZED,Operational problems / Crew late / 33% machine idling,2,88,274400,YES - 100% resolvable by AI Joint Bundling & Traffic Window Optimizer
HIST-LOG-2025-1041,2025-06-10,NDLS-DDU Golden Diagonal HDN-1,ETW-CNB,DN_MAIN,Traction Distribution (TDMS),None / Manual Gang,360,0,0,360,0,CANCELLED_STAFF,Staff / Machine operator not available,0,0,306000,YES - 100% resolvable by AI Joint Bundling & Traffic Window Optimizer
HIST-LOG-2025-1042,2025-10-27,NDLS-DDU Golden Diagonal HDN-1,CNB-FTP,DN_MAIN,Signalling & Telecom (SMMS),OHE 8-Wheeler Tower Wagon,120,0,0,120,0,DENIED_BY_OPERATING,Blocks not given by Operating Dept (Heavy Train Bunching),0,0,102000,YES - 100% resolvable by AI Joint Bundling & Traffic Window Optimizer
HIST-LOG-2025-1043,2025-11-19,NDLS-DDU Golden Diagonal HDN-1,TDL-ETW,DN_MAIN,Traction Distribution (TDMS),CSM_09_32 Tamping Machine,180,0,0,180,0,DENIED_BY_OPERATING,Blocks not given by Operating Dept (Heavy Train Bunching),0,0,153000,YES - 100% resolvable by AI Joint Bundling & Traffic Window Optimizer
HIST-LOG-2025-1044,2025-04-18,NDLS-DDU Golden Diagonal HDN-1,ALJN-TDL,DN_MAIN,Signalling & Telecom (SMMS),OHE 8-Wheeler Tower Wagon,360,360,345,3,0,GRANTED_AND_COMPLETED,Successfully completed on schedule,0,0,2550,N/A
HIST-LOG-2025-1045,2025-06-05,NDLS-DDU Golden Diagonal HDN-1,TDL-ETW,UP_MAIN,Engineering (Civil/TMS),OHE 8-Wheeler Tower Wagon,360,360,249,111,35,PARTIALLY_UTILIZED,Operational problems / Crew late / 33% machine idling,3,111,316850,YES - 100% resolvable by AI Joint Bundling & Traffic Window Optimizer
HIST-LOG-2025-1046,2026-01-28,NDLS-DDU Golden Diagonal HDN-1,ETW-CNB,DN_MAIN,Engineering (Civil/TMS),None / Manual Gang,240,0,0,240,0,NOT_PLANNED_DIVISION,Blocks not planned by Divisions / Lack of inter-department coordination,0,0,204000,YES - 100% resolvable by AI Joint Bundling & Traffic Window Optimizer
HIST-LOG-2025-1047,2025-10-27,NDLS-DDU Golden Diagonal HDN-1,ALJN-TDL,UP_MAIN,Engineering (Civil/TMS),OHE 8-Wheeler Tower Wagon,240,0,0,240,0,NOT_PLANNED_DIVISION,Blocks not planned by Divisions / Lack of inter-department coordination,0,0,204000,YES - 100% resolvable by AI Joint Bundling & Traffic Window Optimizer
HIST-LOG-2025-1048,2025-04-04,NDLS-DDU Golden Diagonal HDN-1,PRYJ-MZP,DN_MAIN,Signalling & Telecom (SMMS),None / Manual Gang,180,180,175,2,0,GRANTED_AND_COMPLETED,Successfully completed on schedule,0,0,1700,N/A
HIST-LOG-2025-1049,2025-06-30,NDLS-DDU Golden Diagonal HDN-1,FTP-PRYJ,DN_MAIN,Signalling & Telecom (SMMS),None / Manual Gang,240,0,0,240,0,NOT_PLANNED_DIVISION,Blocks not planned by Divisions / Lack of inter-department coordination,0,0,204000,YES - 100% resolvable by AI Joint Bundling & Traffic Window Optimizer
HIST-LOG-2025-1050,2025-09-13,NDLS-DDU Golden Diagonal HDN-1,CNB-FTP,UP_MAIN,Engineering (Civil/TMS),OHE 8-Wheeler Tower Wagon,240,240,152,88,35,PARTIALLY_UTILIZED,Operational problems / Crew late / 33% machine idling,3,75,297300,YES - 100% resolvable by AI Joint Bundling & Traffic Window Optimizer
HIST-LOG-2025-1051,2025-12-22,NDLS-DDU Golden Diagonal HDN-1,TDL-ETW,UP_MAIN,Engineering (Civil/TMS),UNIMAT 08-4S Turnout Tamper,180,0,0,180,0,NOT_PLANNED_DIVISION,Blocks not planned by Divisions / Lack of inter-department coordination,0,0,153000,YES - 100% resolvable by AI Joint Bundling & Traffic Window Optimizer
HIST-LOG-2025-1052,2025-05-31,NDLS-DDU Golden Diagonal HDN-1,FTP-PRYJ,UP_MAIN,Signalling & Telecom (SMMS),UNIMAT 08-4S Turnout Tamper,240,0,0,240,0,DENIED_BY_OPERATING,Blocks not given by Operating Dept (Heavy Train Bunching),0,0,204000,YES - 100% resolvable by AI Joint Bundling & Traffic Window Optimizer
HIST-LOG-2025-1053,2025-08-11,NDLS-DDU Golden Diagonal HDN-1,MZP-DDU,DN_MAIN,Engineering (Civil/TMS),None / Manual Gang,180,0,0,180,0,NOT_PLANNED_DIVISION,Blocks not planned by Divisions / Lack of inter-department coordination,0,0,153000,YES - 100% resolvable by AI Joint Bundling & Traffic Window Optimizer
HIST-LOG-2025-1054,2025-05-20,NDLS-DDU Golden Diagonal HDN-1,ALJN-TDL,UP_MAIN,Traction Distribution (TDMS),BCM_800 Ballast Cleaner,240,0,0,240,0,DENIED_BY_OPERATING,Blocks not given by Operating Dept (Heavy Train Bunching),0,0,204000,YES - 100% resolvable by AI Joint Bundling & Traffic Window Optimizer
HIST-LOG-2025-1055,2025-12-07,NDLS-DDU Golden Diagonal HDN-1,TDL-ETW,UP_MAIN,Traction Distribution (TDMS),CSM_09_32 Tamping Machine,120,120,78,42,10,PARTIALLY_UTILIZED,Operational problems / Crew late / 33% machine idling,1,26,105700,YES - 100% resolvable by AI Joint Bundling & Traffic Window Optimizer
HIST-LOG-2025-1056,2025-08-30,NDLS-DDU Golden Diagonal HDN-1,ETW-CNB,DN_MAIN,Traction Distribution (TDMS),CSM_09_32 Tamping Machine,300,300,286,4,0,GRANTED_AND_COMPLETED,Successfully completed on schedule,1,37,48400,N/A
HIST-LOG-2025-1057,2025-05-15,NDLS-DDU Golden Diagonal HDN-1,ALJN-TDL,DN_MAIN,Signalling & Telecom (SMMS),BCM_800 Ballast Cleaner,300,0,0,300,0,NOT_PLANNED_DIVISION,Blocks not planned by Divisions / Lack of inter-department coordination,0,0,255000,YES - 100% resolvable by AI Joint Bundling & Traffic Window Optimizer
HIST-LOG-2025-1058,2025-12-16,NDLS-DDU Golden Diagonal HDN-1,ALJN-TDL,DN_MAIN,Engineering (Civil/TMS),UNIMAT 08-4S Turnout Tamper,180,180,178,10,0,GRANTED_AND_COMPLETED,Successfully completed on schedule,0,0,8500,N/A
HIST-LOG-2025-1059,2025-11-08,NDLS-DDU Golden Diagonal HDN-1,MZP-DDU,UP_MAIN,Traction Distribution (TDMS),CSM_09_32 Tamping Machine,240,0,0,240,0,DENIED_BY_OPERATING,Blocks not given by Operating Dept (Heavy Train Bunching),0,0,204000,YES - 100% resolvable by AI Joint Bundling & Traffic Window Optimizer
HIST-LOG-2025-1060,2026-02-16,NDLS-DDU Golden Diagonal HDN-1,FTP-PRYJ,UP_MAIN,Traction Distribution (TDMS),CSM_09_32 Tamping Machine,120,0,0,120,0,CANCELLED_STAFF,Staff / Machine operator not available,0,0,102000,YES - 100% resolvable by AI Joint Bundling & Traffic Window Optimizer
HIST-LOG-2025-1061,2025-11-27,NDLS-DDU Golden Diagonal HDN-1,TDL-ETW,DN_MAIN,Engineering (Civil/TMS),BCM_800 Ballast Cleaner,180,0,0,180,0,NOT_PLANNED_DIVISION,Blocks not planned by Divisions / Lack of inter-department coordination,0,0,153000,YES - 100% resolvable by AI Joint Bundling & Traffic Window Optimizer
HIST-LOG-2025-1062,2026-02-20,NDLS-DDU Golden Diagonal HDN-1,TDL-ETW,DN_MAIN,Signalling & Telecom (SMMS),CSM_09_32 Tamping Machine,180,0,0,180,0,DENIED_BY_OPERATING,Blocks not given by Operating Dept (Heavy Train Bunching),0,0,153000,YES - 100% resolvable by AI Joint Bundling & Traffic Window Optimizer
HIST-LOG-2025-1063,2025-04-20,NDLS-DDU Golden Diagonal HDN-1,ETW-CNB,UP_MAIN,Signalling & Telecom (SMMS),OHE 8-Wheeler Tower Wagon,120,120,78,42,10,PARTIALLY_UTILIZED,Operational problems / Crew late / 33% machine idling,2,74,150700,YES - 100% resolvable by AI Joint Bundling & Traffic Window Optimizer
HIST-LOG-2025-1064,2026-02-21,NDLS-DDU Golden Diagonal HDN-1,CNB-FTP,DN_MAIN,Traction Distribution (TDMS),UNIMAT 08-4S Turnout Tamper,360,0,0,360,0,DENIED_BY_OPERATING,Blocks not given by Operating Dept (Heavy Train Bunching),0,0,306000,YES - 100% resolvable by AI Joint Bundling & Traffic Window Optimizer
HIST-LOG-2025-1065,2025-12-05,NDLS-DDU Golden Diagonal HDN-1,TDL-ETW,DN_MAIN,Engineering (Civil/TMS),OHE 8-Wheeler Tower Wagon,240,0,0,240,0,CANCELLED_STAFF,Staff / Machine operator not available,0,0,204000,YES - 100% resolvable by AI Joint Bundling & Traffic Window Optimizer
HIST-LOG-2025-1066,2025-05-20,NDLS-DDU Golden Diagonal HDN-1,PRYJ-MZP,DN_MAIN,Traction Distribution (TDMS),BCM_800 Ballast Cleaner,300,0,0,300,0,NOT_PLANNED_DIVISION,Blocks not planned by Divisions / Lack of inter-department coordination,0,0,255000,YES - 100% resolvable by AI Joint Bundling & Traffic Window Optimizer
HIST-LOG-2025-1067,2026-03-06,NDLS-DDU Golden Diagonal HDN-1,CNB-FTP,DN_MAIN,Signalling & Telecom (SMMS),OHE 8-Wheeler Tower Wagon,240,0,0,240,0,DENIED_BY_OPERATING,Blocks not given by Operating Dept (Heavy Train Bunching),0,0,204000,YES - 100% resolvable by AI Joint Bundling & Traffic Window Optimizer
HIST-LOG-2025-1068,2026-03-23,NDLS-DDU Golden Diagonal HDN-1,TDL-ETW,DN_MAIN,Signalling & Telecom (SMMS),OHE 8-Wheeler Tower Wagon,120,0,0,120,0,NOT_PLANNED_DIVISION,Blocks not planned by Divisions / Lack of inter-department coordination,0,0,102000,YES - 100% resolvable by AI Joint Bundling & Traffic Window Optimizer
HIST-LOG-2025-1069,2026-03-18,NDLS-DDU Golden Diagonal HDN-1,TDL-ETW,DN_MAIN,Signalling & Telecom (SMMS),BCM_800 Ballast Cleaner,360,0,0,360,0,NOT_PLANNED_DIVISION,Blocks not planned by Divisions / Lack of inter-department coordination,0,0,306000,YES - 100% resolvable by AI Joint Bundling & Traffic Window Optimizer
HIST-LOG-2025-1070,2025-05-02,NDLS-DDU Golden Diagonal HDN-1,CNB-FTP,DN_MAIN,Traction Distribution (TDMS),None / Manual Gang,180,0,0,180,0,NOT_PLANNED_DIVISION,Blocks not planned by Divisions / Lack of inter-department coordination,0,0,153000,YES - 100% resolvable by AI Joint Bundling & Traffic Window Optimizer
HIST-LOG-2025-1071,2025-10-18,NDLS-DDU Golden Diagonal HDN-1,FTP-PRYJ,DN_MAIN,Traction Distribution (TDMS),OHE 8-Wheeler Tower Wagon,240,0,0,240,0,NOT_PLANNED_DIVISION,Blocks not planned by Divisions / Lack of inter-department coordination,0,0,204000,YES - 100% resolvable by AI Joint Bundling & Traffic Window Optimizer
HIST-LOG-2025-1072,2025-09-05,NDLS-DDU Golden Diagonal HDN-1,PRYJ-MZP,DN_MAIN,Engineering (Civil/TMS),OHE 8-Wheeler Tower Wagon,240,240,161,79,20,PARTIALLY_UTILIZED,Operational problems / Crew late / 33% machine idling,1,28,162150,YES - 100% resolvable by AI Joint Bundling & Traffic Window Optimizer
HIST-LOG-2025-1073,2026-02-04,NDLS-DDU Golden Diagonal HDN-1,ETW-CNB,UP_MAIN,Traction Distribution (TDMS),None / Manual Gang,180,180,177,10,0,GRANTED_AND_COMPLETED,Successfully completed on schedule,0,0,8500,N/A
HIST-LOG-2025-1074,2026-01-09,NDLS-DDU Golden Diagonal HDN-1,GZB-ALJN,DN_MAIN,Engineering (Civil/TMS),CSM_09_32 Tamping Machine,240,0,0,240,0,NOT_PLANNED_DIVISION,Blocks not planned by Divisions / Lack of inter-department coordination,0,0,204000,YES - 100% resolvable by AI Joint Bundling & Traffic Window Optimizer
HIST-LOG-2025-1075,2025-06-20,NDLS-DDU Golden Diagonal HDN-1,GZB-ALJN,UP_MAIN,Signalling & Telecom (SMMS),None / Manual Gang,360,0,0,360,0,DENIED_BY_OPERATING,Blocks not given by Operating Dept (Heavy Train Bunching),0,0,306000,YES - 100% resolvable by AI Joint Bundling & Traffic Window Optimizer
HIST-LOG-2025-1076,2025-10-29,NDLS-DDU Golden Diagonal HDN-1,ETW-CNB,DN_MAIN,Engineering (Civil/TMS),BCM_800 Ballast Cleaner,240,0,0,240,0,NOT_PLANNED_DIVISION,Blocks not planned by Divisions / Lack of inter-department coordination,0,0,204000,YES - 100% resolvable by AI Joint Bundling & Traffic Window Optimizer
HIST-LOG-2025-1077,2025-04-22,NDLS-DDU Golden Diagonal HDN-1,ETW-CNB,UP_MAIN,Engineering (Civil/TMS),BCM_800 Ballast Cleaner,120,120,117,12,0,GRANTED_AND_COMPLETED,Successfully completed on schedule,1,24,55200,N/A
HIST-LOG-2025-1078,2025-08-18,NDLS-DDU Golden Diagonal HDN-1,CNB-FTP,UP_MAIN,Engineering (Civil/TMS),CSM_09_32 Tamping Machine,180,0,0,180,0,DENIED_BY_OPERATING,Blocks not given by Operating Dept (Heavy Train Bunching),0,0,153000,YES - 100% resolvable by AI Joint Bundling & Traffic Window Optimizer
HIST-LOG-2025-1079,2025-05-10,NDLS-DDU Golden Diagonal HDN-1,PRYJ-MZP,DN_MAIN,Engineering (Civil/TMS),CSM_09_32 Tamping Machine,240,0,0,240,0,DENIED_BY_OPERATING,Blocks not given by Operating Dept (Heavy Train Bunching),0,0,204000,YES - 100% resolvable by AI Joint Bundling & Traffic Window Optimizer
HIST-LOG-2025-1080,2025-07-09,NDLS-DDU Golden Diagonal HDN-1,PRYJ-MZP,UP_MAIN,Engineering (Civil/TMS),None / Manual Gang,360,360,249,111,0,PARTIALLY_UTILIZED,Operational problems / Crew late / 33% machine idling,4,168,274350,YES - 100% resolvable by AI Joint Bundling & Traffic Window Optimizer
HIST-LOG-2025-1081,2025-11-21,NDLS-DDU Golden Diagonal HDN-1,CNB-FTP,DN_MAIN,Signalling & Telecom (SMMS),BCM_800 Ballast Cleaner,360,360,360,9,0,GRANTED_AND_COMPLETED,Successfully completed on schedule,1,18,52650,N/A
HIST-LOG-2025-1082,2025-05-18,NDLS-DDU Golden Diagonal HDN-1,CNB-FTP,DN_MAIN,Signalling & Telecom (SMMS),BCM_800 Ballast Cleaner,240,0,0,240,0,NOT_PLANNED_DIVISION,Blocks not planned by Divisions / Lack of inter-department coordination,0,0,204000,YES - 100% resolvable by AI Joint Bundling & Traffic Window Optimizer
HIST-LOG-2025-1083,2025-12-11,NDLS-DDU Golden Diagonal HDN-1,PRYJ-MZP,DN_MAIN,Signalling & Telecom (SMMS),OHE 8-Wheeler Tower Wagon,240,240,233,12,0,GRANTED_AND_COMPLETED,Successfully completed on schedule,0,0,10200,N/A
HIST-LOG-2025-1084,2025-11-15,NDLS-DDU Golden Diagonal HDN-1,FTP-PRYJ,UP_MAIN,Signalling & Telecom (SMMS),UNIMAT 08-4S Turnout Tamper,180,180,125,55,35,PARTIALLY_UTILIZED,Operational problems / Crew late / 33% machine idling,2,60,224250,YES - 100% resolvable by AI Joint Bundling & Traffic Window Optimizer
HIST-LOG-2025-1085,2025-07-16,NDLS-DDU Golden Diagonal HDN-1,ALJN-TDL,DN_MAIN,Signalling & Telecom (SMMS),OHE 8-Wheeler Tower Wagon,180,180,125,55,0,PARTIALLY_UTILIZED,Operational problems / Crew late / 33% machine idling,2,66,136750,YES - 100% resolvable by AI Joint Bundling & Traffic Window Optimizer
HIST-LOG-2025-1086,2025-12-09,NDLS-DDU Golden Diagonal HDN-1,ETW-CNB,UP_MAIN,Engineering (Civil/TMS),UNIMAT 08-4S Turnout Tamper,300,300,205,95,10,PARTIALLY_UTILIZED,Operational problems / Crew late / 33% machine idling,1,28,150750,YES - 100% resolvable by AI Joint Bundling & Traffic Window Optimizer
HIST-LOG-2025-1087,2026-03-19,NDLS-DDU Golden Diagonal HDN-1,CNB-FTP,DN_MAIN,Engineering (Civil/TMS),None / Manual Gang,120,0,0,120,0,NOT_PLANNED_DIVISION,Blocks not planned by Divisions / Lack of inter-department coordination,0,0,102000,YES - 100% resolvable by AI Joint Bundling & Traffic Window Optimizer
HIST-LOG-2025-1088,2026-02-28,NDLS-DDU Golden Diagonal HDN-1,PRYJ-MZP,UP_MAIN,Signalling & Telecom (SMMS),BCM_800 Ballast Cleaner,180,180,165,15,0,GRANTED_AND_COMPLETED,Successfully completed on schedule,1,25,57750,N/A
HIST-LOG-2025-1089,2026-03-25,NDLS-DDU Golden Diagonal HDN-1,MZP-DDU,DN_MAIN,Traction Distribution (TDMS),CSM_09_32 Tamping Machine,360,360,358,3,0,GRANTED_AND_COMPLETED,Successfully completed on schedule,1,27,47550,N/A
HIST-LOG-2025-1090,2025-11-11,NDLS-DDU Golden Diagonal HDN-1,TDL-ETW,UP_MAIN,Engineering (Civil/TMS),CSM_09_32 Tamping Machine,360,360,357,5,0,GRANTED_AND_COMPLETED,Successfully completed on schedule,0,0,4250,N/A
HIST-LOG-2025-1091,2025-04-05,NDLS-DDU Golden Diagonal HDN-1,PRYJ-MZP,DN_MAIN,Engineering (Civil/TMS),UNIMAT 08-4S Turnout Tamper,360,360,221,139,35,PARTIALLY_UTILIZED,Operational problems / Crew late / 33% machine idling,4,72,385650,YES - 100% resolvable by AI Joint Bundling & Traffic Window Optimizer
HIST-LOG-2025-1092,2025-06-12,NDLS-DDU Golden Diagonal HDN-1,PRYJ-MZP,DN_MAIN,Traction Distribution (TDMS),UNIMAT 08-4S Turnout Tamper,240,240,151,89,20,PARTIALLY_UTILIZED,Operational problems / Crew late / 33% machine idling,2,62,215650,YES - 100% resolvable by AI Joint Bundling & Traffic Window Optimizer
HIST-LOG-2025-1093,2025-11-28,NDLS-DDU Golden Diagonal HDN-1,ETW-CNB,DN_MAIN,Traction Distribution (TDMS),OHE 8-Wheeler Tower Wagon,360,0,0,360,0,NOT_PLANNED_DIVISION,Blocks not planned by Divisions / Lack of inter-department coordination,0,0,306000,YES - 100% resolvable by AI Joint Bundling & Traffic Window Optimizer
HIST-LOG-2025-1094,2025-10-31,NDLS-DDU Golden Diagonal HDN-1,FTP-PRYJ,UP_MAIN,Engineering (Civil/TMS),BCM_800 Ballast Cleaner,360,360,345,0,0,GRANTED_AND_COMPLETED,Successfully completed on schedule,1,19,45000,N/A
HIST-LOG-2025-1095,2026-01-01,NDLS-DDU Golden Diagonal HDN-1,MZP-DDU,UP_MAIN,Engineering (Civil/TMS),OHE 8-Wheeler Tower Wagon,240,240,234,6,0,GRANTED_AND_COMPLETED,Successfully completed on schedule,0,0,5100,N/A
HIST-LOG-2025-1096,2025-09-24,NDLS-DDU Golden Diagonal HDN-1,ALJN-TDL,UP_MAIN,Traction Distribution (TDMS),CSM_09_32 Tamping Machine,300,300,184,116,20,PARTIALLY_UTILIZED,Operational problems / Crew late / 33% machine idling,2,88,238600,YES - 100% resolvable by AI Joint Bundling & Traffic Window Optimizer
HIST-LOG-2025-1097,2025-08-09,NDLS-DDU Golden Diagonal HDN-1,ETW-CNB,DN_MAIN,Signalling & Telecom (SMMS),None / Manual Gang,300,300,201,99,20,PARTIALLY_UTILIZED,Operational problems / Crew late / 33% machine idling,4,128,314150,YES - 100% resolvable by AI Joint Bundling & Traffic Window Optimizer
HIST-LOG-2025-1098,2025-07-20,NDLS-DDU Golden Diagonal HDN-1,ETW-CNB,UP_MAIN,Traction Distribution (TDMS),UNIMAT 08-4S Turnout Tamper,180,0,0,180,0,DENIED_BY_OPERATING,Blocks not given by Operating Dept (Heavy Train Bunching),0,0,153000,YES - 100% resolvable by AI Joint Bundling & Traffic Window Optimizer
HIST-LOG-2025-1099,2026-01-20,NDLS-DDU Golden Diagonal HDN-1,CNB-FTP,UP_MAIN,Engineering (Civil/TMS),None / Manual Gang,360,360,239,121,35,PARTIALLY_UTILIZED,Operational problems / Crew late / 33% machine idling,3,102,325350,YES - 100% resolvable by AI Joint Bundling & Traffic Window Optimizer
HIST-LOG-2025-1100,2025-07-28,NDLS-DDU Golden Diagonal HDN-1,CNB-FTP,DN_MAIN,Engineering (Civil/TMS),BCM_800 Ballast Cleaner,180,0,0,180,0,DENIED_BY_OPERATING,Blocks not given by Operating Dept (Heavy Train Bunching),0,0,153000,YES - 100% resolvable by AI Joint Bundling & Traffic Window Optimizer
HIST-LOG-2025-1101,2025-09-13,NDLS-DDU Golden Diagonal HDN-1,TDL-ETW,UP_MAIN,Engineering (Civil/TMS),CSM_09_32 Tamping Machine,300,0,0,300,0,DENIED_BY_OPERATING,Blocks not given by Operating Dept (Heavy Train Bunching),0,0,255000,YES - 100% resolvable by AI Joint Bundling & Traffic Window Optimizer
HIST-LOG-2025-1102,2026-03-07,NDLS-DDU Golden Diagonal HDN-1,GZB-ALJN,UP_MAIN,Traction Distribution (TDMS),OHE 8-Wheeler Tower Wagon,300,0,0,300,0,NOT_PLANNED_DIVISION,Blocks not planned by Divisions / Lack of inter-department coordination,0,0,255000,YES - 100% resolvable by AI Joint Bundling & Traffic Window Optimizer
HIST-LOG-2025-1103,2025-10-11,NDLS-DDU Golden Diagonal HDN-1,CNB-FTP,UP_MAIN,Engineering (Civil/TMS),OHE 8-Wheeler Tower Wagon,360,0,0,360,0,NOT_PLANNED_DIVISION,Blocks not planned by Divisions / Lack of inter-department coordination,0,0,306000,YES - 100% resolvable by AI Joint Bundling & Traffic Window Optimizer
HIST-LOG-2025-1104,2025-12-28,NDLS-DDU Golden Diagonal HDN-1,MZP-DDU,DN_MAIN,Signalling & Telecom (SMMS),CSM_09_32 Tamping Machine,360,0,0,360,0,NOT_PLANNED_DIVISION,Blocks not planned by Divisions / Lack of inter-department coordination,0,0,306000,YES - 100% resolvable by AI Joint Bundling & Traffic Window Optimizer
HIST-LOG-2025-1105,2025-12-07,NDLS-DDU Golden Diagonal HDN-1,ETW-CNB,UP_MAIN,Traction Distribution (TDMS),UNIMAT 08-4S Turnout Tamper,240,240,236,13,0,GRANTED_AND_COMPLETED,Successfully completed on schedule,1,36,56050,N/A
HIST-LOG-2025-1106,2025-04-13,NDLS-DDU Golden Diagonal HDN-1,ALJN-TDL,DN_MAIN,Traction Distribution (TDMS),UNIMAT 08-4S Turnout Tamper,240,0,0,240,0,DENIED_BY_OPERATING,Blocks not given by Operating Dept (Heavy Train Bunching),0,0,204000,YES - 100% resolvable by AI Joint Bundling & Traffic Window Optimizer
HIST-LOG-2025-1107,2026-02-10,NDLS-DDU Golden Diagonal HDN-1,MZP-DDU,DN_MAIN,Traction Distribution (TDMS),None / Manual Gang,300,0,0,300,0,DENIED_BY_OPERATING,Blocks not given by Operating Dept (Heavy Train Bunching),0,0,255000,YES - 100% resolvable by AI Joint Bundling & Traffic Window Optimizer
HIST-LOG-2025-1108,2025-10-02,NDLS-DDU Golden Diagonal HDN-1,ETW-CNB,DN_MAIN,Signalling & Telecom (SMMS),None / Manual Gang,180,180,180,6,0,GRANTED_AND_COMPLETED,Successfully completed on schedule,1,21,50100,N/A
HIST-LOG-2025-1109,2025-08-08,NDLS-DDU Golden Diagonal HDN-1,GZB-ALJN,DN_MAIN,Signalling & Telecom (SMMS),None / Manual Gang,120,0,0,120,0,NOT_PLANNED_DIVISION,Blocks not planned by Divisions / Lack of inter-department coordination,0,0,102000,YES - 100% resolvable by AI Joint Bundling & Traffic Window Optimizer
HIST-LOG-2025-1110,2025-12-02,NDLS-DDU Golden Diagonal HDN-1,GZB-ALJN,DN_MAIN,Engineering (Civil/TMS),OHE 8-Wheeler Tower Wagon,240,0,0,240,0,CANCELLED_STAFF,Staff / Machine operator not available,0,0,204000,YES - 100% resolvable by AI Joint Bundling & Traffic Window Optimizer
HIST-LOG-2025-1111,2025-12-08,NDLS-DDU Golden Diagonal HDN-1,CNB-FTP,DN_MAIN,Traction Distribution (TDMS),BCM_800 Ballast Cleaner,120,120,81,39,35,PARTIALLY_UTILIZED,Operational problems / Crew late / 33% machine idling,4,120,300650,YES - 100% resolvable by AI Joint Bundling & Traffic Window Optimizer
HIST-LOG-2025-1112,2025-06-07,NDLS-DDU Golden Diagonal HDN-1,ALJN-TDL,UP_MAIN,Signalling & Telecom (SMMS),CSM_09_32 Tamping Machine,120,120,82,38,10,PARTIALLY_UTILIZED,Operational problems / Crew late / 33% machine idling,2,56,147300,YES - 100% resolvable by AI Joint Bundling & Traffic Window Optimizer
HIST-LOG-2025-1113,2025-05-20,NDLS-DDU Golden Diagonal HDN-1,ALJN-TDL,UP_MAIN,Signalling & Telecom (SMMS),None / Manual Gang,120,0,0,120,0,NOT_PLANNED_DIVISION,Blocks not planned by Divisions / Lack of inter-department coordination,0,0,102000,YES - 100% resolvable by AI Joint Bundling & Traffic Window Optimizer
HIST-LOG-2025-1114,2026-03-07,NDLS-DDU Golden Diagonal HDN-1,ETW-CNB,UP_MAIN,Signalling & Telecom (SMMS),OHE 8-Wheeler Tower Wagon,240,240,235,11,0,GRANTED_AND_COMPLETED,Successfully completed on schedule,0,0,9350,N/A
HIST-LOG-2025-1115,2025-08-15,NDLS-DDU Golden Diagonal HDN-1,GZB-ALJN,UP_MAIN,Engineering (Civil/TMS),CSM_09_32 Tamping Machine,360,0,0,360,0,DENIED_BY_OPERATING,Blocks not given by Operating Dept (Heavy Train Bunching),0,0,306000,YES - 100% resolvable by AI Joint Bundling & Traffic Window Optimizer
HIST-LOG-2025-1116,2026-03-19,NDLS-DDU Golden Diagonal HDN-1,MZP-DDU,UP_MAIN,Signalling & Telecom (SMMS),None / Manual Gang,360,0,0,360,0,DENIED_BY_OPERATING,Blocks not given by Operating Dept (Heavy Train Bunching),0,0,306000,YES - 100% resolvable by AI Joint Bundling & Traffic Window Optimizer
HIST-LOG-2025-1117,2026-01-16,NDLS-DDU Golden Diagonal HDN-1,TDL-ETW,UP_MAIN,Signalling & Telecom (SMMS),CSM_09_32 Tamping Machine,240,240,152,88,20,PARTIALLY_UTILIZED,Operational problems / Crew late / 33% machine idling,4,132,304800,YES - 100% resolvable by AI Joint Bundling & Traffic Window Optimizer
HIST-LOG-2025-1118,2025-05-15,NDLS-DDU Golden Diagonal HDN-1,MZP-DDU,UP_MAIN,Engineering (Civil/TMS),BCM_800 Ballast Cleaner,120,0,0,120,0,DENIED_BY_OPERATING,Blocks not given by Operating Dept (Heavy Train Bunching),0,0,102000,YES - 100% resolvable by AI Joint Bundling & Traffic Window Optimizer
HIST-LOG-2025-1119,2025-10-09,NDLS-DDU Golden Diagonal HDN-1,GZB-ALJN,UP_MAIN,Engineering (Civil/TMS),OHE 8-Wheeler Tower Wagon,180,0,0,180,0,CANCELLED_STAFF,Staff / Machine operator not available,0,0,153000,YES - 100% resolvable by AI Joint Bundling & Traffic Window Optimizer
HIST-LOG-2025-1120,2025-10-12,NDLS-DDU Golden Diagonal HDN-1,ETW-CNB,DN_MAIN,Traction Distribution (TDMS),UNIMAT 08-4S Turnout Tamper,180,180,176,9,0,GRANTED_AND_COMPLETED,Successfully completed on schedule,0,0,7650,N/A
HIST-LOG-2025-1121,2025-07-25,NDLS-DDU Golden Diagonal HDN-1,CNB-FTP,UP_MAIN,Traction Distribution (TDMS),BCM_800 Ballast Cleaner,240,0,0,240,0,NOT_PLANNED_DIVISION,Blocks not planned by Divisions / Lack of inter-department coordination,0,0,204000,YES - 100% resolvable by AI Joint Bundling & Traffic Window Optimizer
HIST-LOG-2025-1122,2025-12-07,NDLS-DDU Golden Diagonal HDN-1,ETW-CNB,UP_MAIN,Signalling & Telecom (SMMS),UNIMAT 08-4S Turnout Tamper,240,240,226,8,0,GRANTED_AND_COMPLETED,Successfully completed on schedule,0,0,6800,N/A
HIST-LOG-2025-1123,2026-02-18,NDLS-DDU Golden Diagonal HDN-1,FTP-PRYJ,DN_MAIN,Traction Distribution (TDMS),BCM_800 Ballast Cleaner,360,0,0,360,0,NOT_PLANNED_DIVISION,Blocks not planned by Divisions / Lack of inter-department coordination,0,0,306000,YES - 100% resolvable by AI Joint Bundling & Traffic Window Optimizer
HIST-LOG-2025-1124,2026-03-26,NDLS-DDU Golden Diagonal HDN-1,PRYJ-MZP,UP_MAIN,Traction Distribution (TDMS),OHE 8-Wheeler Tower Wagon,360,0,0,360,0,DENIED_BY_OPERATING,Blocks not given by Operating Dept (Heavy Train Bunching),0,0,306000,YES - 100% resolvable by AI Joint Bundling & Traffic Window Optimizer
HIST-LOG-2025-1125,2025-12-19,NDLS-DDU Golden Diagonal HDN-1,CNB-FTP,UP_MAIN,Signalling & Telecom (SMMS),BCM_800 Ballast Cleaner,360,360,245,115,20,PARTIALLY_UTILIZED,Operational problems / Crew late / 33% machine idling,1,23,192750,YES - 100% resolvable by AI Joint Bundling & Traffic Window Optimizer
HIST-LOG-2025-1126,2025-12-21,NDLS-DDU Golden Diagonal HDN-1,ETW-CNB,DN_MAIN,Signalling & Telecom (SMMS),BCM_800 Ballast Cleaner,120,0,0,120,0,DENIED_BY_OPERATING,Blocks not given by Operating Dept (Heavy Train Bunching),0,0,102000,YES - 100% resolvable by AI Joint Bundling & Traffic Window Optimizer
HIST-LOG-2025-1127,2026-01-14,NDLS-DDU Golden Diagonal HDN-1,TDL-ETW,DN_MAIN,Traction Distribution (TDMS),OHE 8-Wheeler Tower Wagon,240,0,0,240,0,NOT_PLANNED_DIVISION,Blocks not planned by Divisions / Lack of inter-department coordination,0,0,204000,YES - 100% resolvable by AI Joint Bundling & Traffic Window Optimizer
HIST-LOG-2025-1128,2025-11-02,NDLS-DDU Golden Diagonal HDN-1,GZB-ALJN,DN_MAIN,Traction Distribution (TDMS),OHE 8-Wheeler Tower Wagon,120,120,76,44,0,PARTIALLY_UTILIZED,Operational problems / Crew late / 33% machine idling,2,50,127400,YES - 100% resolvable by AI Joint Bundling & Traffic Window Optimizer
HIST-LOG-2025-1129,2025-06-23,NDLS-DDU Golden Diagonal HDN-1,FTP-PRYJ,UP_MAIN,Engineering (Civil/TMS),OHE 8-Wheeler Tower Wagon,240,0,0,240,0,NOT_PLANNED_DIVISION,Blocks not planned by Divisions / Lack of inter-department coordination,0,0,204000,YES - 100% resolvable by AI Joint Bundling & Traffic Window Optimizer
HIST-LOG-2025-1130,2026-01-29,NDLS-DDU Golden Diagonal HDN-1,TDL-ETW,UP_MAIN,Signalling & Telecom (SMMS),None / Manual Gang,360,0,0,360,0,NOT_PLANNED_DIVISION,Blocks not planned by Divisions / Lack of inter-department coordination,0,0,306000,YES - 100% resolvable by AI Joint Bundling & Traffic Window Optimizer
HIST-LOG-2025-1131,2025-10-09,NDLS-DDU Golden Diagonal HDN-1,PRYJ-MZP,DN_MAIN,Signalling & Telecom (SMMS),None / Manual Gang,180,0,0,180,0,NOT_PLANNED_DIVISION,Blocks not planned by Divisions / Lack of inter-department coordination,0,0,153000,YES - 100% resolvable by AI Joint Bundling & Traffic Window Optimizer
HIST-LOG-2025-1132,2025-12-16,NDLS-DDU Golden Diagonal HDN-1,MZP-DDU,DN_MAIN,Signalling & Telecom (SMMS),CSM_09_32 Tamping Machine,120,0,0,120,0,DENIED_BY_OPERATING,Blocks not given by Operating Dept (Heavy Train Bunching),0,0,102000,YES - 100% resolvable by AI Joint Bundling & Traffic Window Optimizer
HIST-LOG-2025-1133,2026-01-31,NDLS-DDU Golden Diagonal HDN-1,PRYJ-MZP,DN_MAIN,Traction Distribution (TDMS),None / Manual Gang,300,300,180,120,10,PARTIALLY_UTILIZED,Operational problems / Crew late / 33% machine idling,3,63,262000,YES - 100% resolvable by AI Joint Bundling & Traffic Window Optimizer
HIST-LOG-2025-1134,2025-05-17,NDLS-DDU Golden Diagonal HDN-1,TDL-ETW,UP_MAIN,Traction Distribution (TDMS),UNIMAT 08-4S Turnout Tamper,240,0,0,240,0,DENIED_BY_OPERATING,Blocks not given by Operating Dept (Heavy Train Bunching),0,0,204000,YES - 100% resolvable by AI Joint Bundling & Traffic Window Optimizer
HIST-LOG-2025-1135,2025-11-22,NDLS-DDU Golden Diagonal HDN-1,TDL-ETW,DN_MAIN,Signalling & Telecom (SMMS),CSM_09_32 Tamping Machine,300,0,0,300,0,DENIED_BY_OPERATING,Blocks not given by Operating Dept (Heavy Train Bunching),0,0,255000,YES - 100% resolvable by AI Joint Bundling & Traffic Window Optimizer
HIST-LOG-2025-1136,2025-05-12,NDLS-DDU Golden Diagonal HDN-1,TDL-ETW,UP_MAIN,Engineering (Civil/TMS),BCM_800 Ballast Cleaner,240,0,0,240,0,NOT_PLANNED_DIVISION,Blocks not planned by Divisions / Lack of inter-department coordination,0,0,204000,YES - 100% resolvable by AI Joint Bundling & Traffic Window Optimizer
HIST-LOG-2025-1137,2026-03-17,NDLS-DDU Golden Diagonal HDN-1,ETW-CNB,DN_MAIN,Engineering (Civil/TMS),None / Manual Gang,180,0,0,180,0,DENIED_BY_OPERATING,Blocks not given by Operating Dept (Heavy Train Bunching),0,0,153000,YES - 100% resolvable by AI Joint Bundling & Traffic Window Optimizer
HIST-LOG-2025-1138,2025-05-22,NDLS-DDU Golden Diagonal HDN-1,FTP-PRYJ,UP_MAIN,Signalling & Telecom (SMMS),OHE 8-Wheeler Tower Wagon,180,0,0,180,0,NOT_PLANNED_DIVISION,Blocks not planned by Divisions / Lack of inter-department coordination,0,0,153000,YES - 100% resolvable by AI Joint Bundling & Traffic Window Optimizer
HIST-LOG-2025-1139,2025-08-03,NDLS-DDU Golden Diagonal HDN-1,PRYJ-MZP,UP_MAIN,Signalling & Telecom (SMMS),CSM_09_32 Tamping Machine,300,0,0,300,0,NOT_PLANNED_DIVISION,Blocks not planned by Divisions / Lack of inter-department coordination,0,0,255000,YES - 100% resolvable by AI Joint Bundling & Traffic Window Optimizer
HIST-LOG-2025-1140,2026-01-31,NDLS-DDU Golden Diagonal HDN-1,TDL-ETW,DN_MAIN,Engineering (Civil/TMS),OHE 8-Wheeler Tower Wagon,300,300,290,9,0,GRANTED_AND_COMPLETED,Successfully completed on schedule,1,32,52650,N/A
HIST-LOG-2025-1141,2025-07-23,NDLS-DDU Golden Diagonal HDN-1,ALJN-TDL,DN_MAIN,Signalling & Telecom (SMMS),None / Manual Gang,360,0,0,360,0,DENIED_BY_OPERATING,Blocks not given by Operating Dept (Heavy Train Bunching),0,0,306000,YES - 100% resolvable by AI Joint Bundling & Traffic Window Optimizer
HIST-LOG-2025-1142,2026-02-25,NDLS-DDU Golden Diagonal HDN-1,ETW-CNB,DN_MAIN,Signalling & Telecom (SMMS),BCM_800 Ballast Cleaner,240,240,163,77,35,PARTIALLY_UTILIZED,Operational problems / Crew late / 33% machine idling,1,19,197950,YES - 100% resolvable by AI Joint Bundling & Traffic Window Optimizer
HIST-LOG-2025-1143,2025-11-09,NDLS-DDU Golden Diagonal HDN-1,MZP-DDU,UP_MAIN,Engineering (Civil/TMS),CSM_09_32 Tamping Machine,180,0,0,180,0,NOT_PLANNED_DIVISION,Blocks not planned by Divisions / Lack of inter-department coordination,0,0,153000,YES - 100% resolvable by AI Joint Bundling & Traffic Window Optimizer
HIST-LOG-2025-1144,2025-09-07,NDLS-DDU Golden Diagonal HDN-1,PRYJ-MZP,UP_MAIN,Signalling & Telecom (SMMS),OHE 8-Wheeler Tower Wagon,180,0,0,180,0,NOT_PLANNED_DIVISION,Blocks not planned by Divisions / Lack of inter-department coordination,0,0,153000,YES - 100% resolvable by AI Joint Bundling & Traffic Window Optimizer
HIST-LOG-2025-1145,2025-06-23,NDLS-DDU Golden Diagonal HDN-1,MZP-DDU,UP_MAIN,Signalling & Telecom (SMMS),OHE 8-Wheeler Tower Wagon,300,0,0,300,0,DENIED_BY_OPERATING,Blocks not given by Operating Dept (Heavy Train Bunching),0,0,255000,YES - 100% resolvable by AI Joint Bundling & Traffic Window Optimizer
HIST-LOG-2025-1146,2025-05-22,NDLS-DDU Golden Diagonal HDN-1,ALJN-TDL,DN_MAIN,Engineering (Civil/TMS),OHE 8-Wheeler Tower Wagon,240,0,0,240,0,NO_SCOPE,No scope of work / Site not prepared,0,0,204000,YES - 100% resolvable by AI Joint Bundling & Traffic Window Optimizer
HIST-LOG-2025-1147,2025-12-05,NDLS-DDU Golden Diagonal HDN-1,GZB-ALJN,UP_MAIN,Signalling & Telecom (SMMS),OHE 8-Wheeler Tower Wagon,180,180,117,63,35,PARTIALLY_UTILIZED,Operational problems / Crew late / 33% machine idling,1,28,186050,YES - 100% resolvable by AI Joint Bundling & Traffic Window Optimizer
HIST-LOG-2025-1148,2025-11-29,NDLS-DDU Golden Diagonal HDN-1,GZB-ALJN,DN_MAIN,Signalling & Telecom (SMMS),UNIMAT 08-4S Turnout Tamper,240,240,237,14,0,GRANTED_AND_COMPLETED,Successfully completed on schedule,1,42,56900,N/A
HIST-LOG-2025-1149,2025-04-04,NDLS-DDU Golden Diagonal HDN-1,FTP-PRYJ,UP_MAIN,Engineering (Civil/TMS),UNIMAT 08-4S Turnout Tamper,300,300,202,98,0,PARTIALLY_UTILIZED,Operational problems / Crew late / 33% machine idling,2,90,173300,YES - 100% resolvable by AI Joint Bundling & Traffic Window Optimizer
HIST-LOG-2025-1150,2025-11-24,NDLS-DDU Golden Diagonal HDN-1,CNB-FTP,UP_MAIN,Traction Distribution (TDMS),UNIMAT 08-4S Turnout Tamper,360,360,346,13,0,GRANTED_AND_COMPLETED,Successfully completed on schedule,0,0,11050,N/A
HIST-LOG-2025-1151,2026-02-01,NDLS-DDU Golden Diagonal HDN-1,ALJN-TDL,DN_MAIN,Signalling & Telecom (SMMS),UNIMAT 08-4S Turnout Tamper,240,0,0,240,0,DENIED_BY_OPERATING,Blocks not given by Operating Dept (Heavy Train Bunching),0,0,204000,YES - 100% resolvable by AI Joint Bundling & Traffic Window Optimizer
HIST-LOG-2025-1152,2025-08-29,NDLS-DDU Golden Diagonal HDN-1,PRYJ-MZP,DN_MAIN,Traction Distribution (TDMS),UNIMAT 08-4S Turnout Tamper,240,240,240,8,0,GRANTED_AND_COMPLETED,Successfully completed on schedule,0,0,6800,N/A
HIST-LOG-2025-1153,2025-04-19,NDLS-DDU Golden Diagonal HDN-1,GZB-ALJN,DN_MAIN,Signalling & Telecom (SMMS),None / Manual Gang,240,0,0,240,0,CANCELLED_STAFF,Staff / Machine operator not available,0,0,204000,YES - 100% resolvable by AI Joint Bundling & Traffic Window Optimizer
HIST-LOG-2025-1154,2025-06-29,NDLS-DDU Golden Diagonal HDN-1,FTP-PRYJ,UP_MAIN,Traction Distribution (TDMS),CSM_09_32 Tamping Machine,300,0,0,300,0,DENIED_BY_OPERATING,Blocks not given by Operating Dept (Heavy Train Bunching),0,0,255000,YES - 100% resolvable by AI Joint Bundling & Traffic Window Optimizer
HIST-LOG-2025-1155,2025-12-09,NDLS-DDU Golden Diagonal HDN-1,ALJN-TDL,UP_MAIN,Traction Distribution (TDMS),OHE 8-Wheeler Tower Wagon,180,0,0,180,0,CANCELLED_STAFF,Staff / Machine operator not available,0,0,153000,YES - 100% resolvable by AI Joint Bundling & Traffic Window Optimizer
HIST-LOG-2025-1156,2025-12-25,NDLS-DDU Golden Diagonal HDN-1,CNB-FTP,DN_MAIN,Signalling & Telecom (SMMS),None / Manual Gang,360,0,0,360,0,DENIED_BY_OPERATING,Blocks not given by Operating Dept (Heavy Train Bunching),0,0,306000,YES - 100% resolvable by AI Joint Bundling & Traffic Window Optimizer
HIST-LOG-2025-1157,2025-06-15,NDLS-DDU Golden Diagonal HDN-1,GZB-ALJN,UP_MAIN,Signalling & Telecom (SMMS),None / Manual Gang,240,0,0,240,0,DENIED_BY_OPERATING,Blocks not given by Operating Dept (Heavy Train Bunching),0,0,204000,YES - 100% resolvable by AI Joint Bundling & Traffic Window Optimizer
HIST-LOG-2025-1158,2026-02-21,NDLS-DDU Golden Diagonal HDN-1,ALJN-TDL,DN_MAIN,Traction Distribution (TDMS),UNIMAT 08-4S Turnout Tamper,120,0,0,120,0,NOT_PLANNED_DIVISION,Blocks not planned by Divisions / Lack of inter-department coordination,0,0,102000,YES - 100% resolvable by AI Joint Bundling & Traffic Window Optimizer
HIST-LOG-2025-1159,2025-07-08,NDLS-DDU Golden Diagonal HDN-1,PRYJ-MZP,UP_MAIN,Engineering (Civil/TMS),None / Manual Gang,240,240,238,13,0,GRANTED_AND_COMPLETED,Successfully completed on schedule,0,0,11050,N/A
HIST-LOG-2025-1160,2026-01-19,NDLS-DDU Golden Diagonal HDN-1,CNB-FTP,UP_MAIN,Traction Distribution (TDMS),OHE 8-Wheeler Tower Wagon,120,0,0,120,0,NOT_PLANNED_DIVISION,Blocks not planned by Divisions / Lack of inter-department coordination,0,0,102000,YES - 100% resolvable by AI Joint Bundling & Traffic Window Optimizer
HIST-LOG-2025-1161,2025-12-13,NDLS-DDU Golden Diagonal HDN-1,PRYJ-MZP,DN_MAIN,Traction Distribution (TDMS),CSM_09_32 Tamping Machine,180,0,0,180,0,NOT_PLANNED_DIVISION,Blocks not planned by Divisions / Lack of inter-department coordination,0,0,153000,YES - 100% resolvable by AI Joint Bundling & Traffic Window Optimizer
HIST-LOG-2025-1162,2025-04-03,NDLS-DDU Golden Diagonal HDN-1,PRYJ-MZP,UP_MAIN,Traction Distribution (TDMS),OHE 8-Wheeler Tower Wagon,240,0,0,240,0,NOT_PLANNED_DIVISION,Blocks not planned by Divisions / Lack of inter-department coordination,0,0,204000,YES - 100% resolvable by AI Joint Bundling & Traffic Window Optimizer
HIST-LOG-2025-1163,2025-08-15,NDLS-DDU Golden Diagonal HDN-1,GZB-ALJN,DN_MAIN,Traction Distribution (TDMS),OHE 8-Wheeler Tower Wagon,180,0,0,180,0,NOT_PLANNED_DIVISION,Blocks not planned by Divisions / Lack of inter-department coordination,0,0,153000,YES - 100% resolvable by AI Joint Bundling & Traffic Window Optimizer
HIST-LOG-2025-1164,2025-09-14,NDLS-DDU Golden Diagonal HDN-1,FTP-PRYJ,UP_MAIN,Engineering (Civil/TMS),BCM_800 Ballast Cleaner,180,0,0,180,0,DENIED_BY_OPERATING,Blocks not given by Operating Dept (Heavy Train Bunching),0,0,153000,YES - 100% resolvable by AI Joint Bundling & Traffic Window Optimizer
HIST-LOG-2025-1165,2026-01-30,NDLS-DDU Golden Diagonal HDN-1,CNB-FTP,DN_MAIN,Traction Distribution (TDMS),UNIMAT 08-4S Turnout Tamper,300,0,0,300,0,CANCELLED_STAFF,Staff / Machine operator not available,0,0,255000,YES - 100% resolvable by AI Joint Bundling & Traffic Window Optimizer
HIST-LOG-2025-1166,2025-09-22,NDLS-DDU Golden Diagonal HDN-1,PRYJ-MZP,DN_MAIN,Traction Distribution (TDMS),UNIMAT 08-4S Turnout Tamper,120,0,0,120,0,NOT_PLANNED_DIVISION,Blocks not planned by Divisions / Lack of inter-department coordination,0,0,102000,YES - 100% resolvable by AI Joint Bundling & Traffic Window Optimizer
HIST-LOG-2025-1167,2025-12-29,NDLS-DDU Golden Diagonal HDN-1,MZP-DDU,UP_MAIN,Signalling & Telecom (SMMS),BCM_800 Ballast Cleaner,300,0,0,300,0,DENIED_BY_OPERATING,Blocks not given by Operating Dept (Heavy Train Bunching),0,0,255000,YES - 100% resolvable by AI Joint Bundling & Traffic Window Optimizer
HIST-LOG-2025-1168,2026-01-18,NDLS-DDU Golden Diagonal HDN-1,PRYJ-MZP,DN_MAIN,Signalling & Telecom (SMMS),CSM_09_32 Tamping Machine,120,0,0,120,0,CANCELLED_STAFF,Staff / Machine operator not available,0,0,102000,YES - 100% resolvable by AI Joint Bundling & Traffic Window Optimizer
HIST-LOG-2025-1169,2025-09-09,NDLS-DDU Golden Diagonal HDN-1,MZP-DDU,DN_MAIN,Engineering (Civil/TMS),OHE 8-Wheeler Tower Wagon,180,180,169,9,0,GRANTED_AND_COMPLETED,Successfully completed on schedule,1,36,52650,N/A
HIST-LOG-2025-1170,2025-10-30,NDLS-DDU Golden Diagonal HDN-1,MZP-DDU,UP_MAIN,Engineering (Civil/TMS),CSM_09_32 Tamping Machine,360,360,222,138,20,PARTIALLY_UTILIZED,Operational problems / Crew late / 33% machine idling,4,156,347300,YES - 100% resolvable by AI Joint Bundling & Traffic Window Optimizer
HIST-LOG-2025-1171,2025-10-20,NDLS-DDU Golden Diagonal HDN-1,CNB-FTP,DN_MAIN,Engineering (Civil/TMS),BCM_800 Ballast Cleaner,300,300,183,117,0,PARTIALLY_UTILIZED,Operational problems / Crew late / 33% machine idling,1,21,144450,YES - 100% resolvable by AI Joint Bundling & Traffic Window Optimizer
HIST-LOG-2025-1172,2025-07-21,NDLS-DDU Golden Diagonal HDN-1,ALJN-TDL,DN_MAIN,Engineering (Civil/TMS),OHE 8-Wheeler Tower Wagon,180,180,168,13,0,GRANTED_AND_COMPLETED,Successfully completed on schedule,1,43,56050,N/A
HIST-LOG-2025-1173,2026-03-18,NDLS-DDU Golden Diagonal HDN-1,CNB-FTP,DN_MAIN,Signalling & Telecom (SMMS),UNIMAT 08-4S Turnout Tamper,120,0,0,120,0,CANCELLED_STAFF,Staff / Machine operator not available,0,0,102000,YES - 100% resolvable by AI Joint Bundling & Traffic Window Optimizer
HIST-LOG-2025-1174,2025-06-20,NDLS-DDU Golden Diagonal HDN-1,PRYJ-MZP,UP_MAIN,Signalling & Telecom (SMMS),BCM_800 Ballast Cleaner,300,300,286,9,0,GRANTED_AND_COMPLETED,Successfully completed on schedule,1,27,52650,N/A
HIST-LOG-2025-1175,2025-10-14,NDLS-DDU Golden Diagonal HDN-1,CNB-FTP,UP_MAIN,Traction Distribution (TDMS),None / Manual Gang,240,240,226,5,0,GRANTED_AND_COMPLETED,Successfully completed on schedule,0,0,4250,N/A
HIST-LOG-2025-1176,2025-04-15,NDLS-DDU Golden Diagonal HDN-1,PRYJ-MZP,DN_MAIN,Signalling & Telecom (SMMS),None / Manual Gang,180,0,0,180,0,CANCELLED_STAFF,Staff / Machine operator not available,0,0,153000,YES - 100% resolvable by AI Joint Bundling & Traffic Window Optimizer
HIST-LOG-2025-1177,2026-02-07,NDLS-DDU Golden Diagonal HDN-1,TDL-ETW,UP_MAIN,Traction Distribution (TDMS),BCM_800 Ballast Cleaner,360,360,347,0,0,GRANTED_AND_COMPLETED,Successfully completed on schedule,1,20,45000,N/A
HIST-LOG-2025-1178,2025-11-21,NDLS-DDU Golden Diagonal HDN-1,MZP-DDU,UP_MAIN,Signalling & Telecom (SMMS),UNIMAT 08-4S Turnout Tamper,120,120,108,6,0,GRANTED_AND_COMPLETED,Successfully completed on schedule,0,0,5100,N/A
HIST-LOG-2025-1179,2025-06-07,NDLS-DDU Golden Diagonal HDN-1,ETW-CNB,UP_MAIN,Signalling & Telecom (SMMS),UNIMAT 08-4S Turnout Tamper,180,0,0,180,0,NOT_PLANNED_DIVISION,Blocks not planned by Divisions / Lack of inter-department coordination,0,0,153000,YES - 100% resolvable by AI Joint Bundling & Traffic Window Optimizer
HIST-LOG-2025-1180,2025-08-04,NDLS-DDU Golden Diagonal HDN-1,GZB-ALJN,UP_MAIN,Traction Distribution (TDMS),None / Manual Gang,300,0,0,300,0,NOT_PLANNED_DIVISION,Blocks not planned by Divisions / Lack of inter-department coordination,0,0,255000,YES - 100% resolvable by AI Joint Bundling & Traffic Window Optimizer
HIST-LOG-2025-1181,2025-05-27,NDLS-DDU Golden Diagonal HDN-1,ETW-CNB,UP_MAIN,Signalling & Telecom (SMMS),None / Manual Gang,360,0,0,360,0,CANCELLED_STAFF,Staff / Machine operator not available,0,0,306000,YES - 100% resolvable by AI Joint Bundling & Traffic Window Optimizer
HIST-LOG-2025-1182,2026-03-16,NDLS-DDU Golden Diagonal HDN-1,FTP-PRYJ,UP_MAIN,Engineering (Civil/TMS),OHE 8-Wheeler Tower Wagon,300,300,298,0,0,GRANTED_AND_COMPLETED,Successfully completed on schedule,0,0,0,N/A
HIST-LOG-2025-1183,2026-01-01,NDLS-DDU Golden Diagonal HDN-1,MZP-DDU,DN_MAIN,Engineering (Civil/TMS),CSM_09_32 Tamping Machine,300,0,0,300,0,NOT_PLANNED_DIVISION,Blocks not planned by Divisions / Lack of inter-department coordination,0,0,255000,YES - 100% resolvable by AI Joint Bundling & Traffic Window Optimizer
HIST-LOG-2025-1184,2025-10-21,NDLS-DDU Golden Diagonal HDN-1,GZB-ALJN,DN_MAIN,Signalling & Telecom (SMMS),CSM_09_32 Tamping Machine,120,0,0,120,0,NOT_PLANNED_DIVISION,Blocks not planned by Divisions / Lack of inter-department coordination,0,0,102000,YES - 100% resolvable by AI Joint Bundling & Traffic Window Optimizer
HIST-LOG-2025-1185,2025-06-14,NDLS-DDU Golden Diagonal HDN-1,PRYJ-MZP,DN_MAIN,Signalling & Telecom (SMMS),UNIMAT 08-4S Turnout Tamper,120,0,0,120,0,DENIED_BY_OPERATING,Blocks not given by Operating Dept (Heavy Train Bunching),0,0,102000,YES - 100% resolvable by AI Joint Bundling & Traffic Window Optimizer
HIST-LOG-2025-1186,2025-09-21,NDLS-DDU Golden Diagonal HDN-1,ALJN-TDL,UP_MAIN,Signalling & Telecom (SMMS),BCM_800 Ballast Cleaner,300,0,0,300,0,CANCELLED_STAFF,Staff / Machine operator not available,0,0,255000,YES - 100% resolvable by AI Joint Bundling & Traffic Window Optimizer
HIST-LOG-2025-1187,2025-09-16,NDLS-DDU Golden Diagonal HDN-1,ETW-CNB,DN_MAIN,Engineering (Civil/TMS),CSM_09_32 Tamping Machine,240,0,0,240,0,DENIED_BY_OPERATING,Blocks not given by Operating Dept (Heavy Train Bunching),0,0,204000,YES - 100% resolvable by AI Joint Bundling & Traffic Window Optimizer
HIST-LOG-2025-1188,2026-03-19,NDLS-DDU Golden Diagonal HDN-1,MZP-DDU,UP_MAIN,Signalling & Telecom (SMMS),OHE 8-Wheeler Tower Wagon,240,0,0,240,0,NOT_PLANNED_DIVISION,Blocks not planned by Divisions / Lack of inter-department coordination,0,0,204000,YES - 100% resolvable by AI Joint Bundling & Traffic Window Optimizer
HIST-LOG-2025-1189,2025-12-24,NDLS-DDU Golden Diagonal HDN-1,MZP-DDU,DN_MAIN,Traction Distribution (TDMS),UNIMAT 08-4S Turnout Tamper,240,240,144,96,10,PARTIALLY_UTILIZED,Operational problems / Crew late / 33% machine idling,2,30,196600,YES - 100% resolvable by AI Joint Bundling & Traffic Window Optimizer
HIST-LOG-2025-1190,2026-01-16,NDLS-DDU Golden Diagonal HDN-1,ETW-CNB,DN_MAIN,Traction Distribution (TDMS),UNIMAT 08-4S Turnout Tamper,240,240,231,9,0,GRANTED_AND_COMPLETED,Successfully completed on schedule,0,0,7650,N/A
HIST-LOG-2025-1191,2026-02-06,NDLS-DDU Golden Diagonal HDN-1,MZP-DDU,DN_MAIN,Engineering (Civil/TMS),UNIMAT 08-4S Turnout Tamper,180,0,0,180,0,DENIED_BY_OPERATING,Blocks not given by Operating Dept (Heavy Train Bunching),0,0,153000,YES - 100% resolvable by AI Joint Bundling & Traffic Window Optimizer
HIST-LOG-2025-1192,2025-07-18,NDLS-DDU Golden Diagonal HDN-1,PRYJ-MZP,DN_MAIN,Traction Distribution (TDMS),None / Manual Gang,180,0,0,180,0,DENIED_BY_OPERATING,Blocks not given by Operating Dept (Heavy Train Bunching),0,0,153000,YES - 100% resolvable by AI Joint Bundling & Traffic Window Optimizer
HIST-LOG-2025-1193,2025-09-24,NDLS-DDU Golden Diagonal HDN-1,TDL-ETW,UP_MAIN,Signalling & Telecom (SMMS),BCM_800 Ballast Cleaner,240,240,228,15,0,GRANTED_AND_COMPLETED,Successfully completed on schedule,0,0,12750,N/A
HIST-LOG-2025-1194,2025-06-26,NDLS-DDU Golden Diagonal HDN-1,FTP-PRYJ,DN_MAIN,Signalling & Telecom (SMMS),None / Manual Gang,300,0,0,300,0,CANCELLED_STAFF,Staff / Machine operator not available,0,0,255000,YES - 100% resolvable by AI Joint Bundling & Traffic Window Optimizer
HIST-LOG-2025-1195,2025-05-04,NDLS-DDU Golden Diagonal HDN-1,TDL-ETW,DN_MAIN,Signalling & Telecom (SMMS),UNIMAT 08-4S Turnout Tamper,120,0,0,120,0,CANCELLED_STAFF,Staff / Machine operator not available,0,0,102000,YES - 100% resolvable by AI Joint Bundling & Traffic Window Optimizer
HIST-LOG-2025-1196,2026-02-06,NDLS-DDU Golden Diagonal HDN-1,CNB-FTP,UP_MAIN,Engineering (Civil/TMS),CSM_09_32 Tamping Machine,180,0,0,180,0,NOT_PLANNED_DIVISION,Blocks not planned by Divisions / Lack of inter-department coordination,0,0,153000,YES - 100% resolvable by AI Joint Bundling & Traffic Window Optimizer
HIST-LOG-2025-1197,2025-07-13,NDLS-DDU Golden Diagonal HDN-1,ETW-CNB,DN_MAIN,Signalling & Telecom (SMMS),UNIMAT 08-4S Turnout Tamper,300,300,207,93,0,PARTIALLY_UTILIZED,Operational problems / Crew late / 33% machine idling,2,72,169050,YES - 100% resolvable by AI Joint Bundling & Traffic Window Optimizer
HIST-LOG-2025-1198,2025-12-16,NDLS-DDU Golden Diagonal HDN-1,GZB-ALJN,DN_MAIN,Traction Distribution (TDMS),CSM_09_32 Tamping Machine,120,0,0,120,0,NOT_PLANNED_DIVISION,Blocks not planned by Divisions / Lack of inter-department coordination,0,0,102000,YES - 100% resolvable by AI Joint Bundling & Traffic Window Optimizer
HIST-LOG-2025-1199,2026-03-20,NDLS-DDU Golden Diagonal HDN-1,ALJN-TDL,UP_MAIN,Signalling & Telecom (SMMS),BCM_800 Ballast Cleaner,360,360,224,136,20,PARTIALLY_UTILIZED,Operational problems / Crew late / 33% machine idling,2,44,255600,YES - 100% resolvable by AI Joint Bundling & Traffic Window Optimizer
HIST-LOG-2025-1200,2026-01-08,NDLS-DDU Golden Diagonal HDN-1,MZP-DDU,UP_MAIN,Engineering (Civil/TMS),UNIMAT 08-4S Turnout Tamper,360,0,0,360,0,NOT_PLANNED_DIVISION,Blocks not planned by Divisions / Lack of inter-department coordination,0,0,306000,YES - 100% resolvable by AI Joint Bundling & Traffic Window Optimizer
HIST-LOG-2025-1201,2025-05-02,NDLS-DDU Golden Diagonal HDN-1,ETW-CNB,UP_MAIN,Engineering (Civil/TMS),BCM_800 Ballast Cleaner,360,0,0,360,0,NOT_PLANNED_DIVISION,Blocks not planned by Divisions / Lack of inter-department coordination,0,0,306000,YES - 100% resolvable by AI Joint Bundling & Traffic Window Optimizer
HIST-LOG-2025-1202,2026-02-19,NDLS-DDU Golden Diagonal HDN-1,ETW-CNB,DN_MAIN,Signalling & Telecom (SMMS),CSM_09_32 Tamping Machine,120,120,82,38,0,PARTIALLY_UTILIZED,Operational problems / Crew late / 33% machine idling,3,63,167300,YES - 100% resolvable by AI Joint Bundling & Traffic Window Optimizer
HIST-LOG-2025-1203,2025-07-11,NDLS-DDU Golden Diagonal HDN-1,MZP-DDU,UP_MAIN,Signalling & Telecom (SMMS),CSM_09_32 Tamping Machine,120,0,0,120,0,NOT_PLANNED_DIVISION,Blocks not planned by Divisions / Lack of inter-department coordination,0,0,102000,YES - 100% resolvable by AI Joint Bundling & Traffic Window Optimizer
HIST-LOG-2025-1204,2026-01-23,NDLS-DDU Golden Diagonal HDN-1,ETW-CNB,DN_MAIN,Signalling & Telecom (SMMS),OHE 8-Wheeler Tower Wagon,360,0,0,360,0,DENIED_BY_OPERATING,Blocks not given by Operating Dept (Heavy Train Bunching),0,0,306000,YES - 100% resolvable by AI Joint Bundling & Traffic Window Optimizer
HIST-LOG-2025-1205,2025-08-07,NDLS-DDU Golden Diagonal HDN-1,ALJN-TDL,DN_MAIN,Traction Distribution (TDMS),OHE 8-Wheeler Tower Wagon,180,180,122,58,35,PARTIALLY_UTILIZED,Operational problems / Crew late / 33% machine idling,1,34,181800,YES - 100% resolvable by AI Joint Bundling & Traffic Window Optimizer
HIST-LOG-2025-1206,2025-12-16,NDLS-DDU Golden Diagonal HDN-1,CNB-FTP,DN_MAIN,Traction Distribution (TDMS),OHE 8-Wheeler Tower Wagon,180,0,0,180,0,NOT_PLANNED_DIVISION,Blocks not planned by Divisions / Lack of inter-department coordination,0,0,153000,YES - 100% resolvable by AI Joint Bundling & Traffic Window Optimizer
HIST-LOG-2025-1207,2025-09-22,NDLS-DDU Golden Diagonal HDN-1,CNB-FTP,DN_MAIN,Signalling & Telecom (SMMS),UNIMAT 08-4S Turnout Tamper,360,0,0,360,0,DENIED_BY_OPERATING,Blocks not given by Operating Dept (Heavy Train Bunching),0,0,306000,YES - 100% resolvable by AI Joint Bundling & Traffic Window Optimizer
HIST-LOG-2025-1208,2025-06-23,NDLS-DDU Golden Diagonal HDN-1,CNB-FTP,DN_MAIN,Engineering (Civil/TMS),BCM_800 Ballast Cleaner,180,180,108,72,35,PARTIALLY_UTILIZED,Operational problems / Crew late / 33% machine idling,4,68,328700,YES - 100% resolvable by AI Joint Bundling & Traffic Window Optimizer
HIST-LOG-2025-1209,2026-02-21,NDLS-DDU Golden Diagonal HDN-1,PRYJ-MZP,DN_MAIN,Engineering (Civil/TMS),None / Manual Gang,300,0,0,300,0,NOT_PLANNED_DIVISION,Blocks not planned by Divisions / Lack of inter-department coordination,0,0,255000,YES - 100% resolvable by AI Joint Bundling & Traffic Window Optimizer
HIST-LOG-2025-1210,2025-09-05,NDLS-DDU Golden Diagonal HDN-1,TDL-ETW,UP_MAIN,Engineering (Civil/TMS),None / Manual Gang,180,0,0,180,0,DENIED_BY_OPERATING,Blocks not given by Operating Dept (Heavy Train Bunching),0,0,153000,YES - 100% resolvable by AI Joint Bundling & Traffic Window Optimizer
HIST-LOG-2025-1211,2025-06-20,NDLS-DDU Golden Diagonal HDN-1,FTP-PRYJ,DN_MAIN,Engineering (Civil/TMS),BCM_800 Ballast Cleaner,240,240,149,91,10,PARTIALLY_UTILIZED,Operational problems / Crew late / 33% machine idling,3,117,237350,YES - 100% resolvable by AI Joint Bundling & Traffic Window Optimizer
HIST-LOG-2025-1212,2025-06-20,NDLS-DDU Golden Diagonal HDN-1,PRYJ-MZP,UP_MAIN,Engineering (Civil/TMS),UNIMAT 08-4S Turnout Tamper,360,0,0,360,0,CANCELLED_STAFF,Staff / Machine operator not available,0,0,306000,YES - 100% resolvable by AI Joint Bundling & Traffic Window Optimizer
HIST-LOG-2025-1213,2025-08-13,NDLS-DDU Golden Diagonal HDN-1,MZP-DDU,DN_MAIN,Traction Distribution (TDMS),OHE 8-Wheeler Tower Wagon,240,0,0,240,0,DENIED_BY_OPERATING,Blocks not given by Operating Dept (Heavy Train Bunching),0,0,204000,YES - 100% resolvable by AI Joint Bundling & Traffic Window Optimizer
HIST-LOG-2025-1214,2025-09-29,NDLS-DDU Golden Diagonal HDN-1,CNB-FTP,DN_MAIN,Engineering (Civil/TMS),UNIMAT 08-4S Turnout Tamper,240,0,0,240,0,NOT_PLANNED_DIVISION,Blocks not planned by Divisions / Lack of inter-department coordination,0,0,204000,YES - 100% resolvable by AI Joint Bundling & Traffic Window Optimizer
HIST-LOG-2025-1215,2025-04-29,NDLS-DDU Golden Diagonal HDN-1,CNB-FTP,DN_MAIN,Traction Distribution (TDMS),OHE 8-Wheeler Tower Wagon,300,300,287,0,0,GRANTED_AND_COMPLETED,Successfully completed on schedule,1,26,45000,N/A
HIST-LOG-2025-1216,2025-08-29,NDLS-DDU Golden Diagonal HDN-1,TDL-ETW,DN_MAIN,Signalling & Telecom (SMMS),UNIMAT 08-4S Turnout Tamper,120,120,114,6,0,GRANTED_AND_COMPLETED,Successfully completed on schedule,1,15,50100,N/A
HIST-LOG-2025-1217,2026-02-11,NDLS-DDU Golden Diagonal HDN-1,FTP-PRYJ,DN_MAIN,Signalling & Telecom (SMMS),None / Manual Gang,240,240,157,83,10,PARTIALLY_UTILIZED,Operational problems / Crew late / 33% machine idling,2,58,185550,YES - 100% resolvable by AI Joint Bundling & Traffic Window Optimizer
HIST-LOG-2025-1218,2025-09-14,NDLS-DDU Golden Diagonal HDN-1,CNB-FTP,UP_MAIN,Engineering (Civil/TMS),OHE 8-Wheeler Tower Wagon,180,0,0,180,0,DENIED_BY_OPERATING,Blocks not given by Operating Dept (Heavy Train Bunching),0,0,153000,YES - 100% resolvable by AI Joint Bundling & Traffic Window Optimizer
HIST-LOG-2025-1219,2025-12-06,NDLS-DDU Golden Diagonal HDN-1,MZP-DDU,UP_MAIN,Traction Distribution (TDMS),BCM_800 Ballast Cleaner,300,0,0,300,0,NO_SCOPE,No scope of work / Site not prepared,0,0,255000,YES - 100% resolvable by AI Joint Bundling & Traffic Window Optimizer
HIST-LOG-2025-1220,2025-09-23,NDLS-DDU Golden Diagonal HDN-1,PRYJ-MZP,UP_MAIN,Engineering (Civil/TMS),UNIMAT 08-4S Turnout Tamper,120,0,0,120,0,CANCELLED_STAFF,Staff / Machine operator not available,0,0,102000,YES - 100% resolvable by AI Joint Bundling & Traffic Window Optimizer
HIST-LOG-2025-1221,2025-06-08,NDLS-DDU Golden Diagonal HDN-1,FTP-PRYJ,DN_MAIN,Signalling & Telecom (SMMS),CSM_09_32 Tamping Machine,120,0,0,120,0,NOT_PLANNED_DIVISION,Blocks not planned by Divisions / Lack of inter-department coordination,0,0,102000,YES - 100% resolvable by AI Joint Bundling & Traffic Window Optimizer
HIST-LOG-2025-1222,2026-01-19,NDLS-DDU Golden Diagonal HDN-1,PRYJ-MZP,UP_MAIN,Engineering (Civil/TMS),BCM_800 Ballast Cleaner,360,0,0,360,0,NOT_PLANNED_DIVISION,Blocks not planned by Divisions / Lack of inter-department coordination,0,0,306000,YES - 100% resolvable by AI Joint Bundling & Traffic Window Optimizer
HIST-LOG-2025-1223,2026-03-20,NDLS-DDU Golden Diagonal HDN-1,ALJN-TDL,DN_MAIN,Engineering (Civil/TMS),CSM_09_32 Tamping Machine,240,240,157,83,20,PARTIALLY_UTILIZED,Operational problems / Crew late / 33% machine idling,3,57,255550,YES - 100% resolvable by AI Joint Bundling & Traffic Window Optimizer
HIST-LOG-2025-1224,2025-11-26,NDLS-DDU Golden Diagonal HDN-1,ALJN-TDL,DN_MAIN,Signalling & Telecom (SMMS),BCM_800 Ballast Cleaner,300,300,294,5,0,GRANTED_AND_COMPLETED,Successfully completed on schedule,1,29,49250,N/A
HIST-LOG-2025-1225,2026-02-04,NDLS-DDU Golden Diagonal HDN-1,FTP-PRYJ,DN_MAIN,Engineering (Civil/TMS),CSM_09_32 Tamping Machine,240,0,0,240,0,NOT_PLANNED_DIVISION,Blocks not planned by Divisions / Lack of inter-department coordination,0,0,204000,YES - 100% resolvable by AI Joint Bundling & Traffic Window Optimizer
HIST-LOG-2025-1226,2025-04-09,NDLS-DDU Golden Diagonal HDN-1,ALJN-TDL,DN_MAIN,Signalling & Telecom (SMMS),None / Manual Gang,300,300,203,97,0,PARTIALLY_UTILIZED,Operational problems / Crew late / 33% machine idling,3,84,217450,YES - 100% resolvable by AI Joint Bundling & Traffic Window Optimizer
HIST-LOG-2025-1227,2026-01-20,NDLS-DDU Golden Diagonal HDN-1,GZB-ALJN,DN_MAIN,Traction Distribution (TDMS),UNIMAT 08-4S Turnout Tamper,300,0,0,300,0,NOT_PLANNED_DIVISION,Blocks not planned by Divisions / Lack of inter-department coordination,0,0,255000,YES - 100% resolvable by AI Joint Bundling & Traffic Window Optimizer
HIST-LOG-2025-1228,2026-01-19,NDLS-DDU Golden Diagonal HDN-1,ALJN-TDL,UP_MAIN,Traction Distribution (TDMS),OHE 8-Wheeler Tower Wagon,120,120,81,39,10,PARTIALLY_UTILIZED,Operational problems / Crew late / 33% machine idling,1,34,103150,YES - 100% resolvable by AI Joint Bundling & Traffic Window Optimizer
HIST-LOG-2025-1229,2025-11-25,NDLS-DDU Golden Diagonal HDN-1,ETW-CNB,UP_MAIN,Traction Distribution (TDMS),OHE 8-Wheeler Tower Wagon,300,0,0,300,0,NOT_PLANNED_DIVISION,Blocks not planned by Divisions / Lack of inter-department coordination,0,0,255000,YES - 100% resolvable by AI Joint Bundling & Traffic Window Optimizer
HIST-LOG-2025-1230,2026-01-20,NDLS-DDU Golden Diagonal HDN-1,TDL-ETW,DN_MAIN,Engineering (Civil/TMS),UNIMAT 08-4S Turnout Tamper,180,0,0,180,0,CANCELLED_STAFF,Staff / Machine operator not available,0,0,153000,YES - 100% resolvable by AI Joint Bundling & Traffic Window Optimizer
HIST-LOG-2025-1231,2025-04-04,NDLS-DDU Golden Diagonal HDN-1,PRYJ-MZP,UP_MAIN,Signalling & Telecom (SMMS),None / Manual Gang,360,0,0,360,0,NOT_PLANNED_DIVISION,Blocks not planned by Divisions / Lack of inter-department coordination,0,0,306000,YES - 100% resolvable by AI Joint Bundling & Traffic Window Optimizer
HIST-LOG-2025-1232,2025-11-05,NDLS-DDU Golden Diagonal HDN-1,PRYJ-MZP,UP_MAIN,Engineering (Civil/TMS),BCM_800 Ballast Cleaner,180,0,0,180,0,NOT_PLANNED_DIVISION,Blocks not planned by Divisions / Lack of inter-department coordination,0,0,153000,YES - 100% resolvable by AI Joint Bundling & Traffic Window Optimizer
HIST-LOG-2025-1233,2026-03-07,NDLS-DDU Golden Diagonal HDN-1,ETW-CNB,DN_MAIN,Traction Distribution (TDMS),BCM_800 Ballast Cleaner,300,0,0,300,0,CANCELLED_STAFF,Staff / Machine operator not available,0,0,255000,YES - 100% resolvable by AI Joint Bundling & Traffic Window Optimizer
HIST-LOG-2025-1234,2025-09-05,NDLS-DDU Golden Diagonal HDN-1,FTP-PRYJ,UP_MAIN,Engineering (Civil/TMS),BCM_800 Ballast Cleaner,180,0,0,180,0,DENIED_BY_OPERATING,Blocks not given by Operating Dept (Heavy Train Bunching),0,0,153000,YES - 100% resolvable by AI Joint Bundling & Traffic Window Optimizer
HIST-LOG-2025-1235,2025-05-06,NDLS-DDU Golden Diagonal HDN-1,GZB-ALJN,UP_MAIN,Engineering (Civil/TMS),UNIMAT 08-4S Turnout Tamper,360,0,0,360,0,NOT_PLANNED_DIVISION,Blocks not planned by Divisions / Lack of inter-department coordination,0,0,306000,YES - 100% resolvable by AI Joint Bundling & Traffic Window Optimizer
HIST-LOG-2025-1236,2025-09-03,NDLS-DDU Golden Diagonal HDN-1,FTP-PRYJ,UP_MAIN,Traction Distribution (TDMS),BCM_800 Ballast Cleaner,180,0,0,180,0,DENIED_BY_OPERATING,Blocks not given by Operating Dept (Heavy Train Bunching),0,0,153000,YES - 100% resolvable by AI Joint Bundling & Traffic Window Optimizer
HIST-LOG-2025-1237,2025-06-10,NDLS-DDU Golden Diagonal HDN-1,CNB-FTP,UP_MAIN,Engineering (Civil/TMS),OHE 8-Wheeler Tower Wagon,240,0,0,240,0,DENIED_BY_OPERATING,Blocks not given by Operating Dept (Heavy Train Bunching),0,0,204000,YES - 100% resolvable by AI Joint Bundling & Traffic Window Optimizer
HIST-LOG-2025-1238,2025-04-26,NDLS-DDU Golden Diagonal HDN-1,PRYJ-MZP,UP_MAIN,Signalling & Telecom (SMMS),OHE 8-Wheeler Tower Wagon,180,0,0,180,0,NOT_PLANNED_DIVISION,Blocks not planned by Divisions / Lack of inter-department coordination,0,0,153000,YES - 100% resolvable by AI Joint Bundling & Traffic Window Optimizer
HIST-LOG-2025-1239,2025-12-16,NDLS-DDU Golden Diagonal HDN-1,PRYJ-MZP,UP_MAIN,Engineering (Civil/TMS),None / Manual Gang,300,300,204,96,0,PARTIALLY_UTILIZED,Operational problems / Crew late / 33% machine idling,2,76,171600,YES - 100% resolvable by AI Joint Bundling & Traffic Window Optimizer
HIST-LOG-2025-1240,2025-10-30,NDLS-DDU Golden Diagonal HDN-1,ALJN-TDL,UP_MAIN,Engineering (Civil/TMS),BCM_800 Ballast Cleaner,120,120,80,40,20,PARTIALLY_UTILIZED,Operational problems / Crew late / 33% machine idling,3,63,219000,YES - 100% resolvable by AI Joint Bundling & Traffic Window Optimizer
HIST-LOG-2025-1241,2025-04-04,NDLS-DDU Golden Diagonal HDN-1,ALJN-TDL,DN_MAIN,Signalling & Telecom (SMMS),OHE 8-Wheeler Tower Wagon,240,240,146,94,35,PARTIALLY_UTILIZED,Operational problems / Crew late / 33% machine idling,1,40,212400,YES - 100% resolvable by AI Joint Bundling & Traffic Window Optimizer
HIST-LOG-2025-1242,2025-09-06,NDLS-DDU Golden Diagonal HDN-1,PRYJ-MZP,DN_MAIN,Engineering (Civil/TMS),CSM_09_32 Tamping Machine,240,0,0,240,0,NOT_PLANNED_DIVISION,Blocks not planned by Divisions / Lack of inter-department coordination,0,0,204000,YES - 100% resolvable by AI Joint Bundling & Traffic Window Optimizer
HIST-LOG-2025-1243,2026-02-24,NDLS-DDU Golden Diagonal HDN-1,CNB-FTP,UP_MAIN,Traction Distribution (TDMS),OHE 8-Wheeler Tower Wagon,120,0,0,120,0,CANCELLED_STAFF,Staff / Machine operator not available,0,0,102000,YES - 100% resolvable by AI Joint Bundling & Traffic Window Optimizer
HIST-LOG-2025-1244,2025-06-12,NDLS-DDU Golden Diagonal HDN-1,MZP-DDU,UP_MAIN,Signalling & Telecom (SMMS),BCM_800 Ballast Cleaner,240,0,0,240,0,DENIED_BY_OPERATING,Blocks not given by Operating Dept (Heavy Train Bunching),0,0,204000,YES - 100% resolvable by AI Joint Bundling & Traffic Window Optimizer
HIST-LOG-2025-1245,2026-03-22,NDLS-DDU Golden Diagonal HDN-1,GZB-ALJN,UP_MAIN,Traction Distribution (TDMS),OHE 8-Wheeler Tower Wagon,180,0,0,180,0,DENIED_BY_OPERATING,Blocks not given by Operating Dept (Heavy Train Bunching),0,0,153000,YES - 100% resolvable by AI Joint Bundling & Traffic Window Optimizer
HIST-LOG-2025-1246,2025-06-20,NDLS-DDU Golden Diagonal HDN-1,GZB-ALJN,UP_MAIN,Traction Distribution (TDMS),OHE 8-Wheeler Tower Wagon,180,180,171,11,0,GRANTED_AND_COMPLETED,Successfully completed on schedule,1,20,54350,N/A
HIST-LOG-2025-1247,2025-05-27,NDLS-DDU Golden Diagonal HDN-1,TDL-ETW,UP_MAIN,Traction Distribution (TDMS),BCM_800 Ballast Cleaner,180,0,0,180,0,NOT_PLANNED_DIVISION,Blocks not planned by Divisions / Lack of inter-department coordination,0,0,153000,YES - 100% resolvable by AI Joint Bundling & Traffic Window Optimizer
HIST-LOG-2025-1248,2025-04-15,NDLS-DDU Golden Diagonal HDN-1,MZP-DDU,UP_MAIN,Signalling & Telecom (SMMS),CSM_09_32 Tamping Machine,300,300,191,109,20,PARTIALLY_UTILIZED,Operational problems / Crew late / 33% machine idling,3,75,277650,YES - 100% resolvable by AI Joint Bundling & Traffic Window Optimizer
HIST-LOG-2025-1249,2025-04-24,NDLS-DDU Golden Diagonal HDN-1,GZB-ALJN,DN_MAIN,Engineering (Civil/TMS),None / Manual Gang,180,0,0,180,0,NOT_PLANNED_DIVISION,Blocks not planned by Divisions / Lack of inter-department coordination,0,0,153000,YES - 100% resolvable by AI Joint Bundling & Traffic Window Optimizer
HIST-LOG-2025-1250,2025-07-24,NDLS-DDU Golden Diagonal HDN-1,TDL-ETW,UP_MAIN,Engineering (Civil/TMS),CSM_09_32 Tamping Machine,120,0,0,120,0,NOT_PLANNED_DIVISION,Blocks not planned by Divisions / Lack of inter-department coordination,0,0,102000,YES - 100% resolvable by AI Joint Bundling & Traffic Window Optimizer
HIST-LOG-2025-1251,2025-12-31,NDLS-DDU Golden Diagonal HDN-1,ALJN-TDL,UP_MAIN,Signalling & Telecom (SMMS),OHE 8-Wheeler Tower Wagon,300,0,0,300,0,NOT_PLANNED_DIVISION,Blocks not planned by Divisions / Lack of inter-department coordination,0,0,255000,YES - 100% resolvable by AI Joint Bundling & Traffic Window Optimizer
HIST-LOG-2025-1252,2025-06-05,NDLS-DDU Golden Diagonal HDN-1,GZB-ALJN,DN_MAIN,Signalling & Telecom (SMMS),UNIMAT 08-4S Turnout Tamper,300,0,0,300,0,NOT_PLANNED_DIVISION,Blocks not planned by Divisions / Lack of inter-department coordination,0,0,255000,YES - 100% resolvable by AI Joint Bundling & Traffic Window Optimizer
HIST-LOG-2025-1253,2025-12-20,NDLS-DDU Golden Diagonal HDN-1,FTP-PRYJ,UP_MAIN,Signalling & Telecom (SMMS),BCM_800 Ballast Cleaner,300,300,294,4,0,GRANTED_AND_COMPLETED,Successfully completed on schedule,0,0,3400,N/A
HIST-LOG-2025-1254,2026-02-09,NDLS-DDU Golden Diagonal HDN-1,TDL-ETW,UP_MAIN,Traction Distribution (TDMS),CSM_09_32 Tamping Machine,120,120,117,12,0,GRANTED_AND_COMPLETED,Successfully completed on schedule,1,22,55200,N/A
HIST-LOG-2025-1255,2025-11-23,NDLS-DDU Golden Diagonal HDN-1,ETW-CNB,DN_MAIN,Engineering (Civil/TMS),None / Manual Gang,240,0,0,240,0,NOT_PLANNED_DIVISION,Blocks not planned by Divisions / Lack of inter-department coordination,0,0,204000,YES - 100% resolvable by AI Joint Bundling & Traffic Window Optimizer
HIST-LOG-2025-1256,2026-03-05,NDLS-DDU Golden Diagonal HDN-1,CNB-FTP,UP_MAIN,Signalling & Telecom (SMMS),BCM_800 Ballast Cleaner,300,0,0,300,0,NOT_PLANNED_DIVISION,Blocks not planned by Divisions / Lack of inter-department coordination,0,0,255000,YES - 100% resolvable by AI Joint Bundling & Traffic Window Optimizer
HIST-LOG-2025-1257,2025-07-03,NDLS-DDU Golden Diagonal HDN-1,GZB-ALJN,DN_MAIN,Traction Distribution (TDMS),CSM_09_32 Tamping Machine,120,0,0,120,0,DENIED_BY_OPERATING,Blocks not given by Operating Dept (Heavy Train Bunching),0,0,102000,YES - 100% resolvable by AI Joint Bundling & Traffic Window Optimizer
HIST-LOG-2025-1258,2025-04-06,NDLS-DDU Golden Diagonal HDN-1,GZB-ALJN,UP_MAIN,Engineering (Civil/TMS),None / Manual Gang,300,0,0,300,0,NOT_PLANNED_DIVISION,Blocks not planned by Divisions / Lack of inter-department coordination,0,0,255000,YES - 100% resolvable by AI Joint Bundling & Traffic Window Optimizer
HIST-LOG-2025-1259,2025-11-18,NDLS-DDU Golden Diagonal HDN-1,MZP-DDU,DN_MAIN,Engineering (Civil/TMS),BCM_800 Ballast Cleaner,360,0,0,360,0,NOT_PLANNED_DIVISION,Blocks not planned by Divisions / Lack of inter-department coordination,0,0,306000,YES - 100% resolvable by AI Joint Bundling & Traffic Window Optimizer
HIST-LOG-2025-1260,2025-12-20,NDLS-DDU Golden Diagonal HDN-1,CNB-FTP,DN_MAIN,Engineering (Civil/TMS),UNIMAT 08-4S Turnout Tamper,240,0,0,240,0,CANCELLED_STAFF,Staff / Machine operator not available,0,0,204000,YES - 100% resolvable by AI Joint Bundling & Traffic Window Optimizer
HIST-LOG-2025-1261,2025-12-22,NDLS-DDU Golden Diagonal HDN-1,TDL-ETW,DN_MAIN,Signalling & Telecom (SMMS),UNIMAT 08-4S Turnout Tamper,300,300,286,3,0,GRANTED_AND_COMPLETED,Successfully completed on schedule,1,17,47550,N/A
HIST-LOG-2025-1262,2025-05-27,NDLS-DDU Golden Diagonal HDN-1,FTP-PRYJ,DN_MAIN,Traction Distribution (TDMS),CSM_09_32 Tamping Machine,120,120,73,47,10,PARTIALLY_UTILIZED,Operational problems / Crew late / 33% machine idling,4,128,244950,YES - 100% resolvable by AI Joint Bundling & Traffic Window Optimizer
HIST-LOG-2025-1263,2025-11-10,NDLS-DDU Golden Diagonal HDN-1,CNB-FTP,UP_MAIN,Signalling & Telecom (SMMS),None / Manual Gang,240,0,0,240,0,NOT_PLANNED_DIVISION,Blocks not planned by Divisions / Lack of inter-department coordination,0,0,204000,YES - 100% resolvable by AI Joint Bundling & Traffic Window Optimizer
HIST-LOG-2025-1264,2025-06-12,NDLS-DDU Golden Diagonal HDN-1,ALJN-TDL,UP_MAIN,Signalling & Telecom (SMMS),BCM_800 Ballast Cleaner,360,0,0,360,0,DENIED_BY_OPERATING,Blocks not given by Operating Dept (Heavy Train Bunching),0,0,306000,YES - 100% resolvable by AI Joint Bundling & Traffic Window Optimizer
HIST-LOG-2025-1265,2025-12-29,NDLS-DDU Golden Diagonal HDN-1,GZB-ALJN,UP_MAIN,Traction Distribution (TDMS),UNIMAT 08-4S Turnout Tamper,240,240,158,82,10,PARTIALLY_UTILIZED,Operational problems / Crew late / 33% machine idling,1,32,139700,YES - 100% resolvable by AI Joint Bundling & Traffic Window Optimizer
HIST-LOG-2025-1266,2026-03-15,NDLS-DDU Golden Diagonal HDN-1,ETW-CNB,UP_MAIN,Signalling & Telecom (SMMS),BCM_800 Ballast Cleaner,180,0,0,180,0,DENIED_BY_OPERATING,Blocks not given by Operating Dept (Heavy Train Bunching),0,0,153000,YES - 100% resolvable by AI Joint Bundling & Traffic Window Optimizer
HIST-LOG-2025-1267,2025-07-13,NDLS-DDU Golden Diagonal HDN-1,ETW-CNB,UP_MAIN,Traction Distribution (TDMS),UNIMAT 08-4S Turnout Tamper,360,0,0,360,0,NOT_PLANNED_DIVISION,Blocks not planned by Divisions / Lack of inter-department coordination,0,0,306000,YES - 100% resolvable by AI Joint Bundling & Traffic Window Optimizer
HIST-LOG-2025-1268,2025-11-30,NDLS-DDU Golden Diagonal HDN-1,PRYJ-MZP,DN_MAIN,Signalling & Telecom (SMMS),OHE 8-Wheeler Tower Wagon,360,0,0,360,0,NOT_PLANNED_DIVISION,Blocks not planned by Divisions / Lack of inter-department coordination,0,0,306000,YES - 100% resolvable by AI Joint Bundling & Traffic Window Optimizer
HIST-LOG-2025-1269,2026-01-10,NDLS-DDU Golden Diagonal HDN-1,TDL-ETW,DN_MAIN,Engineering (Civil/TMS),UNIMAT 08-4S Turnout Tamper,120,0,0,120,0,NOT_PLANNED_DIVISION,Blocks not planned by Divisions / Lack of inter-department coordination,0,0,102000,YES - 100% resolvable by AI Joint Bundling & Traffic Window Optimizer
HIST-LOG-2025-1270,2025-12-03,NDLS-DDU Golden Diagonal HDN-1,ALJN-TDL,UP_MAIN,Signalling & Telecom (SMMS),BCM_800 Ballast Cleaner,180,0,0,180,0,DENIED_BY_OPERATING,Blocks not given by Operating Dept (Heavy Train Bunching),0,0,153000,YES - 100% resolvable by AI Joint Bundling & Traffic Window Optimizer
HIST-LOG-2025-1271,2026-01-28,NDLS-DDU Golden Diagonal HDN-1,ETW-CNB,DN_MAIN,Engineering (Civil/TMS),BCM_800 Ballast Cleaner,300,0,0,300,0,NOT_PLANNED_DIVISION,Blocks not planned by Divisions / Lack of inter-department coordination,0,0,255000,YES - 100% resolvable by AI Joint Bundling & Traffic Window Optimizer
HIST-LOG-2025-1272,2025-10-23,NDLS-DDU Golden Diagonal HDN-1,FTP-PRYJ,UP_MAIN,Engineering (Civil/TMS),CSM_09_32 Tamping Machine,240,0,0,240,0,DENIED_BY_OPERATING,Blocks not given by Operating Dept (Heavy Train Bunching),0,0,204000,YES - 100% resolvable by AI Joint Bundling & Traffic Window Optimizer
HIST-LOG-2025-1273,2025-08-20,NDLS-DDU Golden Diagonal HDN-1,TDL-ETW,UP_MAIN,Signalling & Telecom (SMMS),UNIMAT 08-4S Turnout Tamper,180,0,0,180,0,NO_SCOPE,No scope of work / Site not prepared,0,0,153000,YES - 100% resolvable by AI Joint Bundling & Traffic Window Optimizer
HIST-LOG-2025-1274,2025-08-31,NDLS-DDU Golden Diagonal HDN-1,ALJN-TDL,DN_MAIN,Traction Distribution (TDMS),CSM_09_32 Tamping Machine,120,120,105,7,0,GRANTED_AND_COMPLETED,Successfully completed on schedule,1,32,50950,N/A
HIST-LOG-2025-1275,2025-04-21,NDLS-DDU Golden Diagonal HDN-1,MZP-DDU,UP_MAIN,Engineering (Civil/TMS),OHE 8-Wheeler Tower Wagon,240,0,0,240,0,NOT_PLANNED_DIVISION,Blocks not planned by Divisions / Lack of inter-department coordination,0,0,204000,YES - 100% resolvable by AI Joint Bundling & Traffic Window Optimizer
HIST-LOG-2025-1276,2026-01-25,NDLS-DDU Golden Diagonal HDN-1,CNB-FTP,UP_MAIN,Traction Distribution (TDMS),BCM_800 Ballast Cleaner,300,0,0,300,0,NOT_PLANNED_DIVISION,Blocks not planned by Divisions / Lack of inter-department coordination,0,0,255000,YES - 100% resolvable by AI Joint Bundling & Traffic Window Optimizer
HIST-LOG-2025-1277,2025-05-16,NDLS-DDU Golden Diagonal HDN-1,MZP-DDU,DN_MAIN,Engineering (Civil/TMS),None / Manual Gang,360,0,0,360,0,DENIED_BY_OPERATING,Blocks not given by Operating Dept (Heavy Train Bunching),0,0,306000,YES - 100% resolvable by AI Joint Bundling & Traffic Window Optimizer
HIST-LOG-2025-1278,2026-02-21,NDLS-DDU Golden Diagonal HDN-1,FTP-PRYJ,UP_MAIN,Traction Distribution (TDMS),CSM_09_32 Tamping Machine,300,300,287,13,0,GRANTED_AND_COMPLETED,Successfully completed on schedule,0,0,11050,N/A
HIST-LOG-2025-1279,2025-11-01,NDLS-DDU Golden Diagonal HDN-1,CNB-FTP,DN_MAIN,Signalling & Telecom (SMMS),UNIMAT 08-4S Turnout Tamper,360,0,0,360,0,NOT_PLANNED_DIVISION,Blocks not planned by Divisions / Lack of inter-department coordination,0,0,306000,YES - 100% resolvable by AI Joint Bundling & Traffic Window Optimizer
HIST-LOG-2025-1280,2026-01-25,NDLS-DDU Golden Diagonal HDN-1,ALJN-TDL,UP_MAIN,Engineering (Civil/TMS),OHE 8-Wheeler Tower Wagon,300,0,0,300,0,DENIED_BY_OPERATING,Blocks not given by Operating Dept (Heavy Train Bunching),0,0,255000,YES - 100% resolvable by AI Joint Bundling & Traffic Window Optimizer
HIST-LOG-2025-1281,2025-04-22,NDLS-DDU Golden Diagonal HDN-1,PRYJ-MZP,DN_MAIN,Engineering (Civil/TMS),None / Manual Gang,300,300,198,102,35,PARTIALLY_UTILIZED,Operational problems / Crew late / 33% machine idling,4,72,354200,YES - 100% resolvable by AI Joint Bundling & Traffic Window Optimizer
HIST-LOG-2025-1282,2026-01-23,NDLS-DDU Golden Diagonal HDN-1,ALJN-TDL,UP_MAIN,Engineering (Civil/TMS),None / Manual Gang,180,0,0,180,0,NOT_PLANNED_DIVISION,Blocks not planned by Divisions / Lack of inter-department coordination,0,0,153000,YES - 100% resolvable by AI Joint Bundling & Traffic Window Optimizer
HIST-LOG-2025-1283,2026-01-19,NDLS-DDU Golden Diagonal HDN-1,PRYJ-MZP,UP_MAIN,Signalling & Telecom (SMMS),None / Manual Gang,300,0,0,300,0,NOT_PLANNED_DIVISION,Blocks not planned by Divisions / Lack of inter-department coordination,0,0,255000,YES - 100% resolvable by AI Joint Bundling & Traffic Window Optimizer
HIST-LOG-2025-1284,2026-01-16,NDLS-DDU Golden Diagonal HDN-1,PRYJ-MZP,DN_MAIN,Traction Distribution (TDMS),BCM_800 Ballast Cleaner,120,0,0,120,0,DENIED_BY_OPERATING,Blocks not given by Operating Dept (Heavy Train Bunching),0,0,102000,YES - 100% resolvable by AI Joint Bundling & Traffic Window Optimizer
HIST-LOG-2025-1285,2025-11-20,NDLS-DDU Golden Diagonal HDN-1,FTP-PRYJ,UP_MAIN,Signalling & Telecom (SMMS),UNIMAT 08-4S Turnout Tamper,300,0,0,300,0,DENIED_BY_OPERATING,Blocks not given by Operating Dept (Heavy Train Bunching),0,0,255000,YES - 100% resolvable by AI Joint Bundling & Traffic Window Optimizer
HIST-LOG-2025-1286,2025-04-25,NDLS-DDU Golden Diagonal HDN-1,FTP-PRYJ,DN_MAIN,Engineering (Civil/TMS),UNIMAT 08-4S Turnout Tamper,240,0,0,240,0,NOT_PLANNED_DIVISION,Blocks not planned by Divisions / Lack of inter-department coordination,0,0,204000,YES - 100% resolvable by AI Joint Bundling & Traffic Window Optimizer
HIST-LOG-2025-1287,2025-06-28,NDLS-DDU Golden Diagonal HDN-1,CNB-FTP,UP_MAIN,Engineering (Civil/TMS),OHE 8-Wheeler Tower Wagon,360,360,350,12,0,GRANTED_AND_COMPLETED,Successfully completed on schedule,1,42,55200,N/A
HIST-LOG-2025-1288,2025-09-04,NDLS-DDU Golden Diagonal HDN-1,ALJN-TDL,DN_MAIN,Signalling & Telecom (SMMS),CSM_09_32 Tamping Machine,360,360,242,118,10,PARTIALLY_UTILIZED,Operational problems / Crew late / 33% machine idling,3,132,260300,YES - 100% resolvable by AI Joint Bundling & Traffic Window Optimizer
HIST-LOG-2025-1289,2025-08-14,NDLS-DDU Golden Diagonal HDN-1,ALJN-TDL,DN_MAIN,Signalling & Telecom (SMMS),OHE 8-Wheeler Tower Wagon,360,360,239,121,35,PARTIALLY_UTILIZED,Operational problems / Crew late / 33% machine idling,2,52,280350,YES - 100% resolvable by AI Joint Bundling & Traffic Window Optimizer
HIST-LOG-2025-1290,2025-09-13,NDLS-DDU Golden Diagonal HDN-1,FTP-PRYJ,DN_MAIN,Signalling & Telecom (SMMS),CSM_09_32 Tamping Machine,180,0,0,180,0,DENIED_BY_OPERATING,Blocks not given by Operating Dept (Heavy Train Bunching),0,0,153000,YES - 100% resolvable by AI Joint Bundling & Traffic Window Optimizer
HIST-LOG-2025-1291,2026-01-12,NDLS-DDU Golden Diagonal HDN-1,ETW-CNB,DN_MAIN,Traction Distribution (TDMS),None / Manual Gang,360,0,0,360,0,NOT_PLANNED_DIVISION,Blocks not planned by Divisions / Lack of inter-department coordination,0,0,306000,YES - 100% resolvable by AI Joint Bundling & Traffic Window Optimizer
HIST-LOG-2025-1292,2026-02-01,NDLS-DDU Golden Diagonal HDN-1,PRYJ-MZP,UP_MAIN,Engineering (Civil/TMS),OHE 8-Wheeler Tower Wagon,120,0,0,120,0,DENIED_BY_OPERATING,Blocks not given by Operating Dept (Heavy Train Bunching),0,0,102000,YES - 100% resolvable by AI Joint Bundling & Traffic Window Optimizer
HIST-LOG-2025-1293,2025-05-24,NDLS-DDU Golden Diagonal HDN-1,CNB-FTP,UP_MAIN,Traction Distribution (TDMS),UNIMAT 08-4S Turnout Tamper,240,240,152,88,10,PARTIALLY_UTILIZED,Operational problems / Crew late / 33% machine idling,4,136,279800,YES - 100% resolvable by AI Joint Bundling & Traffic Window Optimizer
HIST-LOG-2025-1294,2025-08-04,NDLS-DDU Golden Diagonal HDN-1,ALJN-TDL,DN_MAIN,Engineering (Civil/TMS),None / Manual Gang,300,0,0,300,0,DENIED_BY_OPERATING,Blocks not given by Operating Dept (Heavy Train Bunching),0,0,255000,YES - 100% resolvable by AI Joint Bundling & Traffic Window Optimizer
HIST-LOG-2025-1295,2025-07-22,NDLS-DDU Golden Diagonal HDN-1,CNB-FTP,UP_MAIN,Signalling & Telecom (SMMS),BCM_800 Ballast Cleaner,180,0,0,180,0,NO_SCOPE,No scope of work / Site not prepared,0,0,153000,YES - 100% resolvable by AI Joint Bundling & Traffic Window Optimizer
HIST-LOG-2025-1296,2025-04-07,NDLS-DDU Golden Diagonal HDN-1,ETW-CNB,DN_MAIN,Traction Distribution (TDMS),UNIMAT 08-4S Turnout Tamper,180,0,0,180,0,DENIED_BY_OPERATING,Blocks not given by Operating Dept (Heavy Train Bunching),0,0,153000,YES - 100% resolvable by AI Joint Bundling & Traffic Window Optimizer
HIST-LOG-2025-1297,2025-07-05,NDLS-DDU Golden Diagonal HDN-1,GZB-ALJN,DN_MAIN,Signalling & Telecom (SMMS),None / Manual Gang,300,300,196,104,10,PARTIALLY_UTILIZED,Operational problems / Crew late / 33% machine idling,4,132,293400,YES - 100% resolvable by AI Joint Bundling & Traffic Window Optimizer
HIST-LOG-2025-1298,2025-10-07,NDLS-DDU Golden Diagonal HDN-1,PRYJ-MZP,DN_MAIN,Traction Distribution (TDMS),UNIMAT 08-4S Turnout Tamper,240,240,229,8,0,GRANTED_AND_COMPLETED,Successfully completed on schedule,1,43,51800,N/A
HIST-LOG-2025-1299,2026-03-21,NDLS-DDU Golden Diagonal HDN-1,ETW-CNB,DN_MAIN,Traction Distribution (TDMS),BCM_800 Ballast Cleaner,240,0,0,240,0,DENIED_BY_OPERATING,Blocks not given by Operating Dept (Heavy Train Bunching),0,0,204000,YES - 100% resolvable by AI Joint Bundling & Traffic Window Optimizer
HIST-LOG-2025-1300,2026-02-04,NDLS-DDU Golden Diagonal HDN-1,ETW-CNB,UP_MAIN,Engineering (Civil/TMS),BCM_800 Ballast Cleaner,360,360,345,10,0,GRANTED_AND_COMPLETED,Successfully completed on schedule,0,0,8500,N/A
HIST-LOG-2025-1301,2025-12-11,NDLS-DDU Golden Diagonal HDN-1,FTP-PRYJ,UP_MAIN,Signalling & Telecom (SMMS),None / Manual Gang,240,240,164,76,35,PARTIALLY_UTILIZED,Operational problems / Crew late / 33% machine idling,4,112,332100,YES - 100% resolvable by AI Joint Bundling & Traffic Window Optimizer
HIST-LOG-2025-1302,2026-01-12,NDLS-DDU Golden Diagonal HDN-1,ALJN-TDL,UP_MAIN,Engineering (Civil/TMS),CSM_09_32 Tamping Machine,360,0,0,360,0,NOT_PLANNED_DIVISION,Blocks not planned by Divisions / Lack of inter-department coordination,0,0,306000,YES - 100% resolvable by AI Joint Bundling & Traffic Window Optimizer
HIST-LOG-2025-1303,2026-03-16,NDLS-DDU Golden Diagonal HDN-1,FTP-PRYJ,DN_MAIN,Traction Distribution (TDMS),UNIMAT 08-4S Turnout Tamper,180,0,0,180,0,DENIED_BY_OPERATING,Blocks not given by Operating Dept (Heavy Train Bunching),0,0,153000,YES - 100% resolvable by AI Joint Bundling & Traffic Window Optimizer
HIST-LOG-2025-1304,2025-10-20,NDLS-DDU Golden Diagonal HDN-1,CNB-FTP,DN_MAIN,Traction Distribution (TDMS),BCM_800 Ballast Cleaner,120,120,105,13,0,GRANTED_AND_COMPLETED,Successfully completed on schedule,0,0,11050,N/A
HIST-LOG-2025-1305,2025-07-29,NDLS-DDU Golden Diagonal HDN-1,MZP-DDU,DN_MAIN,Traction Distribution (TDMS),None / Manual Gang,240,0,0,240,0,NOT_PLANNED_DIVISION,Blocks not planned by Divisions / Lack of inter-department coordination,0,0,204000,YES - 100% resolvable by AI Joint Bundling & Traffic Window Optimizer
HIST-LOG-2025-1306,2025-04-04,NDLS-DDU Golden Diagonal HDN-1,PRYJ-MZP,UP_MAIN,Traction Distribution (TDMS),None / Manual Gang,360,0,0,360,0,NOT_PLANNED_DIVISION,Blocks not planned by Divisions / Lack of inter-department coordination,0,0,306000,YES - 100% resolvable by AI Joint Bundling & Traffic Window Optimizer
HIST-LOG-2025-1307,2025-12-28,NDLS-DDU Golden Diagonal HDN-1,FTP-PRYJ,UP_MAIN,Engineering (Civil/TMS),OHE 8-Wheeler Tower Wagon,360,0,0,360,0,DENIED_BY_OPERATING,Blocks not given by Operating Dept (Heavy Train Bunching),0,0,306000,YES - 100% resolvable by AI Joint Bundling & Traffic Window Optimizer
HIST-LOG-2025-1308,2026-02-27,NDLS-DDU Golden Diagonal HDN-1,TDL-ETW,UP_MAIN,Engineering (Civil/TMS),OHE 8-Wheeler Tower Wagon,360,360,355,5,0,GRANTED_AND_COMPLETED,Successfully completed on schedule,0,0,4250,N/A
HIST-LOG-2025-1309,2026-01-19,NDLS-DDU Golden Diagonal HDN-1,ALJN-TDL,DN_MAIN,Engineering (Civil/TMS),OHE 8-Wheeler Tower Wagon,120,0,0,120,0,NOT_PLANNED_DIVISION,Blocks not planned by Divisions / Lack of inter-department coordination,0,0,102000,YES - 100% resolvable by AI Joint Bundling & Traffic Window Optimizer
HIST-LOG-2025-1310,2025-09-23,NDLS-DDU Golden Diagonal HDN-1,PRYJ-MZP,DN_MAIN,Traction Distribution (TDMS),BCM_800 Ballast Cleaner,300,0,0,300,0,DENIED_BY_OPERATING,Blocks not given by Operating Dept (Heavy Train Bunching),0,0,255000,YES - 100% resolvable by AI Joint Bundling & Traffic Window Optimizer
HIST-LOG-2025-1311,2025-12-12,NDLS-DDU Golden Diagonal HDN-1,CNB-FTP,DN_MAIN,Engineering (Civil/TMS),CSM_09_32 Tamping Machine,300,0,0,300,0,NOT_PLANNED_DIVISION,Blocks not planned by Divisions / Lack of inter-department coordination,0,0,255000,YES - 100% resolvable by AI Joint Bundling & Traffic Window Optimizer
HIST-LOG-2025-1312,2026-02-26,NDLS-DDU Golden Diagonal HDN-1,CNB-FTP,DN_MAIN,Engineering (Civil/TMS),CSM_09_32 Tamping Machine,180,0,0,180,0,NOT_PLANNED_DIVISION,Blocks not planned by Divisions / Lack of inter-department coordination,0,0,153000,YES - 100% resolvable by AI Joint Bundling & Traffic Window Optimizer
HIST-LOG-2025-1313,2026-02-05,NDLS-DDU Golden Diagonal HDN-1,MZP-DDU,UP_MAIN,Traction Distribution (TDMS),CSM_09_32 Tamping Machine,240,0,0,240,0,DENIED_BY_OPERATING,Blocks not given by Operating Dept (Heavy Train Bunching),0,0,204000,YES - 100% resolvable by AI Joint Bundling & Traffic Window Optimizer
HIST-LOG-2025-1314,2025-12-27,NDLS-DDU Golden Diagonal HDN-1,GZB-ALJN,DN_MAIN,Engineering (Civil/TMS),CSM_09_32 Tamping Machine,180,0,0,180,0,DENIED_BY_OPERATING,Blocks not given by Operating Dept (Heavy Train Bunching),0,0,153000,YES - 100% resolvable by AI Joint Bundling & Traffic Window Optimizer
HIST-LOG-2025-1315,2025-07-06,NDLS-DDU Golden Diagonal HDN-1,FTP-PRYJ,DN_MAIN,Signalling & Telecom (SMMS),None / Manual Gang,120,120,78,42,0,PARTIALLY_UTILIZED,Operational problems / Crew late / 33% machine idling,2,60,125700,YES - 100% resolvable by AI Joint Bundling & Traffic Window Optimizer
HIST-LOG-2025-1316,2025-06-19,NDLS-DDU Golden Diagonal HDN-1,TDL-ETW,UP_MAIN,Signalling & Telecom (SMMS),None / Manual Gang,120,0,0,120,0,NO_SCOPE,No scope of work / Site not prepared,0,0,102000,YES - 100% resolvable by AI Joint Bundling & Traffic Window Optimizer
HIST-LOG-2025-1317,2026-02-13,NDLS-DDU Golden Diagonal HDN-1,TDL-ETW,DN_MAIN,Traction Distribution (TDMS),CSM_09_32 Tamping Machine,180,180,110,70,35,PARTIALLY_UTILIZED,Operational problems / Crew late / 33% machine idling,1,44,192000,YES - 100% resolvable by AI Joint Bundling & Traffic Window Optimizer
HIST-LOG-2025-1318,2026-03-16,NDLS-DDU Golden Diagonal HDN-1,ALJN-TDL,DN_MAIN,Signalling & Telecom (SMMS),BCM_800 Ballast Cleaner,120,0,0,120,0,NOT_PLANNED_DIVISION,Blocks not planned by Divisions / Lack of inter-department coordination,0,0,102000,YES - 100% resolvable by AI Joint Bundling & Traffic Window Optimizer
HIST-LOG-2025-1319,2026-03-04,NDLS-DDU Golden Diagonal HDN-1,TDL-ETW,UP_MAIN,Signalling & Telecom (SMMS),None / Manual Gang,180,180,110,70,20,PARTIALLY_UTILIZED,Operational problems / Crew late / 33% machine idling,4,164,289500,YES - 100% resolvable by AI Joint Bundling & Traffic Window Optimizer
HIST-LOG-2025-1320,2025-09-21,NDLS-DDU Golden Diagonal HDN-1,PRYJ-MZP,DN_MAIN,Engineering (Civil/TMS),BCM_800 Ballast Cleaner,360,0,0,360,0,DENIED_BY_OPERATING,Blocks not given by Operating Dept (Heavy Train Bunching),0,0,306000,YES - 100% resolvable by AI Joint Bundling & Traffic Window Optimizer
HIST-LOG-2025-1321,2025-04-22,NDLS-DDU Golden Diagonal HDN-1,TDL-ETW,UP_MAIN,Signalling & Telecom (SMMS),UNIMAT 08-4S Turnout Tamper,180,0,0,180,0,NOT_PLANNED_DIVISION,Blocks not planned by Divisions / Lack of inter-department coordination,0,0,153000,YES - 100% resolvable by AI Joint Bundling & Traffic Window Optimizer
HIST-LOG-2025-1322,2026-03-02,NDLS-DDU Golden Diagonal HDN-1,MZP-DDU,UP_MAIN,Traction Distribution (TDMS),UNIMAT 08-4S Turnout Tamper,120,0,0,120,0,CANCELLED_STAFF,Staff / Machine operator not available,0,0,102000,YES - 100% resolvable by AI Joint Bundling & Traffic Window Optimizer
HIST-LOG-2025-1323,2025-11-16,NDLS-DDU Golden Diagonal HDN-1,PRYJ-MZP,UP_MAIN,Signalling & Telecom (SMMS),BCM_800 Ballast Cleaner,240,0,0,240,0,DENIED_BY_OPERATING,Blocks not given by Operating Dept (Heavy Train Bunching),0,0,204000,YES - 100% resolvable by AI Joint Bundling & Traffic Window Optimizer
HIST-LOG-2025-1324,2025-12-08,NDLS-DDU Golden Diagonal HDN-1,PRYJ-MZP,DN_MAIN,Signalling & Telecom (SMMS),CSM_09_32 Tamping Machine,300,0,0,300,0,DENIED_BY_OPERATING,Blocks not given by Operating Dept (Heavy Train Bunching),0,0,255000,YES - 100% resolvable by AI Joint Bundling & Traffic Window Optimizer
HIST-LOG-2025-1325,2026-03-17,NDLS-DDU Golden Diagonal HDN-1,ALJN-TDL,DN_MAIN,Traction Distribution (TDMS),CSM_09_32 Tamping Machine,300,300,191,109,35,PARTIALLY_UTILIZED,Operational problems / Crew late / 33% machine idling,3,93,315150,YES - 100% resolvable by AI Joint Bundling & Traffic Window Optimizer
HIST-LOG-2025-1326,2025-04-25,NDLS-DDU Golden Diagonal HDN-1,GZB-ALJN,UP_MAIN,Engineering (Civil/TMS),None / Manual Gang,240,240,161,79,10,PARTIALLY_UTILIZED,Operational problems / Crew late / 33% machine idling,3,45,227150,YES - 100% resolvable by AI Joint Bundling & Traffic Window Optimizer
HIST-LOG-2025-1327,2026-01-01,NDLS-DDU Golden Diagonal HDN-1,GZB-ALJN,DN_MAIN,Signalling & Telecom (SMMS),CSM_09_32 Tamping Machine,180,0,0,180,0,NOT_PLANNED_DIVISION,Blocks not planned by Divisions / Lack of inter-department coordination,0,0,153000,YES - 100% resolvable by AI Joint Bundling & Traffic Window Optimizer
HIST-LOG-2025-1328,2026-03-24,NDLS-DDU Golden Diagonal HDN-1,PRYJ-MZP,UP_MAIN,Traction Distribution (TDMS),CSM_09_32 Tamping Machine,240,0,0,240,0,NO_SCOPE,No scope of work / Site not prepared,0,0,204000,YES - 100% resolvable by AI Joint Bundling & Traffic Window Optimizer
HIST-LOG-2025-1329,2025-09-11,NDLS-DDU Golden Diagonal HDN-1,ETW-CNB,UP_MAIN,Signalling & Telecom (SMMS),CSM_09_32 Tamping Machine,180,0,0,180,0,DENIED_BY_OPERATING,Blocks not given by Operating Dept (Heavy Train Bunching),0,0,153000,YES - 100% resolvable by AI Joint Bundling & Traffic Window Optimizer
HIST-LOG-2025-1330,2026-02-08,NDLS-DDU Golden Diagonal HDN-1,ETW-CNB,DN_MAIN,Engineering (Civil/TMS),CSM_09_32 Tamping Machine,360,0,0,360,0,CANCELLED_STAFF,Staff / Machine operator not available,0,0,306000,YES - 100% resolvable by AI Joint Bundling & Traffic Window Optimizer
HIST-LOG-2025-1331,2025-04-03,NDLS-DDU Golden Diagonal HDN-1,PRYJ-MZP,UP_MAIN,Traction Distribution (TDMS),BCM_800 Ballast Cleaner,120,0,0,120,0,NOT_PLANNED_DIVISION,Blocks not planned by Divisions / Lack of inter-department coordination,0,0,102000,YES - 100% resolvable by AI Joint Bundling & Traffic Window Optimizer
HIST-LOG-2025-1332,2025-10-23,NDLS-DDU Golden Diagonal HDN-1,FTP-PRYJ,UP_MAIN,Signalling & Telecom (SMMS),CSM_09_32 Tamping Machine,180,0,0,180,0,NOT_PLANNED_DIVISION,Blocks not planned by Divisions / Lack of inter-department coordination,0,0,153000,YES - 100% resolvable by AI Joint Bundling & Traffic Window Optimizer
HIST-LOG-2025-1333,2026-03-15,NDLS-DDU Golden Diagonal HDN-1,TDL-ETW,UP_MAIN,Traction Distribution (TDMS),None / Manual Gang,240,0,0,240,0,NOT_PLANNED_DIVISION,Blocks not planned by Divisions / Lack of inter-department coordination,0,0,204000,YES - 100% resolvable by AI Joint Bundling & Traffic Window Optimizer
HIST-LOG-2025-1334,2026-03-20,NDLS-DDU Golden Diagonal HDN-1,CNB-FTP,UP_MAIN,Traction Distribution (TDMS),CSM_09_32 Tamping Machine,240,0,0,240,0,NOT_PLANNED_DIVISION,Blocks not planned by Divisions / Lack of inter-department coordination,0,0,204000,YES - 100% resolvable by AI Joint Bundling & Traffic Window Optimizer
HIST-LOG-2025-1335,2026-02-15,NDLS-DDU Golden Diagonal HDN-1,PRYJ-MZP,DN_MAIN,Signalling & Telecom (SMMS),OHE 8-Wheeler Tower Wagon,180,180,165,8,0,GRANTED_AND_COMPLETED,Successfully completed on schedule,0,0,6800,N/A
HIST-LOG-2025-1336,2026-02-21,NDLS-DDU Golden Diagonal HDN-1,MZP-DDU,UP_MAIN,Traction Distribution (TDMS),CSM_09_32 Tamping Machine,180,0,0,180,0,DENIED_BY_OPERATING,Blocks not given by Operating Dept (Heavy Train Bunching),0,0,153000,YES - 100% resolvable by AI Joint Bundling & Traffic Window Optimizer
HIST-LOG-2025-1337,2025-08-24,NDLS-DDU Golden Diagonal HDN-1,TDL-ETW,DN_MAIN,Engineering (Civil/TMS),None / Manual Gang,180,180,113,67,20,PARTIALLY_UTILIZED,Operational problems / Crew late / 33% machine idling,4,96,286950,YES - 100% resolvable by AI Joint Bundling & Traffic Window Optimizer
HIST-LOG-2025-1338,2025-07-13,NDLS-DDU Golden Diagonal HDN-1,CNB-FTP,DN_MAIN,Engineering (Civil/TMS),CSM_09_32 Tamping Machine,120,0,0,120,0,NOT_PLANNED_DIVISION,Blocks not planned by Divisions / Lack of inter-department coordination,0,0,102000,YES - 100% resolvable by AI Joint Bundling & Traffic Window Optimizer
HIST-LOG-2025-1339,2025-11-27,NDLS-DDU Golden Diagonal HDN-1,MZP-DDU,UP_MAIN,Engineering (Civil/TMS),OHE 8-Wheeler Tower Wagon,360,0,0,360,0,DENIED_BY_OPERATING,Blocks not given by Operating Dept (Heavy Train Bunching),0,0,306000,YES - 100% resolvable by AI Joint Bundling & Traffic Window Optimizer
HIST-LOG-2025-1340,2025-05-13,NDLS-DDU Golden Diagonal HDN-1,ALJN-TDL,UP_MAIN,Engineering (Civil/TMS),CSM_09_32 Tamping Machine,300,0,0,300,0,DENIED_BY_OPERATING,Blocks not given by Operating Dept (Heavy Train Bunching),0,0,255000,YES - 100% resolvable by AI Joint Bundling & Traffic Window Optimizer
HIST-LOG-2025-1341,2026-01-31,NDLS-DDU Golden Diagonal HDN-1,PRYJ-MZP,DN_MAIN,Signalling & Telecom (SMMS),CSM_09_32 Tamping Machine,180,0,0,180,0,NOT_PLANNED_DIVISION,Blocks not planned by Divisions / Lack of inter-department coordination,0,0,153000,YES - 100% resolvable by AI Joint Bundling & Traffic Window Optimizer
HIST-LOG-2025-1342,2026-01-17,NDLS-DDU Golden Diagonal HDN-1,ETW-CNB,UP_MAIN,Traction Distribution (TDMS),CSM_09_32 Tamping Machine,240,0,0,240,0,DENIED_BY_OPERATING,Blocks not given by Operating Dept (Heavy Train Bunching),0,0,204000,YES - 100% resolvable by AI Joint Bundling & Traffic Window Optimizer
HIST-LOG-2025-1343,2025-11-23,NDLS-DDU Golden Diagonal HDN-1,TDL-ETW,DN_MAIN,Signalling & Telecom (SMMS),BCM_800 Ballast Cleaner,180,0,0,180,0,NOT_PLANNED_DIVISION,Blocks not planned by Divisions / Lack of inter-department coordination,0,0,153000,YES - 100% resolvable by AI Joint Bundling & Traffic Window Optimizer
HIST-LOG-2025-1344,2025-12-15,NDLS-DDU Golden Diagonal HDN-1,GZB-ALJN,DN_MAIN,Signalling & Telecom (SMMS),CSM_09_32 Tamping Machine,180,0,0,180,0,NOT_PLANNED_DIVISION,Blocks not planned by Divisions / Lack of inter-department coordination,0,0,153000,YES - 100% resolvable by AI Joint Bundling & Traffic Window Optimizer
HIST-LOG-2025-1345,2025-11-12,NDLS-DDU Golden Diagonal HDN-1,TDL-ETW,UP_MAIN,Signalling & Telecom (SMMS),CSM_09_32 Tamping Machine,300,0,0,300,0,DENIED_BY_OPERATING,Blocks not given by Operating Dept (Heavy Train Bunching),0,0,255000,YES - 100% resolvable by AI Joint Bundling & Traffic Window Optimizer
HIST-LOG-2025-1346,2026-01-06,NDLS-DDU Golden Diagonal HDN-1,ETW-CNB,DN_MAIN,Traction Distribution (TDMS),UNIMAT 08-4S Turnout Tamper,180,0,0,180,0,DENIED_BY_OPERATING,Blocks not given by Operating Dept (Heavy Train Bunching),0,0,153000,YES - 100% resolvable by AI Joint Bundling & Traffic Window Optimizer
HIST-LOG-2025-1347,2025-10-07,NDLS-DDU Golden Diagonal HDN-1,ALJN-TDL,UP_MAIN,Signalling & Telecom (SMMS),CSM_09_32 Tamping Machine,360,360,216,144,10,PARTIALLY_UTILIZED,Operational problems / Crew late / 33% machine idling,3,57,282400,YES - 100% resolvable by AI Joint Bundling & Traffic Window Optimizer
HIST-LOG-2025-1348,2026-01-14,NDLS-DDU Golden Diagonal HDN-1,ALJN-TDL,UP_MAIN,Engineering (Civil/TMS),CSM_09_32 Tamping Machine,300,0,0,300,0,DENIED_BY_OPERATING,Blocks not given by Operating Dept (Heavy Train Bunching),0,0,255000,YES - 100% resolvable by AI Joint Bundling & Traffic Window Optimizer
HIST-LOG-2025-1349,2026-01-18,NDLS-DDU Golden Diagonal HDN-1,PRYJ-MZP,UP_MAIN,Engineering (Civil/TMS),OHE 8-Wheeler Tower Wagon,120,120,78,42,0,PARTIALLY_UTILIZED,Operational problems / Crew late / 33% machine idling,4,96,215700,YES - 100% resolvable by AI Joint Bundling & Traffic Window Optimizer
HIST-LOG-2025-1350,2025-12-08,NDLS-DDU Golden Diagonal HDN-1,PRYJ-MZP,DN_MAIN,Traction Distribution (TDMS),None / Manual Gang,180,0,0,180,0,NO_SCOPE,No scope of work / Site not prepared,0,0,153000,YES - 100% resolvable by AI Joint Bundling & Traffic Window Optimizer
