demand_id,source_system,department,zone,division,corridor,section_code,section_name,line_type,start_km,end_km,work_length_km,work_category,work_description,defect_severity,usfd_flaw_class,asset_age_years,asset_lifecycle_exhaustion_pct,section_annual_gmt,days_since_last_maintenance,existing_speed_restriction_kmph,block_type_required,duration_requested_min,min_acceptable_duration_min,machinery_required,crew_count_required,is_track_machine_involved,is_power_isolation_required,adjacent_line_caution_required,requested_date,deadline_date,derailment_risk_factor,traffic_impact_factor,ai_priority_score,priority_tier,bundling_compatibility_tag
DEM-2026-TRD-10001,TDMS,Traction Distribution (TRD / OHE),NCR,DLI,NDLS-DDU Golden Diagonal HDN-1,ALJN-TDL,Aligarh (ALJN) - Tundla (TDL),UP_MAIN,142.629,143.245,0.616,Safety Critical Defect,Contact Wire Kink & Catenary Sag Emergency Splice,Critical (Immediate),None,15.2,92.8,92.0,58,20,Joint Traffic & Power Block,150,100,Emergency OHE Ladder Trolley,12,0,1,1,2026-09-22,2026-09-23,0.898,0.791,80.9,P1_CRITICAL,COMPAT_SNT_OHE_GENERAL
DEM-2026-ENG-10002,TMS,Engineering (Civil / Track),NCR,DLI,NDLS-DDU Golden Diagonal HDN-1,ALJN-TDL,Aligarh (ALJN) - Tundla (TDL),UP_MAIN,127.977,129.177,1.2,Pre-Monsoon Precaution,Bridge Bearings Inspection & Girder Greasing,Medium (Within 7d),None,16.0,91.0,92.0,228,60,Traffic Block,150,90,Bridge Inspection Unit,10,0,0,0,2026-09-24,2026-10-04,0.353,0.698,56.9,P3_MEDIUM,COMPAT_BRIDGE_STRUCT
DEM-2026-TRD-10003,TDMS,Traction Distribution (TRD / OHE),NCR,DLI,NDLS-DDU Golden Diagonal HDN-1,GZB-ALJN,Ghaziabad (GZB) - Aligarh (ALJN),UP_MAIN,48.482,49.682,1.2,Asset Renewal,25 kV OHE Catenary & Contact Wire Stringing Renewal,High (Within 48h),None,21.1,105.6,85.5,61,45,Joint Traffic & Power Block,300,240,OHE Wiring Train & Tensioning Rig,22,0,1,1,2026-09-24,2026-09-28,0.634,0.695,65.0,P2_HIGH,COMPAT_DEEP_CLEANING
DEM-2026-TRD-10004,TDMS,Traction Distribution (TRD / OHE),NCR,PRYJ,NDLS-DDU Golden Diagonal HDN-1,CNB-FTP,Kanpur Central (CNB) - Fatehpur (FTP),UP_MAIN,444.3,447.8,3.5,Pre-Monsoon Precaution,OHE 25kV Live Feeder Tree Trimming & Neutral Section Check,Low (Planned Monthly),None,2.7,12.3,105.0,199,110,Joint Traffic & Power Block,120,60,Insulated Bucket Truck / Tower Wagon,10,1,1,0,2026-09-22,2026-10-03,0.21,0.659,45.3,P3_MEDIUM,COMPAT_SNT_OHE_GENERAL
DEM-2026-SNT-10005,SMMS,Signalling & Telecom (S&T),NCR,DLI,NDLS-DDU Golden Diagonal HDN-1,GZB-ALJN,Ghaziabad (GZB) - Aligarh (ALJN),UP_MAIN,107.67,108.17,0.5,Routine Maintenance,Point Machine Overhaul & Friction Clutch Testing,High (Within 48h),None,9.0,48.6,85.5,200,45,Traffic Block,120,90,S&T Tool Van / Multimeter Kit,6,0,0,0,2026-09-23,2026-09-27,0.586,0.695,70.8,P2_HIGH,COMPAT_TURNOUT_SNT
DEM-2026-SNT-10006,SMMS,Signalling & Telecom (S&T),NCR,PRYJ,NDLS-DDU Golden Diagonal HDN-1,CNB-FTP,Kanpur Central (CNB) - Fatehpur (FTP),3RD_LINE,440.319,441.519,1.2,Pre-Monsoon Precaution,Main Signalling Cable Insulation Meggering & Trenching Check,Medium (Within 7d),None,12.2,58.3,105.0,250,100,Shadow / Disconnection Block,180,120,Cable Fault Locator Unit,7,0,0,0,2026-09-23,2026-10-04,0.391,0.682,57.8,P3_MEDIUM,COMPAT_SNT_OHE_GENERAL
DEM-2026-ENG-10007,TMS,Engineering (Civil / Track),NCR,PRYJ,NDLS-DDU Golden Diagonal HDN-1,FTP-PRYJ,Fatehpur (FTP) - Prayagraj Jn (PRYJ),UP_MAIN,601.958,602.339,0.381,Safety Critical Defect,USFD Defect Rail Replacement (IMR Flaw),Critical (Immediate),IMR,2.4,29.4,108.5,175,30,Traffic Block,180,120,PQRS_Crane / Rail Tensor,18,1,0,1,2026-09-25,2026-09-27,0.823,0.864,87.6,P1_CRITICAL,COMPAT_TRACK_HEAVY
DEM-2026-ENG-10008,TMS,Engineering (Civil / Track),NCR,PRYJ,NDLS-DDU Golden Diagonal HDN-1,MZP-DDU,Mirzapur (MZP) - Pt. DD Upadhyaya (DDU),UP_MAIN,761.072,766.072,5.0,Routine Maintenance,Track Tamping and Alignment (CSM Machine),Medium (Within 7d),None,6.5,40.0,118.0,218,75,Traffic Block,240,180,CSM_09_32 / DTS_3D,12,1,0,0,2026-09-25,2026-10-02,0.387,0.815,59.1,P3_MEDIUM,COMPAT_SURFACE_PWAY
DEM-2026-SNT-10009,SMMS,Signalling & Telecom (S&T),NCR,DLI,NDLS-DDU Golden Diagonal HDN-1,ALJN-TDL,Aligarh (ALJN) - Tundla (TDL),UP_MAIN,172.745,173.399,0.654,Safety Critical Defect,Digital Axle Counter (DAC) Head Sensor Replacement,Critical (Immediate),None,9.9,41.4,92.0,209,50,Traffic Block,90,60,DAC Calibration Rig,5,0,0,0,2026-09-24,2026-09-26,0.899,0.721,88.8,P1_CRITICAL,COMPAT_SNT_OHE_GENERAL
DEM-2026-TRD-10010,TDMS,Traction Distribution (TRD / OHE),NCR,DLI,NDLS-DDU Golden Diagonal HDN-1,GZB-ALJN,Ghaziabad (GZB) - Aligarh (ALJN),UP_MAIN,96.965,98.965,2.0,Pre-Monsoon Precaution,OHE 25kV Live Feeder Tree Trimming & Neutral Section Check,Low (Planned Monthly),None,3.3,19.5,85.5,246,110,Joint Traffic & Power Block,120,60,Insulated Bucket Truck / Tower Wagon,10,1,1,0,2026-09-23,2026-10-14,0.101,0.545,38.7,P4_LOW,COMPAT_SNT_OHE_GENERAL
DEM-2026-SNT-10011,SMMS,Signalling & Telecom (S&T),NCR,DLI,NDLS-DDU Golden Diagonal HDN-1,ALJN-TDL,Aligarh (ALJN) - Tundla (TDL),DN_MAIN,171.368,172.568,1.2,Routine Maintenance,Integrated LED Signal Aspect Overhaul & Alignment,Low (Planned Monthly),None,8.9,39.3,92.0,14,110,Shadow / Disconnection Block,90,60,Signal Alignment Telescope,4,0,0,0,2026-09-22,2026-10-20,0.214,0.583,29.5,P4_LOW,COMPAT_SNT_OHE_GENERAL
DEM-2026-SNT-10012,SMMS,Signalling & Telecom (S&T),NCR,DLI,NDLS-DDU Golden Diagonal HDN-1,ALJN-TDL,Aligarh (ALJN) - Tundla (TDL),DN_MAIN,143.839,145.039,1.2,Routine Maintenance,Track Circuit Glued Joint Bonding & Meggering,Medium (Within 7d),None,19.4,115.4,92.0,57,80,Traffic Block,120,90,Insulation Megger Tester,6,0,0,0,2026-09-22,2026-10-04,0.476,0.652,49.0,P3_MEDIUM,COMPAT_SURFACE_PWAY
DEM-2026-TRD-10013,TDMS,Traction Distribution (TRD / OHE),NCR,DLI,NDLS-DDU Golden Diagonal HDN-1,TDL-ETW,Tundla (TDL) - Etawah (ETW),UP_MAIN,218.614,223.614,5.0,Pre-Monsoon Precaution,OHE 25kV Live Feeder Tree Trimming & Neutral Section Check,Low (Planned Monthly),None,19.3,99.2,96.4,122,110,Joint Traffic & Power Block,120,60,Insulated Bucket Truck / Tower Wagon,10,1,1,0,2026-09-24,2026-10-13,0.276,0.608,42.7,P4_LOW,COMPAT_SNT_OHE_GENERAL
DEM-2026-ENG-10014,TMS,Engineering (Civil / Track),NCR,PRYJ,NDLS-DDU Golden Diagonal HDN-1,PRYJ-MZP,Prayagraj Jn (PRYJ) - Mirzapur (MZP),DN_MAIN,665.602,666.802,1.2,Pre-Monsoon Precaution,Bridge Bearings Inspection & Girder Greasing,Medium (Within 7d),None,5.7,28.6,94.0,131,60,Traffic Block,150,90,Bridge Inspection Unit,10,0,0,0,2026-09-22,2026-09-28,0.441,0.71,56.9,P3_MEDIUM,COMPAT_BRIDGE_STRUCT
DEM-2026-ENG-10015,TMS,Engineering (Civil / Track),NCR,DLI,NDLS-DDU Golden Diagonal HDN-1,GZB-ALJN,Ghaziabad (GZB) - Aligarh (ALJN),UP_MAIN,108.113,108.263,0.15,Safety Critical Defect,USFD Defect Rail Replacement (IMR Flaw),Critical (Immediate),IMR,6.0,40.1,85.5,123,30,Traffic Block,180,120,PQRS_Crane / Rail Tensor,18,1,0,1,2026-09-23,2026-09-25,0.888,0.73,84.2,P1_CRITICAL,COMPAT_TRACK_HEAVY
DEM-2026-ENG-10016,TMS,Engineering (Civil / Track),NCR,PRYJ,NDLS-DDU Golden Diagonal HDN-1,MZP-DDU,Mirzapur (MZP) - Pt. DD Upadhyaya (DDU),DN_MAIN,755.868,756.216,0.348,Safety Critical Defect,USFD Defect Rail Replacement (IMR Flaw),Critical (Immediate),IMR,9.6,63.9,118.0,41,30,Traffic Block,180,120,PQRS_Crane / Rail Tensor,18,1,0,1,2026-09-22,2026-09-23,0.915,0.919,81.4,P1_CRITICAL,COMPAT_TRACK_HEAVY
DEM-2026-SNT-10017,SMMS,Signalling & Telecom (S&T),NCR,PRYJ,NDLS-DDU Golden Diagonal HDN-1,PRYJ-MZP,Prayagraj Jn (PRYJ) - Mirzapur (MZP),DN_MAIN,648.26,649.46,1.2,Routine Maintenance,Point Machine Overhaul & Friction Clutch Testing,High (Within 48h),None,12.3,55.7,94.0,107,45,Traffic Block,120,90,S&T Tool Van / Multimeter Kit,6,0,0,0,2026-09-22,2026-09-25,0.611,0.744,66.6,P2_HIGH,COMPAT_TURNOUT_SNT
DEM-2026-ENG-10018,TMS,Engineering (Civil / Track),NCR,PRYJ,NDLS-DDU Golden Diagonal HDN-1,MZP-DDU,Mirzapur (MZP) - Pt. DD Upadhyaya (DDU),3RD_LINE,776.457,777.142,0.685,Safety Critical Defect,Thermit Weld Collar Fracturing Repair,Critical (Immediate),REM,21.3,124.3,118.0,135,30,Traffic Block,120,90,Thermit Welding Kit / Gang,15,0,0,1,2026-09-25,2026-09-27,0.813,0.919,83.6,P1_CRITICAL,COMPAT_TRACK_HEAVY
DEM-2026-SNT-10019,SMMS,Signalling & Telecom (S&T),NCR,PRYJ,NDLS-DDU Golden Diagonal HDN-1,ETW-CNB,Etawah (ETW) - Kanpur Central (CNB),DN_MAIN,347.351,348.141,0.79,Safety Critical Defect,Digital Axle Counter (DAC) Head Sensor Replacement,Critical (Immediate),None,6.6,46.5,110.2,246,50,Traffic Block,90,60,DAC Calibration Rig,5,0,0,0,2026-09-23,2026-09-25,0.837,0.827,87.6,P1_CRITICAL,COMPAT_SNT_OHE_GENERAL
DEM-2026-ENG-10020,TMS,Engineering (Civil / Track),NCR,PRYJ,NDLS-DDU Golden Diagonal HDN-1,ETW-CNB,Etawah (ETW) - Kanpur Central (CNB),DN_MAIN,374.479,374.959,0.48,Safety Critical Defect,USFD Defect Rail Replacement (IMR Flaw),Critical (Immediate),IMR,16.7,75.2,110.2,258,30,Traffic Block,180,120,PQRS_Crane / Rail Tensor,18,1,0,1,2026-09-22,2026-09-23,0.881,0.874,90.8,P1_CRITICAL,COMPAT_TRACK_HEAVY
DEM-2026-ENG-10021,TMS,Engineering (Civil / Track),NCR,DLI,NDLS-DDU Golden Diagonal HDN-1,ALJN-TDL,Aligarh (ALJN) - Tundla (TDL),UP_MAIN,176.303,176.568,0.265,Safety Critical Defect,USFD Defect Rail Replacement (IMR Flaw),Critical (Immediate),IMR,3.5,34.2,92.0,140,30,Traffic Block,180,120,PQRS_Crane / Rail Tensor,18,1,0,1,2026-09-22,2026-09-23,0.896,0.767,86.5,P1_CRITICAL,COMPAT_TRACK_HEAVY
DEM-2026-SNT-10022,SMMS,Signalling & Telecom (S&T),NCR,PRYJ,NDLS-DDU Golden Diagonal HDN-1,PRYJ-MZP,Prayagraj Jn (PRYJ) - Mirzapur (MZP),DN_MAIN,684.262,684.582,0.32,Safety Critical Defect,Digital Axle Counter (DAC) Head Sensor Replacement,Critical (Immediate),None,6.6,26.9,94.0,167,50,Traffic Block,90,60,DAC Calibration Rig,5,0,0,0,2026-09-22,2026-09-23,0.871,0.733,86.6,P1_CRITICAL,COMPAT_SNT_OHE_GENERAL
DEM-2026-SNT-10023,SMMS,Signalling & Telecom (S&T),NCR,PRYJ,NDLS-DDU Golden Diagonal HDN-1,MZP-DDU,Mirzapur (MZP) - Pt. DD Upadhyaya (DDU),3RD_LINE,720.432,721.632,1.2,Routine Maintenance,Point Machine Overhaul & Friction Clutch Testing,High (Within 48h),None,11.6,52.0,118.0,192,45,Traffic Block,120,90,S&T Tool Van / Multimeter Kit,6,0,0,0,2026-09-24,2026-09-25,0.744,0.884,80.7,P1_CRITICAL,COMPAT_TURNOUT_SNT
DEM-2026-ENG-10024,TMS,Engineering (Civil / Track),NCR,PRYJ,NDLS-DDU Golden Diagonal HDN-1,CNB-FTP,Kanpur Central (CNB) - Fatehpur (FTP),UP_MAIN,487.414,492.414,5.0,Pre-Monsoon Precaution,Bridge Bearings Inspection & Girder Greasing,Medium (Within 7d),None,21.7,122.7,105.0,18,60,Traffic Block,150,90,Bridge Inspection Unit,10,0,0,0,2026-09-24,2026-10-04,0.46,0.774,49.3,P3_MEDIUM,COMPAT_BRIDGE_STRUCT
DEM-2026-ENG-10025,TMS,Engineering (Civil / Track),NCR,DLI,NDLS-DDU Golden Diagonal HDN-1,ALJN-TDL,Aligarh (ALJN) - Tundla (TDL),UP_MAIN,181.31,181.519,0.209,Safety Critical Defect,USFD Defect Rail Replacement (IMR Flaw),Critical (Immediate),IMR,6.9,30.8,92.0,189,30,Traffic Block,180,120,PQRS_Crane / Rail Tensor,18,1,0,1,2026-09-25,2026-09-27,0.821,0.767,86.4,P1_CRITICAL,COMPAT_TRACK_HEAVY
DEM-2026-ENG-10026,TMS,Engineering (Civil / Track),NCR,PRYJ,NDLS-DDU Golden Diagonal HDN-1,CNB-FTP,Kanpur Central (CNB) - Fatehpur (FTP),UP_MAIN,496.786,497.286,0.5,Routine Maintenance,Points & Crossing Turnout Tamping (UNIMAT),High (Within 48h),None,1.1,18.6,105.0,148,50,Traffic Block,180,120,UNIMAT_08_4S,14,1,0,1,2026-09-25,2026-09-29,0.586,0.797,69.2,P2_HIGH,COMPAT_TURNOUT_SNT
DEM-2026-ENG-10027,TMS,Engineering (Civil / Track),NCR,DLI,NDLS-DDU Golden Diagonal HDN-1,GZB-ALJN,Ghaziabad (GZB) - Aligarh (ALJN),UP_MAIN,112.653,113.135,0.482,Safety Critical Defect,Thermit Weld Collar Fracturing Repair,Critical (Immediate),REM,18.5,100.0,85.5,89,30,Traffic Block,120,90,Thermit Welding Kit / Gang,15,0,0,1,2026-09-24,2026-09-27,0.866,0.73,79.3,P2_HIGH,COMPAT_TRACK_HEAVY
DEM-2026-SNT-10028,SMMS,Signalling & Telecom (S&T),NCR,PRYJ,NDLS-DDU Golden Diagonal HDN-1,FTP-PRYJ,Fatehpur (FTP) - Prayagraj Jn (PRYJ),UP_MAIN,588.368,588.935,0.567,Safety Critical Defect,Digital Axle Counter (DAC) Head Sensor Replacement,Critical (Immediate),None,8.4,48.8,108.5,222,50,Traffic Block,90,60,DAC Calibration Rig,5,0,0,0,2026-09-23,2026-09-24,0.975,0.818,93.6,P1_CRITICAL,COMPAT_SNT_OHE_GENERAL
DEM-2026-SNT-10029,SMMS,Signalling & Telecom (S&T),NCR,DLI,NDLS-DDU Golden Diagonal HDN-1,TDL-ETW,Tundla (TDL) - Etawah (ETW),UP_MAIN,219.873,221.873,2.0,Routine Maintenance,Point Machine Overhaul & Friction Clutch Testing,High (Within 48h),None,17.4,89.4,96.4,141,45,Traffic Block,120,90,S&T Tool Van / Multimeter Kit,6,0,0,0,2026-09-22,2026-09-27,0.609,0.758,69.5,P2_HIGH,COMPAT_TURNOUT_SNT
DEM-2026-SNT-10030,SMMS,Signalling & Telecom (S&T),NCR,PRYJ,NDLS-DDU Golden Diagonal HDN-1,PRYJ-MZP,Prayagraj Jn (PRYJ) - Mirzapur (MZP),UP_MAIN,644.063,644.806,0.743,Safety Critical Defect,Digital Axle Counter (DAC) Head Sensor Replacement,Critical (Immediate),None,8.3,56.1,94.0,130,50,Traffic Block,90,60,DAC Calibration Rig,5,0,0,0,2026-09-25,2026-09-26,0.825,0.733,81.5,P1_CRITICAL,COMPAT_SNT_OHE_GENERAL
DEM-2026-SNT-10031,SMMS,Signalling & Telecom (S&T),NCR,PRYJ,NDLS-DDU Golden Diagonal HDN-1,FTP-PRYJ,Fatehpur (FTP) - Prayagraj Jn (PRYJ),DN_MAIN,551.802,556.802,5.0,Routine Maintenance,Track Circuit Glued Joint Bonding & Meggering,Medium (Within 7d),None,9.4,66.4,108.5,183,80,Traffic Block,120,90,Insulation Megger Tester,6,0,0,0,2026-09-24,2026-09-30,0.525,0.748,62.8,P3_MEDIUM,COMPAT_SURFACE_PWAY
DEM-2026-ENG-10032,TMS,Engineering (Civil / Track),NCR,DLI,NDLS-DDU Golden Diagonal HDN-1,TDL-ETW,Tundla (TDL) - Etawah (ETW),DN_MAIN,242.459,244.459,2.0,Pre-Monsoon Precaution,Bridge Bearings Inspection & Girder Greasing,Medium (Within 7d),None,10.2,70.5,96.4,73,60,Traffic Block,150,90,Bridge Inspection Unit,10,0,0,0,2026-09-23,2026-10-03,0.392,0.724,50.1,P3_MEDIUM,COMPAT_BRIDGE_STRUCT
DEM-2026-TRD-10033,TDMS,Traction Distribution (TRD / OHE),NCR,PRYJ,NDLS-DDU Golden Diagonal HDN-1,CNB-FTP,Kanpur Central (CNB) - Fatehpur (FTP),UP_MAIN,473.734,478.734,5.0,Routine Maintenance,OHE Periodic Annual Overhaul (AOH) & Dropper Regulation,Medium (Within 7d),None,15.4,95.2,105.0,114,90,Joint Traffic & Power Block,180,120,8-Wheeler OHE Tower Wagon,14,1,1,0,2026-09-24,2026-09-30,0.387,0.705,53.7,P3_MEDIUM,COMPAT_SNT_OHE_GENERAL
DEM-2026-SNT-10034,SMMS,Signalling & Telecom (S&T),NCR,PRYJ,NDLS-DDU Golden Diagonal HDN-1,FTP-PRYJ,Fatehpur (FTP) - Prayagraj Jn (PRYJ),3RD_LINE,612.455,617.455,5.0,Pre-Monsoon Precaution,Main Signalling Cable Insulation Meggering & Trenching Check,Medium (Within 7d),None,7.5,39.8,108.5,220,100,Shadow / Disconnection Block,180,120,Cable Fault Locator Unit,7,0,0,0,2026-09-23,2026-10-03,0.467,0.702,61.5,P3_MEDIUM,COMPAT_SNT_OHE_GENERAL
DEM-2026-TRD-10035,TDMS,Traction Distribution (TRD / OHE),NCR,PRYJ,NDLS-DDU Golden Diagonal HDN-1,ETW-CNB,Etawah (ETW) - Kanpur Central (CNB),DN_MAIN,387.777,388.977,1.2,Routine Maintenance,Section Insulator & Motorized Isolator Contact Overhaul,Medium (Within 7d),None,13.9,68.5,110.2,14,80,Joint Traffic & Power Block,120,90,OHE Tower Wagon,8,1,1,0,2026-09-25,2026-10-14,0.373,0.758,44.8,P4_LOW,COMPAT_TURNOUT_SNT
DEM-2026-ENG-10036,TMS,Engineering (Civil / Track),NCR,PRYJ,NDLS-DDU Golden Diagonal HDN-1,FTP-PRYJ,Fatehpur (FTP) - Prayagraj Jn (PRYJ),DN_MAIN,536.614,537.045,0.431,Safety Critical Defect,Thermit Weld Collar Fracturing Repair,Critical (Immediate),REM,19.9,113.4,108.5,100,30,Traffic Block,120,90,Thermit Welding Kit / Gang,15,0,0,1,2026-09-24,2026-09-26,0.912,0.864,84.3,P1_CRITICAL,COMPAT_TRACK_HEAVY
DEM-2026-TRD-10037,TDMS,Traction Distribution (TRD / OHE),NCR,DLI,NDLS-DDU Golden Diagonal HDN-1,ALJN-TDL,Aligarh (ALJN) - Tundla (TDL),UP_MAIN,186.089,186.292,0.203,Safety Critical Defect,Contact Wire Kink & Catenary Sag Emergency Splice,Critical (Immediate),None,2.0,29.5,92.0,51,20,Joint Traffic & Power Block,150,100,Emergency OHE Ladder Trolley,12,0,1,1,2026-09-23,2026-09-28,0.871,0.791,79.1,P2_HIGH,COMPAT_SNT_OHE_GENERAL
DEM-2026-ENG-10038,TMS,Engineering (Civil / Track),NCR,PRYJ,NDLS-DDU Golden Diagonal HDN-1,PRYJ-MZP,Prayagraj Jn (PRYJ) - Mirzapur (MZP),DN_MAIN,683.093,683.593,0.5,Routine Maintenance,Track Tamping and Alignment (CSM Machine),Medium (Within 7d),None,19.7,114.3,94.0,68,75,Traffic Block,240,180,CSM_09_32 / DTS_3D,12,1,0,0,2026-09-23,2026-09-30,0.487,0.675,52.2,P3_MEDIUM,COMPAT_SURFACE_PWAY
DEM-2026-TRD-10039,TDMS,Traction Distribution (TRD / OHE),NCR,PRYJ,NDLS-DDU Golden Diagonal HDN-1,MZP-DDU,Mirzapur (MZP) - Pt. DD Upadhyaya (DDU),UP_MAIN,743.616,747.116,3.5,Routine Maintenance,OHE Periodic Annual Overhaul (AOH) & Dropper Regulation,Medium (Within 7d),None,15.0,94.6,118.0,176,90,Joint Traffic & Power Block,180,120,8-Wheeler OHE Tower Wagon,14,1,1,0,2026-09-25,2026-09-29,0.528,0.781,66.4,P2_HIGH,COMPAT_SNT_OHE_GENERAL
DEM-2026-TRD-10040,TDMS,Traction Distribution (TRD / OHE),NCR,PRYJ,NDLS-DDU Golden Diagonal HDN-1,MZP-DDU,Mirzapur (MZP) - Pt. DD Upadhyaya (DDU),UP_MAIN,743.229,744.429,1.2,Routine Maintenance,Section Insulator & Motorized Isolator Contact Overhaul,Medium (Within 7d),None,18.6,91.3,118.0,280,80,Joint Traffic & Power Block,120,90,OHE Tower Wagon,8,1,1,0,2026-09-24,2026-10-01,0.416,0.804,61.3,P3_MEDIUM,COMPAT_TURNOUT_SNT
DEM-2026-TRD-10041,TDMS,Traction Distribution (TRD / OHE),NCR,PRYJ,NDLS-DDU Golden Diagonal HDN-1,MZP-DDU,Mirzapur (MZP) - Pt. DD Upadhyaya (DDU),UP_MAIN,732.439,732.763,0.324,Safety Critical Defect,Contact Wire Kink & Catenary Sag Emergency Splice,Critical (Immediate),None,12.3,55.7,118.0,132,20,Joint Traffic & Power Block,150,100,Emergency OHE Ladder Trolley,12,0,1,1,2026-09-23,2026-09-24,0.857,0.942,87.4,P1_CRITICAL,COMPAT_SNT_OHE_GENERAL
DEM-2026-ENG-10042,TMS,Engineering (Civil / Track),NCR,DLI,NDLS-DDU Golden Diagonal HDN-1,ALJN-TDL,Aligarh (ALJN) - Tundla (TDL),DN_MAIN,160.711,161.211,0.5,Pre-Monsoon Precaution,Bridge Bearings Inspection & Girder Greasing,Medium (Within 7d),None,5.3,29.1,92.0,24,60,Traffic Block,150,90,Bridge Inspection Unit,10,0,0,0,2026-09-25,2026-10-07,0.506,0.698,50.7,P3_MEDIUM,COMPAT_BRIDGE_STRUCT
DEM-2026-SNT-10043,SMMS,Signalling & Telecom (S&T),NCR,PRYJ,NDLS-DDU Golden Diagonal HDN-1,MZP-DDU,Mirzapur (MZP) - Pt. DD Upadhyaya (DDU),UP_MAIN,761.585,765.085,3.5,Routine Maintenance,Track Circuit Glued Joint Bonding & Meggering,Medium (Within 7d),None,12.3,73.5,118.0,126,80,Traffic Block,120,90,Insulation Megger Tester,6,0,0,0,2026-09-25,2026-10-03,0.417,0.804,54.3,P3_MEDIUM,COMPAT_SURFACE_PWAY
DEM-2026-ENG-10044,TMS,Engineering (Civil / Track),NCR,PRYJ,NDLS-DDU Golden Diagonal HDN-1,MZP-DDU,Mirzapur (MZP) - Pt. DD Upadhyaya (DDU),UP_MAIN,757.088,757.471,0.383,Safety Critical Defect,Thermit Weld Collar Fracturing Repair,Critical (Immediate),REM,4.5,26.5,118.0,79,30,Traffic Block,120,90,Thermit Welding Kit / Gang,15,0,0,1,2026-09-25,2026-09-26,0.976,0.919,86.3,P1_CRITICAL,COMPAT_TRACK_HEAVY
DEM-2026-TRD-10045,TDMS,Traction Distribution (TRD / OHE),NCR,DLI,NDLS-DDU Golden Diagonal HDN-1,GZB-ALJN,Ghaziabad (GZB) - Aligarh (ALJN),UP_MAIN,108.852,109.079,0.227,Safety Critical Defect,Contact Wire Kink & Catenary Sag Emergency Splice,Critical (Immediate),None,6.5,32.3,85.5,246,20,Joint Traffic & Power Block,150,100,Emergency OHE Ladder Trolley,12,0,1,1,2026-09-24,2026-09-26,0.845,0.753,88.1,P1_CRITICAL,COMPAT_SNT_OHE_GENERAL
DEM-2026-SNT-10046,SMMS,Signalling & Telecom (S&T),NCR,PRYJ,NDLS-DDU Golden Diagonal HDN-1,PRYJ-MZP,Prayagraj Jn (PRYJ) - Mirzapur (MZP),DN_MAIN,628.657,633.657,5.0,Asset Renewal,Electronic Interlocking (EI) Field Functional Testing,High (Within 48h),None,2.1,29.1,94.0,128,30,Traffic Block,240,180,EI Simulator & Logic Analyzer,8,0,0,1,2026-09-22,2026-09-27,0.693,0.779,74.0,P2_HIGH,COMPAT_INTERLOCKING
DEM-2026-ENG-10047,TMS,Engineering (Civil / Track),NCR,DLI,NDLS-DDU Golden Diagonal HDN-1,GZB-ALJN,Ghaziabad (GZB) - Aligarh (ALJN),UP_MAIN,83.687,83.954,0.267,Safety Critical Defect,USFD Defect Rail Replacement (IMR Flaw),Critical (Immediate),IMR,10.9,47.9,85.5,125,30,Traffic Block,180,120,PQRS_Crane / Rail Tensor,18,1,0,1,2026-09-24,2026-09-26,0.873,0.73,83.7,P1_CRITICAL,COMPAT_TRACK_HEAVY
DEM-2026-SNT-10048,SMMS,Signalling & Telecom (S&T),NCR,DLI,NDLS-DDU Golden Diagonal HDN-1,TDL-ETW,Tundla (TDL) - Etawah (ETW),UP_MAIN,289.378,289.554,0.176,Safety Critical Defect,Digital Axle Counter (DAC) Head Sensor Replacement,Critical (Immediate),None,1.5,6.9,96.4,206,50,Traffic Block,90,60,DAC Calibration Rig,5,0,0,0,2026-09-22,2026-09-23,0.859,0.747,87.4,P1_CRITICAL,COMPAT_SNT_OHE_GENERAL
DEM-2026-TRD-10049,TDMS,Traction Distribution (TRD / OHE),NCR,PRYJ,NDLS-DDU Golden Diagonal HDN-1,ETW-CNB,Etawah (ETW) - Kanpur Central (CNB),UP_MAIN,411.215,416.215,5.0,Asset Renewal,25 kV OHE Catenary & Contact Wire Stringing Renewal,High (Within 48h),None,17.9,103.4,110.2,35,45,Joint Traffic & Power Block,300,240,OHE Wiring Train & Tensioning Rig,22,0,1,1,2026-09-24,2026-10-03,0.626,0.839,64.7,P3_MEDIUM,COMPAT_DEEP_CLEANING
DEM-2026-ENG-10050,TMS,Engineering (Civil / Track),NCR,DLI,NDLS-DDU Golden Diagonal HDN-1,ALJN-TDL,Aligarh (ALJN) - Tundla (TDL),DN_MAIN,187.264,187.764,0.5,Routine Maintenance,Points & Crossing Turnout Tamping (UNIMAT),High (Within 48h),None,10.1,51.4,92.0,249,50,Traffic Block,180,120,UNIMAT_08_4S,14,1,0,1,2026-09-23,2026-09-27,0.706,0.721,76.1,P2_HIGH,COMPAT_TURNOUT_SNT
DEM-2026-SNT-10051,SMMS,Signalling & Telecom (S&T),NCR,PRYJ,NDLS-DDU Golden Diagonal HDN-1,CNB-FTP,Kanpur Central (CNB) - Fatehpur (FTP),3RD_LINE,492.711,496.211,3.5,Routine Maintenance,Integrated LED Signal Aspect Overhaul & Alignment,Low (Planned Monthly),None,10.1,62.4,105.0,151,110,Shadow / Disconnection Block,90,60,Signal Alignment Telescope,4,0,0,0,2026-09-22,2026-10-12,0.161,0.659,39.7,P4_LOW,COMPAT_SNT_OHE_GENERAL
DEM-2026-ENG-10052,TMS,Engineering (Civil / Track),NCR,PRYJ,NDLS-DDU Golden Diagonal HDN-1,CNB-FTP,Kanpur Central (CNB) - Fatehpur (FTP),DN_MAIN,477.454,480.954,3.5,Routine Maintenance,Points & Crossing Turnout Tamping (UNIMAT),High (Within 48h),None,8.1,45.3,105.0,180,50,Traffic Block,180,120,UNIMAT_08_4S,14,1,0,1,2026-09-24,2026-09-27,0.59,0.797,72.0,P2_HIGH,COMPAT_TURNOUT_SNT
DEM-2026-ENG-10053,TMS,Engineering (Civil / Track),NCR,PRYJ,NDLS-DDU Golden Diagonal HDN-1,CNB-FTP,Kanpur Central (CNB) - Fatehpur (FTP),DN_MAIN,487.238,489.238,2.0,Pre-Monsoon Precaution,Bridge Bearings Inspection & Girder Greasing,Medium (Within 7d),None,12.7,69.0,105.0,111,60,Traffic Block,150,90,Bridge Inspection Unit,10,0,0,0,2026-09-25,2026-10-06,0.321,0.774,50.8,P3_MEDIUM,COMPAT_BRIDGE_STRUCT
DEM-2026-SNT-10054,SMMS,Signalling & Telecom (S&T),NCR,PRYJ,NDLS-DDU Golden Diagonal HDN-1,MZP-DDU,Mirzapur (MZP) - Pt. DD Upadhyaya (DDU),3RD_LINE,744.804,748.304,3.5,Pre-Monsoon Precaution,Main Signalling Cable Insulation Meggering & Trenching Check,Medium (Within 7d),None,10.4,42.5,118.0,164,100,Shadow / Disconnection Block,180,120,Cable Fault Locator Unit,7,0,0,0,2026-09-23,2026-10-04,0.353,0.758,55.9,P3_MEDIUM,COMPAT_SNT_OHE_GENERAL
DEM-2026-TRD-10055,TDMS,Traction Distribution (TRD / OHE),NCR,PRYJ,NDLS-DDU Golden Diagonal HDN-1,CNB-FTP,Kanpur Central (CNB) - Fatehpur (FTP),3RD_LINE,476.234,478.234,2.0,Routine Maintenance,Section Insulator & Motorized Isolator Contact Overhaul,Medium (Within 7d),None,9.9,61.9,105.0,183,80,Joint Traffic & Power Block,120,90,OHE Tower Wagon,8,1,1,0,2026-09-24,2026-10-03,0.384,0.728,58.7,P3_MEDIUM,COMPAT_TURNOUT_SNT
DEM-2026-ENG-10056,TMS,Engineering (Civil / Track),NCR,PRYJ,NDLS-DDU Golden Diagonal HDN-1,CNB-FTP,Kanpur Central (CNB) - Fatehpur (FTP),DN_MAIN,449.348,449.532,0.184,Safety Critical Defect,Thermit Weld Collar Fracturing Repair,Critical (Immediate),REM,12.3,74.4,105.0,108,30,Traffic Block,120,90,Thermit Welding Kit / Gang,15,0,0,1,2026-09-24,2026-09-26,0.818,0.843,80.5,P1_CRITICAL,COMPAT_TRACK_HEAVY
DEM-2026-SNT-10057,SMMS,Signalling & Telecom (S&T),NCR,PRYJ,NDLS-DDU Golden Diagonal HDN-1,CNB-FTP,Kanpur Central (CNB) - Fatehpur (FTP),UP_MAIN,451.947,453.147,1.2,Routine Maintenance,Track Circuit Glued Joint Bonding & Meggering,Medium (Within 7d),None,7.3,47.7,105.0,78,80,Traffic Block,120,90,Insulation Megger Tester,6,0,0,0,2026-09-24,2026-09-30,0.366,0.728,46.9,P3_MEDIUM,COMPAT_SURFACE_PWAY
DEM-2026-ENG-10058,TMS,Engineering (Civil / Track),NCR,DLI,NDLS-DDU Golden Diagonal HDN-1,TDL-ETW,Tundla (TDL) - Etawah (ETW),DN_MAIN,254.805,255.234,0.429,Safety Critical Defect,USFD Defect Rail Replacement (IMR Flaw),Critical (Immediate),IMR,10.2,46.5,96.4,40,30,Traffic Block,180,120,PQRS_Crane / Rail Tensor,18,1,0,1,2026-09-22,2026-09-26,0.83,0.793,75.6,P2_HIGH,COMPAT_TRACK_HEAVY
DEM-2026-TRD-10059,TDMS,Traction Distribution (TRD / OHE),NCR,DLI,NDLS-DDU Golden Diagonal HDN-1,ALJN-TDL,Aligarh (ALJN) - Tundla (TDL),DN_MAIN,172.894,173.394,0.5,Pre-Monsoon Precaution,OHE 25kV Live Feeder Tree Trimming & Neutral Section Check,Low (Planned Monthly),None,4.2,35.3,92.0,169,110,Joint Traffic & Power Block,120,60,Insulated Bucket Truck / Tower Wagon,10,1,1,0,2026-09-22,2026-10-12,0.116,0.583,39.0,P4_LOW,COMPAT_SNT_OHE_GENERAL
DEM-2026-SNT-10060,SMMS,Signalling & Telecom (S&T),NCR,PRYJ,NDLS-DDU Golden Diagonal HDN-1,PRYJ-MZP,Prayagraj Jn (PRYJ) - Mirzapur (MZP),UP_MAIN,665.519,669.019,3.5,Asset Renewal,Electronic Interlocking (EI) Field Functional Testing,High (Within 48h),None,7.2,43.7,94.0,233,30,Traffic Block,240,180,EI Simulator & Logic Analyzer,8,0,0,1,2026-09-22,2026-09-27,0.617,0.779,75.0,P2_HIGH,COMPAT_INTERLOCKING
DEM-2026-TRD-10061,TDMS,Traction Distribution (TRD / OHE),NCR,DLI,NDLS-DDU Golden Diagonal HDN-1,ALJN-TDL,Aligarh (ALJN) - Tundla (TDL),UP_MAIN,175.202,176.402,1.2,Asset Renewal,25 kV OHE Catenary & Contact Wire Stringing Renewal,High (Within 48h),None,6.0,36.6,92.0,94,45,Joint Traffic & Power Block,300,240,OHE Wiring Train & Tensioning Rig,22,0,1,1,2026-09-25,2026-10-04,0.551,0.733,64.6,P3_MEDIUM,COMPAT_DEEP_CLEANING
DEM-2026-ENG-10062,TMS,Engineering (Civil / Track),NCR,PRYJ,NDLS-DDU Golden Diagonal HDN-1,CNB-FTP,Kanpur Central (CNB) - Fatehpur (FTP),UP_MAIN,456.063,456.765,0.702,Safety Critical Defect,Thermit Weld Collar Fracturing Repair,Critical (Immediate),REM,2.5,9.5,105.0,149,30,Traffic Block,120,90,Thermit Welding Kit / Gang,15,0,0,1,2026-09-25,2026-09-26,0.938,0.843,89.3,P1_CRITICAL,COMPAT_TRACK_HEAVY
DEM-2026-TRD-10063,TDMS,Traction Distribution (TRD / OHE),NCR,DLI,NDLS-DDU Golden Diagonal HDN-1,ALJN-TDL,Aligarh (ALJN) - Tundla (TDL),UP_MAIN,187.584,188.084,0.5,Asset Renewal,25 kV OHE Catenary & Contact Wire Stringing Renewal,High (Within 48h),None,2.3,25.3,92.0,161,45,Joint Traffic & Power Block,300,240,OHE Wiring Train & Tensioning Rig,22,0,1,1,2026-09-24,2026-09-28,0.647,0.733,74.5,P2_HIGH,COMPAT_DEEP_CLEANING
DEM-2026-TRD-10064,TDMS,Traction Distribution (TRD / OHE),NCR,PRYJ,NDLS-DDU Golden Diagonal HDN-1,PRYJ-MZP,Prayagraj Jn (PRYJ) - Mirzapur (MZP),DN_MAIN,664.428,669.428,5.0,Routine Maintenance,Section Insulator & Motorized Isolator Contact Overhaul,Medium (Within 7d),None,1.8,12.0,94.0,179,80,Joint Traffic & Power Block,120,90,OHE Tower Wagon,8,1,1,0,2026-09-22,2026-09-28,0.445,0.664,60.4,P3_MEDIUM,COMPAT_TURNOUT_SNT
DEM-2026-SNT-10065,SMMS,Signalling & Telecom (S&T),NCR,PRYJ,NDLS-DDU Golden Diagonal HDN-1,ETW-CNB,Etawah (ETW) - Kanpur Central (CNB),UP_MAIN,407.303,412.303,5.0,Pre-Monsoon Precaution,Main Signalling Cable Insulation Meggering & Trenching Check,Medium (Within 7d),None,1.8,21.7,110.2,254,100,Shadow / Disconnection Block,180,120,Cable Fault Locator Unit,7,0,0,0,2026-09-24,2026-10-03,0.425,0.712,59.8,P3_MEDIUM,COMPAT_SNT_OHE_GENERAL
DEM-2026-TRD-10066,TDMS,Traction Distribution (TRD / OHE),NCR,DLI,NDLS-DDU Golden Diagonal HDN-1,TDL-ETW,Tundla (TDL) - Etawah (ETW),DN_MAIN,289.761,293.261,3.5,Routine Maintenance,Section Insulator & Motorized Isolator Contact Overhaul,Medium (Within 7d),None,8.3,41.5,96.4,67,80,Joint Traffic & Power Block,120,90,OHE Tower Wagon,8,1,1,0,2026-09-25,2026-10-03,0.506,0.678,54.0,P3_MEDIUM,COMPAT_TURNOUT_SNT
DEM-2026-TRD-10067,TDMS,Traction Distribution (TRD / OHE),NCR,PRYJ,NDLS-DDU Golden Diagonal HDN-1,MZP-DDU,Mirzapur (MZP) - Pt. DD Upadhyaya (DDU),DN_MAIN,765.221,770.221,5.0,Routine Maintenance,Section Insulator & Motorized Isolator Contact Overhaul,Medium (Within 7d),None,1.8,1.6,118.0,143,80,Joint Traffic & Power Block,120,90,OHE Tower Wagon,8,1,1,0,2026-09-25,2026-10-07,0.378,0.804,56.5,P3_MEDIUM,COMPAT_TURNOUT_SNT
DEM-2026-ENG-10068,TMS,Engineering (Civil / Track),NCR,DLI,NDLS-DDU Golden Diagonal HDN-1,GZB-ALJN,Ghaziabad (GZB) - Aligarh (ALJN),DN_MAIN,73.14,78.14,5.0,Routine Maintenance,Track Tamping and Alignment (CSM Machine),Medium (Within 7d),None,16.9,93.3,85.5,40,75,Traffic Block,240,180,CSM_09_32 / DTS_3D,12,1,0,0,2026-09-23,2026-10-23,0.349,0.626,42.9,P4_LOW,COMPAT_SURFACE_PWAY
DEM-2026-SNT-10069,SMMS,Signalling & Telecom (S&T),NCR,PRYJ,NDLS-DDU Golden Diagonal HDN-1,CNB-FTP,Kanpur Central (CNB) - Fatehpur (FTP),DN_MAIN,444.046,449.046,5.0,Asset Renewal,Electronic Interlocking (EI) Field Functional Testing,High (Within 48h),None,17.8,100.3,105.0,173,30,Traffic Block,240,180,EI Simulator & Logic Analyzer,8,0,0,1,2026-09-25,2026-09-30,0.671,0.843,77.8,P2_HIGH,COMPAT_INTERLOCKING
DEM-2026-SNT-10070,SMMS,Signalling & Telecom (S&T),NCR,DLI,NDLS-DDU Golden Diagonal HDN-1,ALJN-TDL,Aligarh (ALJN) - Tundla (TDL),UP_MAIN,160.378,160.878,0.5,Routine Maintenance,Point Machine Overhaul & Friction Clutch Testing,High (Within 48h),None,14.6,67.6,92.0,163,45,Traffic Block,120,90,S&T Tool Van / Multimeter Kit,6,0,0,0,2026-09-25,2026-09-29,0.662,0.733,73.4,P2_HIGH,COMPAT_TURNOUT_SNT
DEM-2026-ENG-10071,TMS,Engineering (Civil / Track),NCR,PRYJ,NDLS-DDU Golden Diagonal HDN-1,MZP-DDU,Mirzapur (MZP) - Pt. DD Upadhyaya (DDU),DN_MAIN,724.751,725.951,1.2,Pre-Monsoon Precaution,Bridge Bearings Inspection & Girder Greasing,Medium (Within 7d),None,20.4,107.2,118.0,83,60,Traffic Block,150,90,Bridge Inspection Unit,10,0,0,0,2026-09-25,2026-10-03,0.507,0.85,58.0,P3_MEDIUM,COMPAT_BRIDGE_STRUCT
DEM-2026-ENG-10072,TMS,Engineering (Civil / Track),NCR,PRYJ,NDLS-DDU Golden Diagonal HDN-1,FTP-PRYJ,Fatehpur (FTP) - Prayagraj Jn (PRYJ),3RD_LINE,544.254,544.563,0.309,Safety Critical Defect,USFD Defect Rail Replacement (IMR Flaw),Critical (Immediate),IMR,13.3,86.5,108.5,264,30,Traffic Block,180,120,PQRS_Crane / Rail Tensor,18,1,0,1,2026-09-25,2026-09-27,0.953,0.864,93.8,P1_CRITICAL,COMPAT_TRACK_HEAVY
DEM-2026-TRD-10073,TDMS,Traction Distribution (TRD / OHE),NCR,PRYJ,NDLS-DDU Golden Diagonal HDN-1,FTP-PRYJ,Fatehpur (FTP) - Prayagraj Jn (PRYJ),DN_MAIN,554.682,556.682,2.0,Pre-Monsoon Precaution,OHE 25kV Live Feeder Tree Trimming & Neutral Section Check,Low (Planned Monthly),None,19.3,115.9,108.5,136,110,Joint Traffic & Power Block,120,60,Insulated Bucket Truck / Tower Wagon,10,1,1,0,2026-09-25,2026-10-15,0.209,0.679,41.9,P4_LOW,COMPAT_SNT_OHE_GENERAL
DEM-2026-TRD-10074,TDMS,Traction Distribution (TRD / OHE),NCR,DLI,NDLS-DDU Golden Diagonal HDN-1,GZB-ALJN,Ghaziabad (GZB) - Aligarh (ALJN),DN_MAIN,113.627,117.127,3.5,Routine Maintenance,Traction Substation (TSS) 132/25kV Circuit Breaker Servicing,High (Within 48h),None,9.1,55.4,85.5,91,130,Power Block (OHE),240,180,Substation Testing Rig,9,0,1,0,2026-09-23,2026-09-29,0.659,0.499,63.5,P3_MEDIUM,COMPAT_SUBSTATION
DEM-2026-SNT-10075,SMMS,Signalling & Telecom (S&T),NCR,PRYJ,NDLS-DDU Golden Diagonal HDN-1,FTP-PRYJ,Fatehpur (FTP) - Prayagraj Jn (PRYJ),UP_MAIN,524.018,527.518,3.5,Asset Renewal,Electronic Interlocking (EI) Field Functional Testing,High (Within 48h),None,1.3,0.8,108.5,93,30,Traffic Block,240,180,EI Simulator & Logic Analyzer,8,0,0,1,2026-09-24,2026-09-28,0.566,0.864,66.7,P2_HIGH,COMPAT_INTERLOCKING
DEM-2026-SNT-10076,SMMS,Signalling & Telecom (S&T),NCR,PRYJ,NDLS-DDU Golden Diagonal HDN-1,PRYJ-MZP,Prayagraj Jn (PRYJ) - Mirzapur (MZP),UP_MAIN,700.474,703.974,3.5,Pre-Monsoon Precaution,Main Signalling Cable Insulation Meggering & Trenching Check,Medium (Within 7d),None,21.0,113.8,94.0,263,100,Shadow / Disconnection Block,180,120,Cable Fault Locator Unit,7,0,0,0,2026-09-22,2026-09-28,0.509,0.618,62.2,P3_MEDIUM,COMPAT_SNT_OHE_GENERAL
DEM-2026-SNT-10077,SMMS,Signalling & Telecom (S&T),NCR,PRYJ,NDLS-DDU Golden Diagonal HDN-1,ETW-CNB,Etawah (ETW) - Kanpur Central (CNB),DN_MAIN,308.246,308.746,0.5,Pre-Monsoon Precaution,Main Signalling Cable Insulation Meggering & Trenching Check,Medium (Within 7d),None,17.0,96.1,110.2,65,100,Shadow / Disconnection Block,180,120,Cable Fault Locator Unit,7,0,0,0,2026-09-24,2026-10-05,0.406,0.712,49.4,P3_MEDIUM,COMPAT_SNT_OHE_GENERAL
DEM-2026-ENG-10078,TMS,Engineering (Civil / Track),NCR,DLI,NDLS-DDU Golden Diagonal HDN-1,GZB-ALJN,Ghaziabad (GZB) - Aligarh (ALJN),UP_MAIN,50.07,50.432,0.362,Safety Critical Defect,USFD Defect Rail Replacement (IMR Flaw),Critical (Immediate),IMR,4.1,26.4,85.5,106,30,Traffic Block,180,120,PQRS_Crane / Rail Tensor,18,1,0,1,2026-09-25,2026-09-28,0.814,0.73,79.4,P2_HIGH,COMPAT_TRACK_HEAVY
DEM-2026-SNT-10079,SMMS,Signalling & Telecom (S&T),NCR,PRYJ,NDLS-DDU Golden Diagonal HDN-1,ETW-CNB,Etawah (ETW) - Kanpur Central (CNB),DN_MAIN,327.462,328.009,0.547,Safety Critical Defect,Digital Axle Counter (DAC) Head Sensor Replacement,Critical (Immediate),None,10.7,63.5,110.2,252,50,Traffic Block,90,60,DAC Calibration Rig,5,0,0,0,2026-09-22,2026-09-23,0.96,0.827,93.1,P1_CRITICAL,COMPAT_SNT_OHE_GENERAL
DEM-2026-SNT-10080,SMMS,Signalling & Telecom (S&T),NCR,PRYJ,NDLS-DDU Golden Diagonal HDN-1,MZP-DDU,Mirzapur (MZP) - Pt. DD Upadhyaya (DDU),DN_MAIN,754.656,758.156,3.5,Routine Maintenance,Track Circuit Glued Joint Bonding & Meggering,Medium (Within 7d),None,15.5,81.2,118.0,168,80,Traffic Block,120,90,Insulation Megger Tester,6,0,0,0,2026-09-25,2026-10-04,0.348,0.804,54.7,P3_MEDIUM,COMPAT_SURFACE_PWAY
DEM-2026-ENG-10081,TMS,Engineering (Civil / Track),NCR,DLI,NDLS-DDU Golden Diagonal HDN-1,ALJN-TDL,Aligarh (ALJN) - Tundla (TDL),UP_MAIN,168.823,170.823,2.0,Asset Renewal,Ballast Cleaning & Deep Screening (BCM),High (Within 48h),None,1.5,22.4,92.0,216,45,Joint Traffic & Power Block,360,240,BCM_800 / DGS,28,1,1,1,2026-09-22,2026-09-27,0.61,0.733,72.9,P2_HIGH,COMPAT_DEEP_CLEANING
DEM-2026-SNT-10082,SMMS,Signalling & Telecom (S&T),NCR,PRYJ,NDLS-DDU Golden Diagonal HDN-1,MZP-DDU,Mirzapur (MZP) - Pt. DD Upadhyaya (DDU),DN_MAIN,752.727,753.074,0.347,Safety Critical Defect,Digital Axle Counter (DAC) Head Sensor Replacement,Critical (Immediate),None,14.4,80.6,118.0,84,50,Traffic Block,90,60,DAC Calibration Rig,5,0,0,0,2026-09-24,2026-09-25,0.906,0.873,83.4,P1_CRITICAL,COMPAT_SNT_OHE_GENERAL
DEM-2026-TRD-10083,TDMS,Traction Distribution (TRD / OHE),NCR,PRYJ,NDLS-DDU Golden Diagonal HDN-1,MZP-DDU,Mirzapur (MZP) - Pt. DD Upadhyaya (DDU),UP_MAIN,723.95,725.95,2.0,Routine Maintenance,Traction Substation (TSS) 132/25kV Circuit Breaker Servicing,High (Within 48h),None,7.9,42.0,118.0,116,130,Power Block (OHE),240,180,Substation Testing Rig,9,0,1,0,2026-09-24,2026-10-04,0.579,0.688,64.8,P3_MEDIUM,COMPAT_SUBSTATION
DEM-2026-ENG-10084,TMS,Engineering (Civil / Track),NCR,PRYJ,NDLS-DDU Golden Diagonal HDN-1,CNB-FTP,Kanpur Central (CNB) - Fatehpur (FTP),UP_MAIN,505.342,507.342,2.0,Asset Renewal,Rail Grinding for Rolling Contact Fatigue (RGM),Medium (Within 7d),OBS,16.7,83.7,105.0,72,90,Traffic Block,300,210,RGM_72,16,1,0,0,2026-09-23,2026-09-29,0.412,0.705,48.9,P3_MEDIUM,COMPAT_SURFACE_PWAY
DEM-2026-SNT-10085,SMMS,Signalling & Telecom (S&T),NCR,PRYJ,NDLS-DDU Golden Diagonal HDN-1,ETW-CNB,Etawah (ETW) - Kanpur Central (CNB),DN_MAIN,345.563,349.063,3.5,Routine Maintenance,Integrated LED Signal Aspect Overhaul & Alignment,Low (Planned Monthly),None,1.3,12.6,110.2,246,110,Shadow / Disconnection Block,90,60,Signal Alignment Telescope,4,0,0,0,2026-09-25,2026-10-16,0.17,0.689,43.0,P4_LOW,COMPAT_SNT_OHE_GENERAL
DEM-2026-TRD-10086,TDMS,Traction Distribution (TRD / OHE),NCR,PRYJ,NDLS-DDU Golden Diagonal HDN-1,FTP-PRYJ,Fatehpur (FTP) - Prayagraj Jn (PRYJ),UP_MAIN,515.765,520.765,5.0,Routine Maintenance,Section Insulator & Motorized Isolator Contact Overhaul,Medium (Within 7d),None,7.9,47.8,108.5,46,80,Joint Traffic & Power Block,120,90,OHE Tower Wagon,8,1,1,0,2026-09-24,2026-10-03,0.452,0.748,50.9,P3_MEDIUM,COMPAT_TURNOUT_SNT
DEM-2026-ENG-10087,TMS,Engineering (Civil / Track),NCR,PRYJ,NDLS-DDU Golden Diagonal HDN-1,PRYJ-MZP,Prayagraj Jn (PRYJ) - Mirzapur (MZP),UP_MAIN,653.023,653.468,0.445,Safety Critical Defect,USFD Defect Rail Replacement (IMR Flaw),Critical (Immediate),IMR,3.0,31.6,94.0,83,30,Traffic Block,180,120,PQRS_Crane / Rail Tensor,18,1,0,1,2026-09-25,2026-09-27,0.858,0.779,80.2,P1_CRITICAL,COMPAT_TRACK_HEAVY
DEM-2026-TRD-10088,TDMS,Traction Distribution (TRD / OHE),NCR,DLI,NDLS-DDU Golden Diagonal HDN-1,TDL-ETW,Tundla (TDL) - Etawah (ETW),DN_MAIN,258.485,260.485,2.0,Routine Maintenance,Section Insulator & Motorized Isolator Contact Overhaul,Medium (Within 7d),None,1.7,9.6,96.4,241,80,Joint Traffic & Power Block,120,90,OHE Tower Wagon,8,1,1,0,2026-09-24,2026-10-01,0.407,0.678,59.0,P3_MEDIUM,COMPAT_TURNOUT_SNT
DEM-2026-TRD-10089,TDMS,Traction Distribution (TRD / OHE),NCR,DLI,NDLS-DDU Golden Diagonal HDN-1,ALJN-TDL,Aligarh (ALJN) - Tundla (TDL),DN_MAIN,152.721,156.221,3.5,Routine Maintenance,Traction Substation (TSS) 132/25kV Circuit Breaker Servicing,High (Within 48h),None,6.8,53.0,92.0,246,130,Power Block (OHE),240,180,Substation Testing Rig,9,0,1,0,2026-09-22,2026-09-25,0.57,0.537,67.5,P2_HIGH,COMPAT_SUBSTATION
DEM-2026-ENG-10090,TMS,Engineering (Civil / Track),NCR,DLI,NDLS-DDU Golden Diagonal HDN-1,GZB-ALJN,Ghaziabad (GZB) - Aligarh (ALJN),DN_MAIN,100.665,101.865,1.2,Routine Maintenance,Track Tamping and Alignment (CSM Machine),Medium (Within 7d),None,2.4,25.0,85.5,120,75,Traffic Block,240,180,CSM_09_32 / DTS_3D,12,1,0,0,2026-09-23,2026-10-05,0.441,0.626,53.7,P3_MEDIUM,COMPAT_SURFACE_PWAY
DEM-2026-SNT-10091,SMMS,Signalling & Telecom (S&T),NCR,PRYJ,NDLS-DDU Golden Diagonal HDN-1,FTP-PRYJ,Fatehpur (FTP) - Prayagraj Jn (PRYJ),UP_MAIN,513.313,514.513,1.2,Routine Maintenance,Integrated LED Signal Aspect Overhaul & Alignment,Low (Planned Monthly),None,21.7,114.7,108.5,103,110,Shadow / Disconnection Block,90,60,Signal Alignment Telescope,4,0,0,0,2026-09-23,2026-10-06,0.121,0.679,34.2,P4_LOW,COMPAT_SNT_OHE_GENERAL
DEM-2026-SNT-10092,SMMS,Signalling & Telecom (S&T),NCR,DLI,NDLS-DDU Golden Diagonal HDN-1,GZB-ALJN,Ghaziabad (GZB) - Aligarh (ALJN),DN_MAIN,80.357,80.468,0.111,Safety Critical Defect,Digital Axle Counter (DAC) Head Sensor Replacement,Critical (Immediate),None,6.6,26.8,85.5,229,50,Traffic Block,90,60,DAC Calibration Rig,5,0,0,0,2026-09-25,2026-09-26,0.885,0.683,87.6,P1_CRITICAL,COMPAT_SNT_OHE_GENERAL
DEM-2026-TRD-10093,TDMS,Traction Distribution (TRD / OHE),NCR,PRYJ,NDLS-DDU Golden Diagonal HDN-1,MZP-DDU,Mirzapur (MZP) - Pt. DD Upadhyaya (DDU),DN_MAIN,743.346,744.546,1.2,Routine Maintenance,OHE Periodic Annual Overhaul (AOH) & Dropper Regulation,Medium (Within 7d),None,20.9,95.8,118.0,280,90,Joint Traffic & Power Block,180,120,8-Wheeler OHE Tower Wagon,14,1,1,0,2026-09-22,2026-10-03,0.372,0.781,59.7,P3_MEDIUM,COMPAT_SNT_OHE_GENERAL
DEM-2026-SNT-10094,SMMS,Signalling & Telecom (S&T),NCR,DLI,NDLS-DDU Golden Diagonal HDN-1,GZB-ALJN,Ghaziabad (GZB) - Aligarh (ALJN),DN_MAIN,90.325,93.825,3.5,Asset Renewal,Electronic Interlocking (EI) Field Functional Testing,High (Within 48h),None,16.0,83.3,85.5,55,30,Traffic Block,240,180,EI Simulator & Logic Analyzer,8,0,0,1,2026-09-22,2026-09-29,0.621,0.73,64.0,P3_MEDIUM,COMPAT_INTERLOCKING
DEM-2026-TRD-10095,TDMS,Traction Distribution (TRD / OHE),NCR,DLI,NDLS-DDU Golden Diagonal HDN-1,TDL-ETW,Tundla (TDL) - Etawah (ETW),DN_MAIN,252.53,254.53,2.0,Pre-Monsoon Precaution,OHE 25kV Live Feeder Tree Trimming & Neutral Section Check,Low (Planned Monthly),None,9.0,52.9,96.4,164,110,Joint Traffic & Power Block,120,60,Insulated Bucket Truck / Tower Wagon,10,1,1,0,2026-09-22,2026-10-18,0.186,0.608,42.2,P4_LOW,COMPAT_SNT_OHE_GENERAL
DEM-2026-ENG-10096,TMS,Engineering (Civil / Track),NCR,DLI,NDLS-DDU Golden Diagonal HDN-1,ALJN-TDL,Aligarh (ALJN) - Tundla (TDL),UP_MAIN,156.829,160.329,3.5,Routine Maintenance,Track Tamping and Alignment (CSM Machine),Medium (Within 7d),None,9.4,58.9,92.0,174,75,Traffic Block,240,180,CSM_09_32 / DTS_3D,12,1,0,0,2026-09-24,2026-10-05,0.402,0.664,57.1,P3_MEDIUM,COMPAT_SURFACE_PWAY
DEM-2026-TRD-10097,TDMS,Traction Distribution (TRD / OHE),NCR,PRYJ,NDLS-DDU Golden Diagonal HDN-1,FTP-PRYJ,Fatehpur (FTP) - Prayagraj Jn (PRYJ),UP_MAIN,520.418,520.918,0.5,Routine Maintenance,Section Insulator & Motorized Isolator Contact Overhaul,Medium (Within 7d),None,3.0,7.9,108.5,204,80,Joint Traffic & Power Block,120,90,OHE Tower Wagon,8,1,1,0,2026-09-22,2026-10-02,0.495,0.748,64.0,P3_MEDIUM,COMPAT_TURNOUT_SNT
DEM-2026-ENG-10098,TMS,Engineering (Civil / Track),NCR,PRYJ,NDLS-DDU Golden Diagonal HDN-1,FTP-PRYJ,Fatehpur (FTP) - Prayagraj Jn (PRYJ),3RD_LINE,609.534,613.034,3.5,Asset Renewal,Ballast Cleaning & Deep Screening (BCM),High (Within 48h),None,19.2,107.6,108.5,161,45,Joint Traffic & Power Block,360,240,BCM_800 / DGS,28,1,1,1,2026-09-22,2026-09-26,0.682,0.829,76.0,P2_HIGH,COMPAT_DEEP_CLEANING
DEM-2026-TRD-10099,TDMS,Traction Distribution (TRD / OHE),NCR,PRYJ,NDLS-DDU Golden Diagonal HDN-1,ETW-CNB,Etawah (ETW) - Kanpur Central (CNB),UP_MAIN,410.806,411.151,0.345,Safety Critical Defect,Contact Wire Kink & Catenary Sag Emergency Splice,Critical (Immediate),None,12.7,56.9,110.2,156,20,Joint Traffic & Power Block,150,100,Emergency OHE Ladder Trolley,12,0,1,1,2026-09-22,2026-09-24,0.895,0.897,90.5,P1_CRITICAL,COMPAT_SNT_OHE_GENERAL
DEM-2026-ENG-10100,TMS,Engineering (Civil / Track),NCR,PRYJ,NDLS-DDU Golden Diagonal HDN-1,CNB-FTP,Kanpur Central (CNB) - Fatehpur (FTP),UP_MAIN,491.8,492.545,0.745,Safety Critical Defect,Thermit Weld Collar Fracturing Repair,Critical (Immediate),REM,8.4,37.4,105.0,87,30,Traffic Block,120,90,Thermit Welding Kit / Gang,15,0,0,1,2026-09-22,2026-09-24,0.893,0.843,82.1,P1_CRITICAL,COMPAT_TRACK_HEAVY
DEM-2026-ENG-10101,TMS,Engineering (Civil / Track),NCR,DLI,NDLS-DDU Golden Diagonal HDN-1,TDL-ETW,Tundla (TDL) - Etawah (ETW),UP_MAIN,223.039,226.539,3.5,Pre-Monsoon Precaution,Bridge Bearings Inspection & Girder Greasing,Medium (Within 7d),None,10.5,47.2,96.4,173,60,Traffic Block,150,90,Bridge Inspection Unit,10,0,0,0,2026-09-22,2026-10-04,0.473,0.724,62.1,P3_MEDIUM,COMPAT_BRIDGE_STRUCT
DEM-2026-ENG-10102,TMS,Engineering (Civil / Track),NCR,DLI,NDLS-DDU Golden Diagonal HDN-1,GZB-ALJN,Ghaziabad (GZB) - Aligarh (ALJN),UP_MAIN,25.101,25.601,0.5,Pre-Monsoon Precaution,Bridge Bearings Inspection & Girder Greasing,Medium (Within 7d),None,6.7,43.4,85.5,262,60,Traffic Block,150,90,Bridge Inspection Unit,10,0,0,0,2026-09-24,2026-10-03,0.446,0.66,60.5,P3_MEDIUM,COMPAT_BRIDGE_STRUCT
DEM-2026-ENG-10103,TMS,Engineering (Civil / Track),NCR,PRYJ,NDLS-DDU Golden Diagonal HDN-1,ETW-CNB,Etawah (ETW) - Kanpur Central (CNB),UP_MAIN,334.38,334.955,0.575,Safety Critical Defect,USFD Defect Rail Replacement (IMR Flaw),Critical (Immediate),IMR,11.2,66.0,110.2,37,30,Traffic Block,180,120,PQRS_Crane / Rail Tensor,18,1,0,1,2026-09-22,2026-09-27,0.824,0.874,76.3,P2_HIGH,COMPAT_TRACK_HEAVY
DEM-2026-ENG-10104,TMS,Engineering (Civil / Track),NCR,DLI,NDLS-DDU Golden Diagonal HDN-1,GZB-ALJN,Ghaziabad (GZB) - Aligarh (ALJN),UP_MAIN,98.653,100.653,2.0,Routine Maintenance,Track Tamping and Alignment (CSM Machine),Medium (Within 7d),None,7.1,29.1,85.5,268,75,Traffic Block,240,180,CSM_09_32 / DTS_3D,12,1,0,0,2026-09-23,2026-09-30,0.479,0.626,60.4,P3_MEDIUM,COMPAT_SURFACE_PWAY
DEM-2026-TRD-10105,TDMS,Traction Distribution (TRD / OHE),NCR,PRYJ,NDLS-DDU Golden Diagonal HDN-1,PRYJ-MZP,Prayagraj Jn (PRYJ) - Mirzapur (MZP),UP_MAIN,695.93,696.43,0.5,Routine Maintenance,Traction Substation (TSS) 132/25kV Circuit Breaker Servicing,High (Within 48h),None,9.3,58.8,94.0,237,130,Power Block (OHE),240,180,Substation Testing Rig,9,0,1,0,2026-09-24,2026-09-27,0.554,0.548,66.9,P2_HIGH,COMPAT_SUBSTATION
DEM-2026-TRD-10106,TDMS,Traction Distribution (TRD / OHE),NCR,PRYJ,NDLS-DDU Golden Diagonal HDN-1,PRYJ-MZP,Prayagraj Jn (PRYJ) - Mirzapur (MZP),DN_MAIN,651.754,655.254,3.5,Routine Maintenance,Section Insulator & Motorized Isolator Contact Overhaul,Medium (Within 7d),None,1.4,6.7,94.0,249,80,Joint Traffic & Power Block,120,90,OHE Tower Wagon,8,1,1,0,2026-09-22,2026-09-30,0.5,0.664,63.0,P3_MEDIUM,COMPAT_TURNOUT_SNT
DEM-2026-ENG-10107,TMS,Engineering (Civil / Track),NCR,PRYJ,NDLS-DDU Golden Diagonal HDN-1,PRYJ-MZP,Prayagraj Jn (PRYJ) - Mirzapur (MZP),UP_MAIN,661.238,661.738,0.5,Pre-Monsoon Precaution,Bridge Bearings Inspection & Girder Greasing,Medium (Within 7d),None,9.3,45.8,94.0,187,60,Traffic Block,150,90,Bridge Inspection Unit,10,0,0,0,2026-09-23,2026-10-05,0.353,0.71,57.0,P3_MEDIUM,COMPAT_BRIDGE_STRUCT
DEM-2026-TRD-10108,TDMS,Traction Distribution (TRD / OHE),NCR,DLI,NDLS-DDU Golden Diagonal HDN-1,ALJN-TDL,Aligarh (ALJN) - Tundla (TDL),UP_MAIN,193.491,193.836,0.345,Safety Critical Defect,Contact Wire Kink & Catenary Sag Emergency Splice,Critical (Immediate),None,16.3,96.1,92.0,89,20,Joint Traffic & Power Block,150,100,Emergency OHE Ladder Trolley,12,0,1,1,2026-09-24,2026-09-25,0.827,0.791,80.2,P1_CRITICAL,COMPAT_SNT_OHE_GENERAL
DEM-2026-TRD-10109,TDMS,Traction Distribution (TRD / OHE),NCR,PRYJ,NDLS-DDU Golden Diagonal HDN-1,ETW-CNB,Etawah (ETW) - Kanpur Central (CNB),UP_MAIN,306.21,309.71,3.5,Routine Maintenance,Traction Substation (TSS) 132/25kV Circuit Breaker Servicing,High (Within 48h),None,10.7,60.4,110.2,243,130,Power Block (OHE),240,180,Substation Testing Rig,9,0,1,0,2026-09-24,2026-09-29,0.7,0.643,74.9,P2_HIGH,COMPAT_SUBSTATION
DEM-2026-ENG-10110,TMS,Engineering (Civil / Track),NCR,PRYJ,NDLS-DDU Golden Diagonal HDN-1,FTP-PRYJ,Fatehpur (FTP) - Prayagraj Jn (PRYJ),UP_MAIN,561.864,563.864,2.0,Routine Maintenance,Points & Crossing Turnout Tamping (UNIMAT),High (Within 48h),None,17.7,96.2,108.5,194,50,Traffic Block,180,120,UNIMAT_08_4S,14,1,0,1,2026-09-25,2026-09-29,0.662,0.818,75.6,P2_HIGH,COMPAT_TURNOUT_SNT
DEM-2026-ENG-10111,TMS,Engineering (Civil / Track),NCR,PRYJ,NDLS-DDU Golden Diagonal HDN-1,MZP-DDU,Mirzapur (MZP) - Pt. DD Upadhyaya (DDU),UP_MAIN,733.368,733.868,0.5,Asset Renewal,Rail Grinding for Rolling Contact Fatigue (RGM),Medium (Within 7d),OBS,13.9,74.7,118.0,250,90,Traffic Block,300,210,RGM_72,16,1,0,0,2026-09-22,2026-10-04,0.439,0.781,60.2,P3_MEDIUM,COMPAT_SURFACE_PWAY
DEM-2026-TRD-10112,TDMS,Traction Distribution (TRD / OHE),NCR,PRYJ,NDLS-DDU Golden Diagonal HDN-1,MZP-DDU,Mirzapur (MZP) - Pt. DD Upadhyaya (DDU),3RD_LINE,752.603,757.603,5.0,Asset Renewal,25 kV OHE Catenary & Contact Wire Stringing Renewal,High (Within 48h),None,4.2,12.9,118.0,66,45,Joint Traffic & Power Block,300,240,OHE Wiring Train & Tensioning Rig,22,0,1,1,2026-09-22,2026-09-26,0.728,0.884,72.5,P2_HIGH,COMPAT_DEEP_CLEANING
DEM-2026-ENG-10113,TMS,Engineering (Civil / Track),NCR,DLI,NDLS-DDU Golden Diagonal HDN-1,TDL-ETW,Tundla (TDL) - Etawah (ETW),UP_MAIN,291.702,296.0,4.298,Routine Maintenance,Points & Crossing Turnout Tamping (UNIMAT),High (Within 48h),None,12.0,54.8,96.4,204,50,Traffic Block,180,120,UNIMAT_08_4S,14,1,0,1,2026-09-25,2026-09-29,0.752,0.747,78.5,P2_HIGH,COMPAT_TURNOUT_SNT
DEM-2026-TRD-10114,TDMS,Traction Distribution (TRD / OHE),NCR,PRYJ,NDLS-DDU Golden Diagonal HDN-1,FTP-PRYJ,Fatehpur (FTP) - Prayagraj Jn (PRYJ),3RD_LINE,584.527,585.027,0.5,Routine Maintenance,Traction Substation (TSS) 132/25kV Circuit Breaker Servicing,High (Within 48h),None,7.9,46.2,108.5,211,130,Power Block (OHE),240,180,Substation Testing Rig,9,0,1,0,2026-09-23,2026-09-28,0.613,0.633,70.8,P2_HIGH,COMPAT_SUBSTATION
DEM-2026-TRD-10115,TDMS,Traction Distribution (TRD / OHE),NCR,PRYJ,NDLS-DDU Golden Diagonal HDN-1,FTP-PRYJ,Fatehpur (FTP) - Prayagraj Jn (PRYJ),UP_MAIN,614.3,614.617,0.317,Safety Critical Defect,Contact Wire Kink & Catenary Sag Emergency Splice,Critical (Immediate),None,14.8,83.9,108.5,80,20,Joint Traffic & Power Block,150,100,Emergency OHE Ladder Trolley,12,0,1,1,2026-09-24,2026-09-25,0.899,0.887,84.2,P1_CRITICAL,COMPAT_SNT_OHE_GENERAL
DEM-2026-SNT-10116,SMMS,Signalling & Telecom (S&T),NCR,PRYJ,NDLS-DDU Golden Diagonal HDN-1,PRYJ-MZP,Prayagraj Jn (PRYJ) - Mirzapur (MZP),DN_MAIN,687.092,692.092,5.0,Pre-Monsoon Precaution,Main Signalling Cable Insulation Meggering & Trenching Check,Medium (Within 7d),None,3.0,25.1,94.0,274,100,Shadow / Disconnection Block,180,120,Cable Fault Locator Unit,7,0,0,0,2026-09-24,2026-10-02,0.387,0.618,56.7,P3_MEDIUM,COMPAT_SNT_OHE_GENERAL
DEM-2026-ENG-10117,TMS,Engineering (Civil / Track),NCR,DLI,NDLS-DDU Golden Diagonal HDN-1,TDL-ETW,Tundla (TDL) - Etawah (ETW),UP_MAIN,247.035,248.235,1.2,Asset Renewal,Rail Grinding for Rolling Contact Fatigue (RGM),Medium (Within 7d),OBS,22.0,104.6,96.4,165,90,Traffic Block,300,210,RGM_72,16,1,0,0,2026-09-22,2026-09-28,0.503,0.655,60.0,P3_MEDIUM,COMPAT_SURFACE_PWAY
DEM-2026-ENG-10118,TMS,Engineering (Civil / Track),NCR,PRYJ,NDLS-DDU Golden Diagonal HDN-1,FTP-PRYJ,Fatehpur (FTP) - Prayagraj Jn (PRYJ),3RD_LINE,530.045,531.245,1.2,Routine Maintenance,Points & Crossing Turnout Tamping (UNIMAT),High (Within 48h),None,18.5,105.6,108.5,98,50,Traffic Block,180,120,UNIMAT_08_4S,14,1,0,1,2026-09-25,2026-09-28,0.709,0.818,70.8,P2_HIGH,COMPAT_TURNOUT_SNT
DEM-2026-TRD-10119,TDMS,Traction Distribution (TRD / OHE),NCR,PRYJ,NDLS-DDU Golden Diagonal HDN-1,FTP-PRYJ,Fatehpur (FTP) - Prayagraj Jn (PRYJ),3RD_LINE,580.471,583.971,3.5,Routine Maintenance,Section Insulator & Motorized Isolator Contact Overhaul,Medium (Within 7d),None,5.9,26.7,108.5,254,80,Joint Traffic & Power Block,120,90,OHE Tower Wagon,8,1,1,0,2026-09-24,2026-09-27,0.517,0.748,65.0,P2_HIGH,COMPAT_TURNOUT_SNT
DEM-2026-SNT-10120,SMMS,Signalling & Telecom (S&T),NCR,PRYJ,NDLS-DDU Golden Diagonal HDN-1,MZP-DDU,Mirzapur (MZP) - Pt. DD Upadhyaya (DDU),DN_MAIN,746.426,749.926,3.5,Asset Renewal,Electronic Interlocking (EI) Field Functional Testing,High (Within 48h),None,21.3,121.0,118.0,84,30,Traffic Block,240,180,EI Simulator & Logic Analyzer,8,0,0,1,2026-09-25,2026-09-28,0.742,0.919,74.7,P2_HIGH,COMPAT_INTERLOCKING
DEM-2026-SNT-10121,SMMS,Signalling & Telecom (S&T),NCR,PRYJ,NDLS-DDU Golden Diagonal HDN-1,FTP-PRYJ,Fatehpur (FTP) - Prayagraj Jn (PRYJ),3RD_LINE,606.471,606.971,0.5,Pre-Monsoon Precaution,Main Signalling Cable Insulation Meggering & Trenching Check,Medium (Within 7d),None,7.0,47.9,108.5,153,100,Shadow / Disconnection Block,180,120,Cable Fault Locator Unit,7,0,0,0,2026-09-23,2026-10-03,0.408,0.702,56.6,P3_MEDIUM,COMPAT_SNT_OHE_GENERAL
DEM-2026-SNT-10122,SMMS,Signalling & Telecom (S&T),NCR,PRYJ,NDLS-DDU Golden Diagonal HDN-1,PRYJ-MZP,Prayagraj Jn (PRYJ) - Mirzapur (MZP),UP_MAIN,696.828,697.547,0.719,Safety Critical Defect,Digital Axle Counter (DAC) Head Sensor Replacement,Critical (Immediate),None,20.5,104.9,94.0,216,50,Traffic Block,90,60,DAC Calibration Rig,5,0,0,0,2026-09-25,2026-09-26,0.88,0.733,88.1,P1_CRITICAL,COMPAT_SNT_OHE_GENERAL
DEM-2026-ENG-10123,TMS,Engineering (Civil / Track),NCR,DLI,NDLS-DDU Golden Diagonal HDN-1,ALJN-TDL,Aligarh (ALJN) - Tundla (TDL),DN_MAIN,195.347,197.347,2.0,Asset Renewal,Ballast Cleaning & Deep Screening (BCM),High (Within 48h),None,17.6,82.1,92.0,160,45,Joint Traffic & Power Block,360,240,BCM_800 / DGS,28,1,1,1,2026-09-23,2026-09-27,0.752,0.733,77.7,P2_HIGH,COMPAT_DEEP_CLEANING
DEM-2026-TRD-10124,TDMS,Traction Distribution (TRD / OHE),NCR,PRYJ,NDLS-DDU Golden Diagonal HDN-1,MZP-DDU,Mirzapur (MZP) - Pt. DD Upadhyaya (DDU),DN_MAIN,717.15,718.35,1.2,Routine Maintenance,OHE Periodic Annual Overhaul (AOH) & Dropper Regulation,Medium (Within 7d),None,18.5,99.0,118.0,230,90,Joint Traffic & Power Block,180,120,8-Wheeler OHE Tower Wagon,14,1,1,0,2026-09-23,2026-10-01,0.327,0.781,57.7,P3_MEDIUM,COMPAT_SNT_OHE_GENERAL
DEM-2026-ENG-10125,TMS,Engineering (Civil / Track),NCR,PRYJ,NDLS-DDU Golden Diagonal HDN-1,CNB-FTP,Kanpur Central (CNB) - Fatehpur (FTP),UP_MAIN,482.602,487.602,5.0,Routine Maintenance,Points & Crossing Turnout Tamping (UNIMAT),High (Within 48h),None,10.6,46.3,105.0,269,50,Traffic Block,180,120,UNIMAT_08_4S,14,1,0,1,2026-09-23,2026-09-26,0.681,0.797,76.1,P2_HIGH,COMPAT_TURNOUT_SNT
DEM-2026-ENG-10126,TMS,Engineering (Civil / Track),NCR,DLI,NDLS-DDU Golden Diagonal HDN-1,TDL-ETW,Tundla (TDL) - Etawah (ETW),DN_MAIN,235.224,240.224,5.0,Pre-Monsoon Precaution,Bridge Bearings Inspection & Girder Greasing,Medium (Within 7d),None,9.7,58.4,96.4,57,60,Traffic Block,150,90,Bridge Inspection Unit,10,0,0,0,2026-09-22,2026-09-30,0.426,0.724,50.3,P3_MEDIUM,COMPAT_BRIDGE_STRUCT
DEM-2026-SNT-10127,SMMS,Signalling & Telecom (S&T),NCR,DLI,NDLS-DDU Golden Diagonal HDN-1,GZB-ALJN,Ghaziabad (GZB) - Aligarh (ALJN),DN_MAIN,85.156,87.156,2.0,Routine Maintenance,Point Machine Overhaul & Friction Clutch Testing,High (Within 48h),None,6.3,22.0,85.5,48,45,Traffic Block,120,90,S&T Tool Van / Multimeter Kit,6,0,0,0,2026-09-22,2026-10-03,0.626,0.695,61.6,P3_MEDIUM,COMPAT_TURNOUT_SNT
DEM-2026-ENG-10128,TMS,Engineering (Civil / Track),NCR,PRYJ,NDLS-DDU Golden Diagonal HDN-1,FTP-PRYJ,Fatehpur (FTP) - Prayagraj Jn (PRYJ),UP_MAIN,550.409,551.609,1.2,Pre-Monsoon Precaution,Bridge Bearings Inspection & Girder Greasing,Medium (Within 7d),None,18.4,102.5,108.5,259,60,Traffic Block,150,90,Bridge Inspection Unit,10,0,0,0,2026-09-23,2026-10-05,0.452,0.794,62.8,P3_MEDIUM,COMPAT_BRIDGE_STRUCT
DEM-2026-ENG-10129,TMS,Engineering (Civil / Track),NCR,DLI,NDLS-DDU Golden Diagonal HDN-1,ALJN-TDL,Aligarh (ALJN) - Tundla (TDL),DN_MAIN,129.264,130.464,1.2,Routine Maintenance,Track Tamping and Alignment (CSM Machine),Medium (Within 7d),None,19.6,97.5,92.0,172,75,Traffic Block,240,180,CSM_09_32 / DTS_3D,12,1,0,0,2026-09-25,2026-10-07,0.424,0.664,57.9,P3_MEDIUM,COMPAT_SURFACE_PWAY
DEM-2026-SNT-10130,SMMS,Signalling & Telecom (S&T),NCR,PRYJ,NDLS-DDU Golden Diagonal HDN-1,CNB-FTP,Kanpur Central (CNB) - Fatehpur (FTP),UP_MAIN,456.315,457.018,0.703,Safety Critical Defect,Digital Axle Counter (DAC) Head Sensor Replacement,Critical (Immediate),None,2.0,19.7,105.0,153,50,Traffic Block,90,60,DAC Calibration Rig,5,0,0,0,2026-09-25,2026-09-27,0.805,0.797,83.4,P1_CRITICAL,COMPAT_SNT_OHE_GENERAL
DEM-2026-SNT-10131,SMMS,Signalling & Telecom (S&T),NCR,PRYJ,NDLS-DDU Golden Diagonal HDN-1,PRYJ-MZP,Prayagraj Jn (PRYJ) - Mirzapur (MZP),DN_MAIN,655.988,657.188,1.2,Asset Renewal,Electronic Interlocking (EI) Field Functional Testing,High (Within 48h),None,11.4,61.9,94.0,279,30,Traffic Block,240,180,EI Simulator & Logic Analyzer,8,0,0,1,2026-09-25,2026-09-28,0.609,0.779,74.6,P2_HIGH,COMPAT_INTERLOCKING
DEM-2026-TRD-10132,TDMS,Traction Distribution (TRD / OHE),NCR,DLI,NDLS-DDU Golden Diagonal HDN-1,ALJN-TDL,Aligarh (ALJN) - Tundla (TDL),DN_MAIN,166.638,166.963,0.325,Safety Critical Defect,Contact Wire Kink & Catenary Sag Emergency Splice,Critical (Immediate),None,2.7,23.3,92.0,170,20,Joint Traffic & Power Block,150,100,Emergency OHE Ladder Trolley,12,0,1,1,2026-09-23,2026-09-25,0.869,0.791,88.9,P1_CRITICAL,COMPAT_SNT_OHE_GENERAL
DEM-2026-ENG-10133,TMS,Engineering (Civil / Track),NCR,PRYJ,NDLS-DDU Golden Diagonal HDN-1,MZP-DDU,Mirzapur (MZP) - Pt. DD Upadhyaya (DDU),DN_MAIN,768.637,768.984,0.347,Safety Critical Defect,Thermit Weld Collar Fracturing Repair,Critical (Immediate),REM,22.0,108.2,118.0,43,30,Traffic Block,120,90,Thermit Welding Kit / Gang,15,0,0,1,2026-09-25,2026-09-30,0.795,0.919,75.1,P2_HIGH,COMPAT_TRACK_HEAVY
DEM-2026-SNT-10134,SMMS,Signalling & Telecom (S&T),NCR,PRYJ,NDLS-DDU Golden Diagonal HDN-1,FTP-PRYJ,Fatehpur (FTP) - Prayagraj Jn (PRYJ),3RD_LINE,530.679,531.179,0.5,Pre-Monsoon Precaution,Main Signalling Cable Insulation Meggering & Trenching Check,Medium (Within 7d),None,4.0,28.2,108.5,238,100,Shadow / Disconnection Block,180,120,Cable Fault Locator Unit,7,0,0,0,2026-09-23,2026-09-29,0.308,0.702,54.4,P3_MEDIUM,COMPAT_SNT_OHE_GENERAL
DEM-2026-ENG-10135,TMS,Engineering (Civil / Track),NCR,PRYJ,NDLS-DDU Golden Diagonal HDN-1,FTP-PRYJ,Fatehpur (FTP) - Prayagraj Jn (PRYJ),DN_MAIN,516.579,517.779,1.2,Pre-Monsoon Precaution,Bridge Bearings Inspection & Girder Greasing,Medium (Within 7d),None,15.3,95.0,108.5,204,60,Traffic Block,150,90,Bridge Inspection Unit,10,0,0,0,2026-09-23,2026-09-29,0.407,0.794,60.7,P3_MEDIUM,COMPAT_BRIDGE_STRUCT
DEM-2026-ENG-10136,TMS,Engineering (Civil / Track),NCR,PRYJ,NDLS-DDU Golden Diagonal HDN-1,FTP-PRYJ,Fatehpur (FTP) - Prayagraj Jn (PRYJ),DN_MAIN,540.582,541.082,0.5,Asset Renewal,Ballast Cleaning & Deep Screening (BCM),High (Within 48h),None,1.5,3.1,108.5,279,45,Joint Traffic & Power Block,360,240,BCM_800 / DGS,28,1,1,1,2026-09-22,2026-09-27,0.635,0.829,75.5,P2_HIGH,COMPAT_DEEP_CLEANING
DEM-2026-TRD-10137,TDMS,Traction Distribution (TRD / OHE),NCR,PRYJ,NDLS-DDU Golden Diagonal HDN-1,CNB-FTP,Kanpur Central (CNB) - Fatehpur (FTP),DN_MAIN,509.229,509.529,0.3,Safety Critical Defect,Contact Wire Kink & Catenary Sag Emergency Splice,Critical (Immediate),None,20.2,105.7,105.0,76,20,Joint Traffic & Power Block,150,100,Emergency OHE Ladder Trolley,12,0,1,1,2026-09-25,2026-09-28,0.807,0.866,79.4,P2_HIGH,COMPAT_SNT_OHE_GENERAL
DEM-2026-SNT-10138,SMMS,Signalling & Telecom (S&T),NCR,DLI,NDLS-DDU Golden Diagonal HDN-1,TDL-ETW,Tundla (TDL) - Etawah (ETW),DN_MAIN,289.629,291.629,2.0,Pre-Monsoon Precaution,Main Signalling Cable Insulation Meggering & Trenching Check,Medium (Within 7d),None,15.0,86.3,96.4,162,100,Shadow / Disconnection Block,180,120,Cable Fault Locator Unit,7,0,0,0,2026-09-23,2026-10-05,0.514,0.632,61.1,P3_MEDIUM,COMPAT_SNT_OHE_GENERAL
DEM-2026-TRD-10139,TDMS,Traction Distribution (TRD / OHE),NCR,DLI,NDLS-DDU Golden Diagonal HDN-1,TDL-ETW,Tundla (TDL) - Etawah (ETW),DN_MAIN,291.184,292.384,1.2,Routine Maintenance,OHE Periodic Annual Overhaul (AOH) & Dropper Regulation,Medium (Within 7d),None,6.0,34.8,96.4,198,90,Joint Traffic & Power Block,180,120,8-Wheeler OHE Tower Wagon,14,1,1,0,2026-09-25,2026-10-03,0.433,0.655,60.6,P3_MEDIUM,COMPAT_SNT_OHE_GENERAL
DEM-2026-ENG-10140,TMS,Engineering (Civil / Track),NCR,DLI,NDLS-DDU Golden Diagonal HDN-1,TDL-ETW,Tundla (TDL) - Etawah (ETW),UP_MAIN,292.464,295.964,3.5,Routine Maintenance,Points & Crossing Turnout Tamping (UNIMAT),High (Within 48h),None,12.0,73.1,96.4,51,50,Traffic Block,180,120,UNIMAT_08_4S,14,1,0,1,2026-09-22,2026-09-30,0.578,0.747,60.0,P3_MEDIUM,COMPAT_TURNOUT_SNT
DEM-2026-TRD-10141,TDMS,Traction Distribution (TRD / OHE),NCR,PRYJ,NDLS-DDU Golden Diagonal HDN-1,MZP-DDU,Mirzapur (MZP) - Pt. DD Upadhyaya (DDU),DN_MAIN,723.764,728.764,5.0,Asset Renewal,25 kV OHE Catenary & Contact Wire Stringing Renewal,High (Within 48h),None,14.4,67.5,118.0,80,45,Joint Traffic & Power Block,300,240,OHE Wiring Train & Tensioning Rig,22,0,1,1,2026-09-22,2026-09-25,0.645,0.884,70.0,P2_HIGH,COMPAT_DEEP_CLEANING
DEM-2026-ENG-10142,TMS,Engineering (Civil / Track),NCR,DLI,NDLS-DDU Golden Diagonal HDN-1,TDL-ETW,Tundla (TDL) - Etawah (ETW),DN_MAIN,286.724,287.924,1.2,Asset Renewal,Ballast Cleaning & Deep Screening (BCM),High (Within 48h),None,8.3,59.7,96.4,159,45,Joint Traffic & Power Block,360,240,BCM_800 / DGS,28,1,1,1,2026-09-23,2026-09-27,0.736,0.758,77.2,P2_HIGH,COMPAT_DEEP_CLEANING
DEM-2026-TRD-10143,TDMS,Traction Distribution (TRD / OHE),NCR,PRYJ,NDLS-DDU Golden Diagonal HDN-1,CNB-FTP,Kanpur Central (CNB) - Fatehpur (FTP),UP_MAIN,474.744,479.744,5.0,Pre-Monsoon Precaution,OHE 25kV Live Feeder Tree Trimming & Neutral Section Check,Low (Planned Monthly),None,14.5,80.3,105.0,92,110,Joint Traffic & Power Block,120,60,Insulated Bucket Truck / Tower Wagon,10,1,1,0,2026-09-22,2026-10-15,0.133,0.659,34.5,P4_LOW,COMPAT_SNT_OHE_GENERAL
DEM-2026-ENG-10144,TMS,Engineering (Civil / Track),NCR,DLI,NDLS-DDU Golden Diagonal HDN-1,GZB-ALJN,Ghaziabad (GZB) - Aligarh (ALJN),UP_MAIN,99.03,99.315,0.285,Safety Critical Defect,Thermit Weld Collar Fracturing Repair,Critical (Immediate),REM,5.4,34.2,85.5,29,30,Traffic Block,120,90,Thermit Welding Kit / Gang,15,0,0,1,2026-09-24,2026-09-29,0.88,0.73,75.0,P2_HIGH,COMPAT_TRACK_HEAVY
DEM-2026-ENG-10145,TMS,Engineering (Civil / Track),NCR,PRYJ,NDLS-DDU Golden Diagonal HDN-1,CNB-FTP,Kanpur Central (CNB) - Fatehpur (FTP),DN_MAIN,486.032,488.032,2.0,Asset Renewal,Rail Grinding for Rolling Contact Fatigue (RGM),Medium (Within 7d),OBS,10.5,63.2,105.0,94,90,Traffic Block,300,210,RGM_72,16,1,0,0,2026-09-25,2026-10-04,0.406,0.705,50.4,P3_MEDIUM,COMPAT_SURFACE_PWAY
DEM-2026-TRD-10146,TDMS,Traction Distribution (TRD / OHE),NCR,PRYJ,NDLS-DDU Golden Diagonal HDN-1,ETW-CNB,Etawah (ETW) - Kanpur Central (CNB),DN_MAIN,412.731,414.731,2.0,Asset Renewal,25 kV OHE Catenary & Contact Wire Stringing Renewal,High (Within 48h),None,16.4,97.8,110.2,218,45,Joint Traffic & Power Block,300,240,OHE Wiring Train & Tensioning Rig,22,0,1,1,2026-09-22,2026-09-26,0.579,0.839,74.6,P2_HIGH,COMPAT_DEEP_CLEANING
DEM-2026-TRD-10147,TDMS,Traction Distribution (TRD / OHE),NCR,PRYJ,NDLS-DDU Golden Diagonal HDN-1,FTP-PRYJ,Fatehpur (FTP) - Prayagraj Jn (PRYJ),UP_MAIN,562.68,563.88,1.2,Asset Renewal,25 kV OHE Catenary & Contact Wire Stringing Renewal,High (Within 48h),None,3.0,13.7,108.5,210,45,Joint Traffic & Power Block,300,240,OHE Wiring Train & Tensioning Rig,22,0,1,1,2026-09-23,2026-09-25,0.74,0.829,81.7,P1_CRITICAL,COMPAT_DEEP_CLEANING
DEM-2026-SNT-10148,SMMS,Signalling & Telecom (S&T),NCR,DLI,NDLS-DDU Golden Diagonal HDN-1,TDL-ETW,Tundla (TDL) - Etawah (ETW),DN_MAIN,231.675,232.875,1.2,Pre-Monsoon Precaution,Main Signalling Cable Insulation Meggering & Trenching Check,Medium (Within 7d),None,11.5,62.9,96.4,269,100,Shadow / Disconnection Block,180,120,Cable Fault Locator Unit,7,0,0,0,2026-09-22,2026-10-01,0.511,0.632,62.5,P3_MEDIUM,COMPAT_SNT_OHE_GENERAL
DEM-2026-TRD-10149,TDMS,Traction Distribution (TRD / OHE),NCR,DLI,NDLS-DDU Golden Diagonal HDN-1,ALJN-TDL,Aligarh (ALJN) - Tundla (TDL),DN_MAIN,142.028,142.375,0.347,Safety Critical Defect,Contact Wire Kink & Catenary Sag Emergency Splice,Critical (Immediate),None,2.1,15.3,92.0,254,20,Joint Traffic & Power Block,150,100,Emergency OHE Ladder Trolley,12,0,1,1,2026-09-22,2026-09-23,0.837,0.791,88.3,P1_CRITICAL,COMPAT_SNT_OHE_GENERAL
DEM-2026-SNT-10150,SMMS,Signalling & Telecom (S&T),NCR,PRYJ,NDLS-DDU Golden Diagonal HDN-1,PRYJ-MZP,Prayagraj Jn (PRYJ) - Mirzapur (MZP),UP_MAIN,658.274,661.774,3.5,Pre-Monsoon Precaution,Main Signalling Cable Insulation Meggering & Trenching Check,Medium (Within 7d),None,8.7,45.5,94.0,113,100,Shadow / Disconnection Block,180,120,Cable Fault Locator Unit,7,0,0,0,2026-09-22,2026-09-30,0.387,0.618,51.1,P3_MEDIUM,COMPAT_SNT_OHE_GENERAL
DEM-2026-SNT-10151,SMMS,Signalling & Telecom (S&T),NCR,PRYJ,NDLS-DDU Golden Diagonal HDN-1,PRYJ-MZP,Prayagraj Jn (PRYJ) - Mirzapur (MZP),DN_MAIN,697.564,702.564,5.0,Routine Maintenance,Track Circuit Glued Joint Bonding & Meggering,Medium (Within 7d),None,15.3,70.1,94.0,63,80,Traffic Block,120,90,Insulation Megger Tester,6,0,0,0,2026-09-24,2026-10-06,0.395,0.664,46.0,P3_MEDIUM,COMPAT_SURFACE_PWAY
DEM-2026-ENG-10152,TMS,Engineering (Civil / Track),NCR,PRYJ,NDLS-DDU Golden Diagonal HDN-1,FTP-PRYJ,Fatehpur (FTP) - Prayagraj Jn (PRYJ),UP_MAIN,557.353,557.853,0.5,Pre-Monsoon Precaution,Bridge Bearings Inspection & Girder Greasing,Medium (Within 7d),None,2.0,4.1,108.5,184,60,Traffic Block,150,90,Bridge Inspection Unit,10,0,0,0,2026-09-25,2026-10-05,0.493,0.794,64.6,P3_MEDIUM,COMPAT_BRIDGE_STRUCT
DEM-2026-ENG-10153,TMS,Engineering (Civil / Track),NCR,DLI,NDLS-DDU Golden Diagonal HDN-1,TDL-ETW,Tundla (TDL) - Etawah (ETW),UP_MAIN,232.19,235.69,3.5,Pre-Monsoon Precaution,Bridge Bearings Inspection & Girder Greasing,Medium (Within 7d),None,21.8,121.2,96.4,167,60,Traffic Block,150,90,Bridge Inspection Unit,10,0,0,0,2026-09-25,2026-10-05,0.442,0.724,60.2,P3_MEDIUM,COMPAT_BRIDGE_STRUCT
DEM-2026-SNT-10154,SMMS,Signalling & Telecom (S&T),NCR,PRYJ,NDLS-DDU Golden Diagonal HDN-1,CNB-FTP,Kanpur Central (CNB) - Fatehpur (FTP),DN_MAIN,459.677,460.177,0.5,Routine Maintenance,Track Circuit Glued Joint Bonding & Meggering,Medium (Within 7d),None,21.6,115.5,105.0,27,80,Traffic Block,120,90,Insulation Megger Tester,6,0,0,0,2026-09-23,2026-10-01,0.443,0.728,46.1,P3_MEDIUM,COMPAT_SURFACE_PWAY
DEM-2026-ENG-10155,TMS,Engineering (Civil / Track),NCR,DLI,NDLS-DDU Golden Diagonal HDN-1,GZB-ALJN,Ghaziabad (GZB) - Aligarh (ALJN),DN_MAIN,93.921,94.563,0.642,Safety Critical Defect,Thermit Weld Collar Fracturing Repair,Critical (Immediate),REM,9.0,59.6,85.5,138,30,Traffic Block,120,90,Thermit Welding Kit / Gang,15,0,0,1,2026-09-22,2026-09-27,0.786,0.73,79.8,P2_HIGH,COMPAT_TRACK_HEAVY
DEM-2026-ENG-10156,TMS,Engineering (Civil / Track),NCR,PRYJ,NDLS-DDU Golden Diagonal HDN-1,ETW-CNB,Etawah (ETW) - Kanpur Central (CNB),UP_MAIN,316.519,317.719,1.2,Routine Maintenance,Points & Crossing Turnout Tamping (UNIMAT),High (Within 48h),None,9.6,61.2,110.2,255,50,Traffic Block,180,120,UNIMAT_08_4S,14,1,0,1,2026-09-22,2026-09-27,0.742,0.827,79.3,P2_HIGH,COMPAT_TURNOUT_SNT
DEM-2026-TRD-10157,TDMS,Traction Distribution (TRD / OHE),NCR,DLI,NDLS-DDU Golden Diagonal HDN-1,TDL-ETW,Tundla (TDL) - Etawah (ETW),UP_MAIN,246.336,249.836,3.5,Routine Maintenance,Traction Substation (TSS) 132/25kV Circuit Breaker Servicing,High (Within 48h),None,7.6,33.2,96.4,189,130,Power Block (OHE),240,180,Substation Testing Rig,9,0,1,0,2026-09-24,2026-09-29,0.67,0.562,72.3,P2_HIGH,COMPAT_SUBSTATION
DEM-2026-SNT-10158,SMMS,Signalling & Telecom (S&T),NCR,PRYJ,NDLS-DDU Golden Diagonal HDN-1,MZP-DDU,Mirzapur (MZP) - Pt. DD Upadhyaya (DDU),UP_MAIN,749.764,750.964,1.2,Routine Maintenance,Track Circuit Glued Joint Bonding & Meggering,Medium (Within 7d),None,20.8,123.5,118.0,161,80,Traffic Block,120,90,Insulation Megger Tester,6,0,0,0,2026-09-25,2026-10-06,0.469,0.804,59.6,P3_MEDIUM,COMPAT_SURFACE_PWAY
DEM-2026-ENG-10159,TMS,Engineering (Civil / Track),NCR,PRYJ,NDLS-DDU Golden Diagonal HDN-1,FTP-PRYJ,Fatehpur (FTP) - Prayagraj Jn (PRYJ),DN_MAIN,592.744,594.744,2.0,Asset Renewal,Rail Grinding for Rolling Contact Fatigue (RGM),Medium (Within 7d),OBS,3.6,28.3,108.5,208,90,Traffic Block,300,210,RGM_72,16,1,0,0,2026-09-24,2026-10-03,0.515,0.725,62.8,P3_MEDIUM,COMPAT_SURFACE_PWAY
DEM-2026-ENG-10160,TMS,Engineering (Civil / Track),NCR,DLI,NDLS-DDU Golden Diagonal HDN-1,TDL-ETW,Tundla (TDL) - Etawah (ETW),DN_MAIN,210.994,211.741,0.747,Safety Critical Defect,Thermit Weld Collar Fracturing Repair,Critical (Immediate),REM,14.8,86.4,96.4,123,30,Traffic Block,120,90,Thermit Welding Kit / Gang,15,0,0,1,2026-09-24,2026-09-26,0.82,0.793,81.0,P1_CRITICAL,COMPAT_TRACK_HEAVY
DEM-2026-TRD-10161,TDMS,Traction Distribution (TRD / OHE),NCR,DLI,NDLS-DDU Golden Diagonal HDN-1,TDL-ETW,Tundla (TDL) - Etawah (ETW),UP_MAIN,225.176,225.676,0.5,Pre-Monsoon Precaution,OHE 25kV Live Feeder Tree Trimming & Neutral Section Check,Low (Planned Monthly),None,15.1,81.4,96.4,133,110,Joint Traffic & Power Block,120,60,Insulated Bucket Truck / Tower Wagon,10,1,1,0,2026-09-24,2026-10-20,0.11,0.608,36.2,P4_LOW,COMPAT_SNT_OHE_GENERAL
DEM-2026-TRD-10162,TDMS,Traction Distribution (TRD / OHE),NCR,PRYJ,NDLS-DDU Golden Diagonal HDN-1,MZP-DDU,Mirzapur (MZP) - Pt. DD Upadhyaya (DDU),UP_MAIN,716.313,716.798,0.485,Safety Critical Defect,Contact Wire Kink & Catenary Sag Emergency Splice,Critical (Immediate),None,20.5,104.7,118.0,257,20,Joint Traffic & Power Block,150,100,Emergency OHE Ladder Trolley,12,0,1,1,2026-09-24,2026-09-25,0.875,0.942,92.3,P1_CRITICAL,COMPAT_SNT_OHE_GENERAL
DEM-2026-TRD-10163,TDMS,Traction Distribution (TRD / OHE),NCR,PRYJ,NDLS-DDU Golden Diagonal HDN-1,FTP-PRYJ,Fatehpur (FTP) - Prayagraj Jn (PRYJ),DN_MAIN,585.079,586.279,1.2,Routine Maintenance,OHE Periodic Annual Overhaul (AOH) & Dropper Regulation,Medium (Within 7d),None,12.2,72.7,108.5,33,90,Joint Traffic & Power Block,180,120,8-Wheeler OHE Tower Wagon,14,1,1,0,2026-09-25,2026-10-02,0.519,0.725,53.2,P3_MEDIUM,COMPAT_SNT_OHE_GENERAL
DEM-2026-SNT-10164,SMMS,Signalling & Telecom (S&T),NCR,DLI,NDLS-DDU Golden Diagonal HDN-1,TDL-ETW,Tundla (TDL) - Etawah (ETW),UP_MAIN,273.735,274.935,1.2,Asset Renewal,Electronic Interlocking (EI) Field Functional Testing,High (Within 48h),None,20.7,122.4,96.4,162,30,Traffic Block,240,180,EI Simulator & Logic Analyzer,8,0,0,1,2026-09-24,2026-09-27,0.743,0.793,79.3,P2_HIGH,COMPAT_INTERLOCKING
DEM-2026-ENG-10165,TMS,Engineering (Civil / Track),NCR,DLI,NDLS-DDU Golden Diagonal HDN-1,ALJN-TDL,Aligarh (ALJN) - Tundla (TDL),DN_MAIN,166.476,166.922,0.446,Safety Critical Defect,Thermit Weld Collar Fracturing Repair,Critical (Immediate),REM,20.7,119.0,92.0,253,30,Traffic Block,120,90,Thermit Welding Kit / Gang,15,0,0,1,2026-09-24,2026-09-25,0.835,0.767,86.1,P1_CRITICAL,COMPAT_TRACK_HEAVY
DEM-2026-TRD-10166,TDMS,Traction Distribution (TRD / OHE),NCR,DLI,NDLS-DDU Golden Diagonal HDN-1,TDL-ETW,Tundla (TDL) - Etawah (ETW),DN_MAIN,220.479,222.479,2.0,Routine Maintenance,Traction Substation (TSS) 132/25kV Circuit Breaker Servicing,High (Within 48h),None,17.6,95.0,96.4,112,130,Power Block (OHE),240,180,Substation Testing Rig,9,0,1,0,2026-09-25,2026-10-07,0.589,0.562,63.0,P3_MEDIUM,COMPAT_SUBSTATION
DEM-2026-ENG-10167,TMS,Engineering (Civil / Track),NCR,PRYJ,NDLS-DDU Golden Diagonal HDN-1,PRYJ-MZP,Prayagraj Jn (PRYJ) - Mirzapur (MZP),DN_MAIN,635.155,635.942,0.787,Safety Critical Defect,Thermit Weld Collar Fracturing Repair,Critical (Immediate),REM,11.0,73.1,94.0,17,30,Traffic Block,120,90,Thermit Welding Kit / Gang,15,0,0,1,2026-09-25,2026-09-28,0.832,0.779,72.5,P2_HIGH,COMPAT_TRACK_HEAVY
DEM-2026-ENG-10168,TMS,Engineering (Civil / Track),NCR,PRYJ,NDLS-DDU Golden Diagonal HDN-1,CNB-FTP,Kanpur Central (CNB) - Fatehpur (FTP),DN_MAIN,477.679,477.962,0.283,Safety Critical Defect,Thermit Weld Collar Fracturing Repair,Critical (Immediate),REM,8.6,40.1,105.0,74,30,Traffic Block,120,90,Thermit Welding Kit / Gang,15,0,0,1,2026-09-25,2026-09-26,0.873,0.843,80.1,P1_CRITICAL,COMPAT_TRACK_HEAVY
DEM-2026-ENG-10169,TMS,Engineering (Civil / Track),NCR,PRYJ,NDLS-DDU Golden Diagonal HDN-1,CNB-FTP,Kanpur Central (CNB) - Fatehpur (FTP),3RD_LINE,462.382,463.582,1.2,Asset Renewal,Ballast Cleaning & Deep Screening (BCM),High (Within 48h),None,5.6,22.0,105.0,92,45,Joint Traffic & Power Block,360,240,BCM_800 / DGS,28,1,1,1,2026-09-24,2026-09-29,0.65,0.809,68.6,P2_HIGH,COMPAT_DEEP_CLEANING
DEM-2026-SNT-10170,SMMS,Signalling & Telecom (S&T),NCR,PRYJ,NDLS-DDU Golden Diagonal HDN-1,PRYJ-MZP,Prayagraj Jn (PRYJ) - Mirzapur (MZP),DN_MAIN,697.589,698.789,1.2,Pre-Monsoon Precaution,Main Signalling Cable Insulation Meggering & Trenching Check,Medium (Within 7d),None,15.3,84.4,94.0,55,100,Shadow / Disconnection Block,180,120,Cable Fault Locator Unit,7,0,0,0,2026-09-24,2026-10-04,0.426,0.618,48.0,P3_MEDIUM,COMPAT_SNT_OHE_GENERAL
DEM-2026-ENG-10171,TMS,Engineering (Civil / Track),NCR,DLI,NDLS-DDU Golden Diagonal HDN-1,ALJN-TDL,Aligarh (ALJN) - Tundla (TDL),UP_MAIN,193.265,194.465,1.2,Pre-Monsoon Precaution,Bridge Bearings Inspection & Girder Greasing,Medium (Within 7d),None,13.0,59.5,92.0,181,60,Traffic Block,150,90,Bridge Inspection Unit,10,0,0,0,2026-09-22,2026-10-01,0.505,0.698,63.7,P3_MEDIUM,COMPAT_BRIDGE_STRUCT
DEM-2026-ENG-10172,TMS,Engineering (Civil / Track),NCR,PRYJ,NDLS-DDU Golden Diagonal HDN-1,ETW-CNB,Etawah (ETW) - Kanpur Central (CNB),DN_MAIN,356.363,356.863,0.5,Pre-Monsoon Precaution,Bridge Bearings Inspection & Girder Greasing,Medium (Within 7d),None,10.5,57.9,110.2,247,60,Traffic Block,150,90,Bridge Inspection Unit,10,0,0,0,2026-09-25,2026-10-05,0.435,0.804,62.1,P3_MEDIUM,COMPAT_BRIDGE_STRUCT
DEM-2026-ENG-10173,TMS,Engineering (Civil / Track),NCR,PRYJ,NDLS-DDU Golden Diagonal HDN-1,CNB-FTP,Kanpur Central (CNB) - Fatehpur (FTP),3RD_LINE,495.826,497.026,1.2,Asset Renewal,Ballast Cleaning & Deep Screening (BCM),High (Within 48h),None,13.1,56.9,105.0,190,45,Joint Traffic & Power Block,360,240,BCM_800 / DGS,28,1,1,1,2026-09-22,2026-09-27,0.704,0.809,78.3,P2_HIGH,COMPAT_DEEP_CLEANING
DEM-2026-ENG-10174,TMS,Engineering (Civil / Track),NCR,DLI,NDLS-DDU Golden Diagonal HDN-1,ALJN-TDL,Aligarh (ALJN) - Tundla (TDL),DN_MAIN,139.409,140.609,1.2,Routine Maintenance,Points & Crossing Turnout Tamping (UNIMAT),High (Within 48h),None,17.1,104.8,92.0,229,50,Traffic Block,180,120,UNIMAT_08_4S,14,1,0,1,2026-09-25,2026-09-29,0.632,0.721,72.8,P2_HIGH,COMPAT_TURNOUT_SNT
DEM-2026-ENG-10175,TMS,Engineering (Civil / Track),NCR,PRYJ,NDLS-DDU Golden Diagonal HDN-1,PRYJ-MZP,Prayagraj Jn (PRYJ) - Mirzapur (MZP),DN_MAIN,701.774,701.967,0.193,Safety Critical Defect,Thermit Weld Collar Fracturing Repair,Critical (Immediate),REM,19.1,89.1,94.0,215,30,Traffic Block,120,90,Thermit Welding Kit / Gang,15,0,0,1,2026-09-22,2026-09-23,0.886,0.779,88.6,P1_CRITICAL,COMPAT_TRACK_HEAVY
DEM-2026-TRD-10176,TDMS,Traction Distribution (TRD / OHE),NCR,DLI,NDLS-DDU Golden Diagonal HDN-1,GZB-ALJN,Ghaziabad (GZB) - Aligarh (ALJN),DN_MAIN,75.806,80.806,5.0,Routine Maintenance,Traction Substation (TSS) 132/25kV Circuit Breaker Servicing,High (Within 48h),None,9.0,41.9,85.5,249,130,Power Block (OHE),240,180,Substation Testing Rig,9,0,1,0,2026-09-23,2026-09-27,0.626,0.499,69.4,P2_HIGH,COMPAT_SUBSTATION
DEM-2026-SNT-10177,SMMS,Signalling & Telecom (S&T),NCR,DLI,NDLS-DDU Golden Diagonal HDN-1,ALJN-TDL,Aligarh (ALJN) - Tundla (TDL),UP_MAIN,171.812,172.312,0.5,Asset Renewal,Electronic Interlocking (EI) Field Functional Testing,High (Within 48h),None,6.1,22.5,92.0,31,30,Traffic Block,240,180,EI Simulator & Logic Analyzer,8,0,0,1,2026-09-22,2026-10-03,0.648,0.767,63.7,P3_MEDIUM,COMPAT_INTERLOCKING
DEM-2026-ENG-10178,TMS,Engineering (Civil / Track),NCR,PRYJ,NDLS-DDU Golden Diagonal HDN-1,ETW-CNB,Etawah (ETW) - Kanpur Central (CNB),UP_MAIN,369.137,369.637,0.5,Routine Maintenance,Track Tamping and Alignment (CSM Machine),Medium (Within 7d),None,3.9,39.3,110.2,133,75,Traffic Block,240,180,CSM_09_32 / DTS_3D,12,1,0,0,2026-09-24,2026-10-05,0.496,0.77,59.5,P3_MEDIUM,COMPAT_SURFACE_PWAY
DEM-2026-ENG-10179,TMS,Engineering (Civil / Track),NCR,PRYJ,NDLS-DDU Golden Diagonal HDN-1,FTP-PRYJ,Fatehpur (FTP) - Prayagraj Jn (PRYJ),UP_MAIN,621.919,626.919,5.0,Routine Maintenance,Track Tamping and Alignment (CSM Machine),Medium (Within 7d),None,5.6,27.0,108.5,45,75,Traffic Block,240,180,CSM_09_32 / DTS_3D,12,1,0,0,2026-09-23,2026-10-03,0.434,0.76,49.2,P3_MEDIUM,COMPAT_SURFACE_PWAY
DEM-2026-ENG-10180,TMS,Engineering (Civil / Track),NCR,PRYJ,NDLS-DDU Golden Diagonal HDN-1,PRYJ-MZP,Prayagraj Jn (PRYJ) - Mirzapur (MZP),DN_MAIN,707.506,711.006,3.5,Asset Renewal,Ballast Cleaning & Deep Screening (BCM),High (Within 48h),None,17.5,87.1,94.0,227,45,Joint Traffic & Power Block,360,240,BCM_800 / DGS,28,1,1,1,2026-09-25,2026-09-29,0.64,0.744,74.5,P2_HIGH,COMPAT_DEEP_CLEANING
DEM-2026-ENG-10181,TMS,Engineering (Civil / Track),NCR,DLI,NDLS-DDU Golden Diagonal HDN-1,TDL-ETW,Tundla (TDL) - Etawah (ETW),DN_MAIN,230.615,231.815,1.2,Routine Maintenance,Track Tamping and Alignment (CSM Machine),Medium (Within 7d),None,17.9,106.9,96.4,225,75,Traffic Block,240,180,CSM_09_32 / DTS_3D,12,1,0,0,2026-09-23,2026-10-03,0.532,0.689,63.8,P3_MEDIUM,COMPAT_SURFACE_PWAY
DEM-2026-ENG-10182,TMS,Engineering (Civil / Track),NCR,PRYJ,NDLS-DDU Golden Diagonal HDN-1,PRYJ-MZP,Prayagraj Jn (PRYJ) - Mirzapur (MZP),UP_MAIN,682.293,685.793,3.5,Asset Renewal,Ballast Cleaning & Deep Screening (BCM),High (Within 48h),None,18.8,86.8,94.0,111,45,Joint Traffic & Power Block,360,240,BCM_800 / DGS,28,1,1,1,2026-09-22,2026-09-26,0.561,0.744,65.2,P2_HIGH,COMPAT_DEEP_CLEANING
DEM-2026-SNT-10183,SMMS,Signalling & Telecom (S&T),NCR,DLI,NDLS-DDU Golden Diagonal HDN-1,ALJN-TDL,Aligarh (ALJN) - Tundla (TDL),UP_MAIN,179.961,184.961,5.0,Routine Maintenance,Integrated LED Signal Aspect Overhaul & Alignment,Low (Planned Monthly),None,5.6,24.3,92.0,184,110,Shadow / Disconnection Block,90,60,Signal Alignment Telescope,4,0,0,0,2026-09-23,2026-10-06,0.158,0.583,40.9,P4_LOW,COMPAT_SNT_OHE_GENERAL
DEM-2026-TRD-10184,TDMS,Traction Distribution (TRD / OHE),NCR,PRYJ,NDLS-DDU Golden Diagonal HDN-1,ETW-CNB,Etawah (ETW) - Kanpur Central (CNB),UP_MAIN,419.907,424.907,5.0,Routine Maintenance,Section Insulator & Motorized Isolator Contact Overhaul,Medium (Within 7d),None,15.8,80.9,110.2,136,80,Joint Traffic & Power Block,120,90,OHE Tower Wagon,8,1,1,0,2026-09-24,2026-10-06,0.432,0.758,57.6,P3_MEDIUM,COMPAT_TURNOUT_SNT
DEM-2026-TRD-10185,TDMS,Traction Distribution (TRD / OHE),NCR,PRYJ,NDLS-DDU Golden Diagonal HDN-1,PRYJ-MZP,Prayagraj Jn (PRYJ) - Mirzapur (MZP),DN_MAIN,653.37,655.37,2.0,Asset Renewal,25 kV OHE Catenary & Contact Wire Stringing Renewal,High (Within 48h),None,11.8,63.9,94.0,64,45,Joint Traffic & Power Block,300,240,OHE Wiring Train & Tensioning Rig,22,0,1,1,2026-09-25,2026-09-30,0.727,0.744,70.2,P2_HIGH,COMPAT_DEEP_CLEANING
DEM-2026-ENG-10186,TMS,Engineering (Civil / Track),NCR,PRYJ,NDLS-DDU Golden Diagonal HDN-1,FTP-PRYJ,Fatehpur (FTP) - Prayagraj Jn (PRYJ),UP_MAIN,518.052,519.252,1.2,Routine Maintenance,Points & Crossing Turnout Tamping (UNIMAT),High (Within 48h),None,16.6,73.5,108.5,227,50,Traffic Block,180,120,UNIMAT_08_4S,14,1,0,1,2026-09-24,2026-09-27,0.615,0.818,73.4,P2_HIGH,COMPAT_TURNOUT_SNT
DEM-2026-TRD-10187,TDMS,Traction Distribution (TRD / OHE),NCR,PRYJ,NDLS-DDU Golden Diagonal HDN-1,ETW-CNB,Etawah (ETW) - Kanpur Central (CNB),DN_MAIN,363.655,364.213,0.558,Safety Critical Defect,Contact Wire Kink & Catenary Sag Emergency Splice,Critical (Immediate),None,15.4,74.7,110.2,264,20,Joint Traffic & Power Block,150,100,Emergency OHE Ladder Trolley,12,0,1,1,2026-09-25,2026-09-27,0.973,0.897,96.0,P1_CRITICAL,COMPAT_SNT_OHE_GENERAL
DEM-2026-ENG-10188,TMS,Engineering (Civil / Track),NCR,DLI,NDLS-DDU Golden Diagonal HDN-1,TDL-ETW,Tundla (TDL) - Etawah (ETW),DN_MAIN,252.369,252.598,0.229,Safety Critical Defect,Thermit Weld Collar Fracturing Repair,Critical (Immediate),REM,19.7,118.2,96.4,44,30,Traffic Block,120,90,Thermit Welding Kit / Gang,15,0,0,1,2026-09-22,2026-09-25,0.885,0.793,77.4,P2_HIGH,COMPAT_TRACK_HEAVY
DEM-2026-ENG-10189,TMS,Engineering (Civil / Track),NCR,DLI,NDLS-DDU Golden Diagonal HDN-1,GZB-ALJN,Ghaziabad (GZB) - Aligarh (ALJN),DN_MAIN,43.722,44.317,0.595,Safety Critical Defect,Thermit Weld Collar Fracturing Repair,Critical (Immediate),REM,1.2,11.2,85.5,205,30,Traffic Block,120,90,Thermit Welding Kit / Gang,15,0,0,1,2026-09-25,2026-09-27,0.792,0.73,83.6,P1_CRITICAL,COMPAT_TRACK_HEAVY
DEM-2026-TRD-10190,TDMS,Traction Distribution (TRD / OHE),NCR,DLI,NDLS-DDU Golden Diagonal HDN-1,GZB-ALJN,Ghaziabad (GZB) - Aligarh (ALJN),UP_MAIN,21.215,26.215,5.0,Routine Maintenance,Section Insulator & Motorized Isolator Contact Overhaul,Medium (Within 7d),None,16.2,87.1,85.5,160,80,Joint Traffic & Power Block,120,90,OHE Tower Wagon,8,1,1,0,2026-09-25,2026-10-07,0.304,0.614,51.7,P3_MEDIUM,COMPAT_TURNOUT_SNT
DEM-2026-SNT-10191,SMMS,Signalling & Telecom (S&T),NCR,DLI,NDLS-DDU Golden Diagonal HDN-1,TDL-ETW,Tundla (TDL) - Etawah (ETW),UP_MAIN,217.177,218.377,1.2,Routine Maintenance,Integrated LED Signal Aspect Overhaul & Alignment,Low (Planned Monthly),None,14.0,67.6,96.4,195,110,Shadow / Disconnection Block,90,60,Signal Alignment Telescope,4,0,0,0,2026-09-22,2026-10-17,0.151,0.608,40.9,P4_LOW,COMPAT_SNT_OHE_GENERAL
DEM-2026-TRD-10192,TDMS,Traction Distribution (TRD / OHE),NCR,PRYJ,NDLS-DDU Golden Diagonal HDN-1,FTP-PRYJ,Fatehpur (FTP) - Prayagraj Jn (PRYJ),DN_MAIN,622.421,622.679,0.258,Safety Critical Defect,Contact Wire Kink & Catenary Sag Emergency Splice,Critical (Immediate),None,15.4,92.4,108.5,30,20,Joint Traffic & Power Block,150,100,Emergency OHE Ladder Trolley,12,0,1,1,2026-09-25,2026-09-29,0.799,0.887,75.5,P2_HIGH,COMPAT_SNT_OHE_GENERAL
DEM-2026-TRD-10193,TDMS,Traction Distribution (TRD / OHE),NCR,PRYJ,NDLS-DDU Golden Diagonal HDN-1,MZP-DDU,Mirzapur (MZP) - Pt. DD Upadhyaya (DDU),UP_MAIN,726.369,729.869,3.5,Routine Maintenance,Traction Substation (TSS) 132/25kV Circuit Breaker Servicing,High (Within 48h),None,18.8,103.3,118.0,183,130,Power Block (OHE),240,180,Substation Testing Rig,9,0,1,0,2026-09-22,2026-09-25,0.674,0.688,74.4,P2_HIGH,COMPAT_SUBSTATION
DEM-2026-SNT-10194,SMMS,Signalling & Telecom (S&T),NCR,PRYJ,NDLS-DDU Golden Diagonal HDN-1,ETW-CNB,Etawah (ETW) - Kanpur Central (CNB),UP_MAIN,416.264,419.764,3.5,Pre-Monsoon Precaution,Main Signalling Cable Insulation Meggering & Trenching Check,Medium (Within 7d),None,6.7,51.2,110.2,157,100,Shadow / Disconnection Block,180,120,Cable Fault Locator Unit,7,0,0,0,2026-09-22,2026-10-02,0.516,0.712,62.0,P3_MEDIUM,COMPAT_SNT_OHE_GENERAL
DEM-2026-ENG-10195,TMS,Engineering (Civil / Track),NCR,DLI,NDLS-DDU Golden Diagonal HDN-1,TDL-ETW,Tundla (TDL) - Etawah (ETW),DN_MAIN,255.953,259.453,3.5,Routine Maintenance,Track Tamping and Alignment (CSM Machine),Medium (Within 7d),None,20.5,101.5,96.4,137,75,Traffic Block,240,180,CSM_09_32 / DTS_3D,12,1,0,0,2026-09-25,2026-10-07,0.436,0.689,55.9,P3_MEDIUM,COMPAT_SURFACE_PWAY
DEM-2026-SNT-10196,SMMS,Signalling & Telecom (S&T),NCR,PRYJ,NDLS-DDU Golden Diagonal HDN-1,FTP-PRYJ,Fatehpur (FTP) - Prayagraj Jn (PRYJ),DN_MAIN,600.35,600.933,0.583,Safety Critical Defect,Digital Axle Counter (DAC) Head Sensor Replacement,Critical (Immediate),None,2.6,25.4,108.5,191,50,Traffic Block,90,60,DAC Calibration Rig,5,0,0,0,2026-09-23,2026-09-25,0.791,0.818,85.4,P1_CRITICAL,COMPAT_SNT_OHE_GENERAL
DEM-2026-TRD-10197,TDMS,Traction Distribution (TRD / OHE),NCR,DLI,NDLS-DDU Golden Diagonal HDN-1,ALJN-TDL,Aligarh (ALJN) - Tundla (TDL),DN_MAIN,197.137,200.637,3.5,Pre-Monsoon Precaution,OHE 25kV Live Feeder Tree Trimming & Neutral Section Check,Low (Planned Monthly),None,21.3,106.3,92.0,153,110,Joint Traffic & Power Block,120,60,Insulated Bucket Truck / Tower Wagon,10,1,1,0,2026-09-25,2026-10-22,0.249,0.583,43.7,P4_LOW,COMPAT_SNT_OHE_GENERAL
DEM-2026-TRD-10198,TDMS,Traction Distribution (TRD / OHE),NCR,PRYJ,NDLS-DDU Golden Diagonal HDN-1,ETW-CNB,Etawah (ETW) - Kanpur Central (CNB),DN_MAIN,354.515,359.515,5.0,Routine Maintenance,Section Insulator & Motorized Isolator Contact Overhaul,Medium (Within 7d),None,14.9,67.1,110.2,165,80,Joint Traffic & Power Block,120,90,OHE Tower Wagon,8,1,1,0,2026-09-22,2026-10-03,0.492,0.758,62.8,P3_MEDIUM,COMPAT_TURNOUT_SNT
DEM-2026-ENG-10199,TMS,Engineering (Civil / Track),NCR,DLI,NDLS-DDU Golden Diagonal HDN-1,ALJN-TDL,Aligarh (ALJN) - Tundla (TDL),DN_MAIN,184.4,184.608,0.208,Safety Critical Defect,Thermit Weld Collar Fracturing Repair,Critical (Immediate),REM,9.2,46.8,92.0,60,30,Traffic Block,120,90,Thermit Welding Kit / Gang,15,0,0,1,2026-09-25,2026-09-29,0.781,0.767,73.7,P2_HIGH,COMPAT_TRACK_HEAVY
DEM-2026-ENG-10200,TMS,Engineering (Civil / Track),NCR,PRYJ,NDLS-DDU Golden Diagonal HDN-1,FTP-PRYJ,Fatehpur (FTP) - Prayagraj Jn (PRYJ),DN_MAIN,533.707,534.121,0.414,Safety Critical Defect,USFD Defect Rail Replacement (IMR Flaw),Critical (Immediate),IMR,12.6,65.2,108.5,27,30,Traffic Block,180,120,PQRS_Crane / Rail Tensor,18,1,0,1,2026-09-22,2026-09-27,0.798,0.864,74.1,P2_HIGH,COMPAT_TRACK_HEAVY
DEM-2026-ENG-10201,TMS,Engineering (Civil / Track),NCR,PRYJ,NDLS-DDU Golden Diagonal HDN-1,FTP-PRYJ,Fatehpur (FTP) - Prayagraj Jn (PRYJ),DN_MAIN,555.852,556.352,0.5,Routine Maintenance,Points & Crossing Turnout Tamping (UNIMAT),High (Within 48h),None,16.2,87.8,108.5,138,50,Traffic Block,180,120,UNIMAT_08_4S,14,1,0,1,2026-09-25,2026-09-28,0.676,0.818,72.7,P2_HIGH,COMPAT_TURNOUT_SNT
DEM-2026-ENG-10202,TMS,Engineering (Civil / Track),NCR,DLI,NDLS-DDU Golden Diagonal HDN-1,TDL-ETW,Tundla (TDL) - Etawah (ETW),UP_MAIN,247.641,248.141,0.5,Asset Renewal,Ballast Cleaning & Deep Screening (BCM),High (Within 48h),None,4.5,20.8,96.4,167,45,Joint Traffic & Power Block,360,240,BCM_800 / DGS,28,1,1,1,2026-09-24,2026-09-27,0.657,0.758,74.4,P2_HIGH,COMPAT_DEEP_CLEANING
DEM-2026-TRD-10203,TDMS,Traction Distribution (TRD / OHE),NCR,PRYJ,NDLS-DDU Golden Diagonal HDN-1,CNB-FTP,Kanpur Central (CNB) - Fatehpur (FTP),UP_MAIN,479.239,480.439,1.2,Routine Maintenance,Section Insulator & Motorized Isolator Contact Overhaul,Medium (Within 7d),None,10.6,47.1,105.0,17,80,Joint Traffic & Power Block,120,90,OHE Tower Wagon,8,1,1,0,2026-09-25,2026-10-03,0.528,0.728,51.6,P3_MEDIUM,COMPAT_TURNOUT_SNT
DEM-2026-ENG-10204,TMS,Engineering (Civil / Track),NCR,PRYJ,NDLS-DDU Golden Diagonal HDN-1,FTP-PRYJ,Fatehpur (FTP) - Prayagraj Jn (PRYJ),DN_MAIN,604.001,609.001,5.0,Asset Renewal,Rail Grinding for Rolling Contact Fatigue (RGM),Medium (Within 7d),OBS,3.9,19.1,108.5,116,90,Traffic Block,300,210,RGM_72,16,1,0,0,2026-09-25,2026-10-02,0.415,0.725,53.0,P3_MEDIUM,COMPAT_SURFACE_PWAY
DEM-2026-TRD-10205,TDMS,Traction Distribution (TRD / OHE),NCR,PRYJ,NDLS-DDU Golden Diagonal HDN-1,FTP-PRYJ,Fatehpur (FTP) - Prayagraj Jn (PRYJ),DN_MAIN,567.256,572.256,5.0,Routine Maintenance,Traction Substation (TSS) 132/25kV Circuit Breaker Servicing,High (Within 48h),None,17.4,86.8,108.5,157,130,Power Block (OHE),240,180,Substation Testing Rig,9,0,1,0,2026-09-24,2026-09-28,0.73,0.633,74.2,P2_HIGH,COMPAT_SUBSTATION
DEM-2026-TRD-10206,TDMS,Traction Distribution (TRD / OHE),NCR,DLI,NDLS-DDU Golden Diagonal HDN-1,ALJN-TDL,Aligarh (ALJN) - Tundla (TDL),UP_MAIN,139.405,144.405,5.0,Pre-Monsoon Precaution,OHE 25kV Live Feeder Tree Trimming & Neutral Section Check,Low (Planned Monthly),None,1.6,19.8,92.0,121,110,Joint Traffic & Power Block,120,60,Insulated Bucket Truck / Tower Wagon,10,1,1,0,2026-09-22,2026-10-14,0.183,0.583,38.1,P4_LOW,COMPAT_SNT_OHE_GENERAL
DEM-2026-ENG-10207,TMS,Engineering (Civil / Track),NCR,PRYJ,NDLS-DDU Golden Diagonal HDN-1,PRYJ-MZP,Prayagraj Jn (PRYJ) - Mirzapur (MZP),DN_MAIN,647.693,648.893,1.2,Asset Renewal,Ballast Cleaning & Deep Screening (BCM),High (Within 48h),None,16.0,93.7,94.0,51,45,Joint Traffic & Power Block,360,240,BCM_800 / DGS,28,1,1,1,2026-09-25,2026-10-05,0.649,0.744,64.1,P3_MEDIUM,COMPAT_DEEP_CLEANING
DEM-2026-TRD-10208,TDMS,Traction Distribution (TRD / OHE),NCR,PRYJ,NDLS-DDU Golden Diagonal HDN-1,PRYJ-MZP,Prayagraj Jn (PRYJ) - Mirzapur (MZP),DN_MAIN,686.99,691.99,5.0,Asset Renewal,25 kV OHE Catenary & Contact Wire Stringing Renewal,High (Within 48h),None,13.5,84.9,94.0,69,45,Joint Traffic & Power Block,300,240,OHE Wiring Train & Tensioning Rig,22,0,1,1,2026-09-24,2026-09-29,0.719,0.744,70.3,P2_HIGH,COMPAT_DEEP_CLEANING
DEM-2026-TRD-10209,TDMS,Traction Distribution (TRD / OHE),NCR,DLI,NDLS-DDU Golden Diagonal HDN-1,TDL-ETW,Tundla (TDL) - Etawah (ETW),UP_MAIN,263.956,267.456,3.5,Routine Maintenance,Traction Substation (TSS) 132/25kV Circuit Breaker Servicing,High (Within 48h),None,21.3,106.4,96.4,234,130,Power Block (OHE),240,180,Substation Testing Rig,9,0,1,0,2026-09-24,2026-09-27,0.573,0.562,68.0,P2_HIGH,COMPAT_SUBSTATION
DEM-2026-ENG-10210,TMS,Engineering (Civil / Track),NCR,PRYJ,NDLS-DDU Golden Diagonal HDN-1,ETW-CNB,Etawah (ETW) - Kanpur Central (CNB),UP_MAIN,358.745,363.745,5.0,Routine Maintenance,Points & Crossing Turnout Tamping (UNIMAT),High (Within 48h),None,15.5,72.0,110.2,26,50,Traffic Block,180,120,UNIMAT_08_4S,14,1,0,1,2026-09-25,2026-10-03,0.656,0.827,62.6,P3_MEDIUM,COMPAT_TURNOUT_SNT
DEM-2026-SNT-10211,SMMS,Signalling & Telecom (S&T),NCR,DLI,NDLS-DDU Golden Diagonal HDN-1,ALJN-TDL,Aligarh (ALJN) - Tundla (TDL),UP_MAIN,136.555,138.555,2.0,Pre-Monsoon Precaution,Main Signalling Cable Insulation Meggering & Trenching Check,Medium (Within 7d),None,8.2,54.5,92.0,280,100,Shadow / Disconnection Block,180,120,Cable Fault Locator Unit,7,0,0,0,2026-09-22,2026-10-01,0.416,0.606,57.8,P3_MEDIUM,COMPAT_SNT_OHE_GENERAL
DEM-2026-TRD-10212,TDMS,Traction Distribution (TRD / OHE),NCR,PRYJ,NDLS-DDU Golden Diagonal HDN-1,MZP-DDU,Mirzapur (MZP) - Pt. DD Upadhyaya (DDU),3RD_LINE,720.064,720.564,0.5,Asset Renewal,25 kV OHE Catenary & Contact Wire Stringing Renewal,High (Within 48h),None,18.0,83.5,118.0,189,45,Joint Traffic & Power Block,300,240,OHE Wiring Train & Tensioning Rig,22,0,1,1,2026-09-23,2026-09-24,0.693,0.884,80.4,P1_CRITICAL,COMPAT_DEEP_CLEANING
DEM-2026-ENG-10213,TMS,Engineering (Civil / Track),NCR,DLI,NDLS-DDU Golden Diagonal HDN-1,TDL-ETW,Tundla (TDL) - Etawah (ETW),UP_MAIN,288.824,290.024,1.2,Routine Maintenance,Points & Crossing Turnout Tamping (UNIMAT),High (Within 48h),None,17.8,97.9,96.4,109,50,Traffic Block,180,120,UNIMAT_08_4S,14,1,0,1,2026-09-25,2026-09-29,0.691,0.747,69.9,P2_HIGH,COMPAT_TURNOUT_SNT
DEM-2026-ENG-10214,TMS,Engineering (Civil / Track),NCR,DLI,NDLS-DDU Golden Diagonal HDN-1,GZB-ALJN,Ghaziabad (GZB) - Aligarh (ALJN),UP_MAIN,59.856,61.056,1.2,Routine Maintenance,Points & Crossing Turnout Tamping (UNIMAT),High (Within 48h),None,5.3,39.1,85.5,46,50,Traffic Block,180,120,UNIMAT_08_4S,14,1,0,1,2026-09-23,2026-10-05,0.677,0.683,63.0,P3_MEDIUM,COMPAT_TURNOUT_SNT
DEM-2026-ENG-10215,TMS,Engineering (Civil / Track),NCR,PRYJ,NDLS-DDU Golden Diagonal HDN-1,FTP-PRYJ,Fatehpur (FTP) - Prayagraj Jn (PRYJ),DN_MAIN,541.99,542.694,0.704,Safety Critical Defect,USFD Defect Rail Replacement (IMR Flaw),Critical (Immediate),IMR,12.1,69.7,108.5,212,30,Traffic Block,180,120,PQRS_Crane / Rail Tensor,18,1,0,1,2026-09-24,2026-09-25,0.902,0.864,91.5,P1_CRITICAL,COMPAT_TRACK_HEAVY
DEM-2026-TRD-10216,TDMS,Traction Distribution (TRD / OHE),NCR,PRYJ,NDLS-DDU Golden Diagonal HDN-1,FTP-PRYJ,Fatehpur (FTP) - Prayagraj Jn (PRYJ),DN_MAIN,591.012,593.012,2.0,Routine Maintenance,Traction Substation (TSS) 132/25kV Circuit Breaker Servicing,High (Within 48h),None,20.3,109.2,108.5,82,130,Power Block (OHE),240,180,Substation Testing Rig,9,0,1,0,2026-09-24,2026-10-01,0.619,0.633,62.9,P3_MEDIUM,COMPAT_SUBSTATION
DEM-2026-ENG-10217,TMS,Engineering (Civil / Track),NCR,DLI,NDLS-DDU Golden Diagonal HDN-1,ALJN-TDL,Aligarh (ALJN) - Tundla (TDL),UP_MAIN,164.056,167.556,3.5,Routine Maintenance,Track Tamping and Alignment (CSM Machine),Medium (Within 7d),None,13.5,74.7,92.0,230,75,Traffic Block,240,180,CSM_09_32 / DTS_3D,12,1,0,0,2026-09-23,2026-10-04,0.345,0.664,55.0,P3_MEDIUM,COMPAT_SURFACE_PWAY
DEM-2026-ENG-10218,TMS,Engineering (Civil / Track),NCR,DLI,NDLS-DDU Golden Diagonal HDN-1,TDL-ETW,Tundla (TDL) - Etawah (ETW),DN_MAIN,231.84,235.34,3.5,Routine Maintenance,Track Tamping and Alignment (CSM Machine),Medium (Within 7d),None,14.0,86.0,96.4,18,75,Traffic Block,240,180,CSM_09_32 / DTS_3D,12,1,0,0,2026-09-25,2026-10-02,0.416,0.689,45.1,P3_MEDIUM,COMPAT_SURFACE_PWAY
DEM-2026-TRD-10219,TDMS,Traction Distribution (TRD / OHE),NCR,PRYJ,NDLS-DDU Golden Diagonal HDN-1,MZP-DDU,Mirzapur (MZP) - Pt. DD Upadhyaya (DDU),DN_MAIN,758.964,762.464,3.5,Routine Maintenance,Section Insulator & Motorized Isolator Contact Overhaul,Medium (Within 7d),None,11.3,49.0,118.0,29,80,Joint Traffic & Power Block,120,90,OHE Tower Wagon,8,1,1,0,2026-09-24,2026-10-01,0.491,0.804,52.1,P3_MEDIUM,COMPAT_TURNOUT_SNT
DEM-2026-ENG-10220,TMS,Engineering (Civil / Track),NCR,DLI,NDLS-DDU Golden Diagonal HDN-1,GZB-ALJN,Ghaziabad (GZB) - Aligarh (ALJN),DN_MAIN,37.241,40.741,3.5,Asset Renewal,Ballast Cleaning & Deep Screening (BCM),High (Within 48h),None,12.9,77.7,85.5,267,45,Joint Traffic & Power Block,360,240,BCM_800 / DGS,28,1,1,1,2026-09-22,2026-09-25,0.671,0.695,75.1,P2_HIGH,COMPAT_DEEP_CLEANING
DEM-2026-SNT-10221,SMMS,Signalling & Telecom (S&T),NCR,PRYJ,NDLS-DDU Golden Diagonal HDN-1,CNB-FTP,Kanpur Central (CNB) - Fatehpur (FTP),3RD_LINE,475.382,475.882,0.5,Routine Maintenance,Track Circuit Glued Joint Bonding & Meggering,Medium (Within 7d),None,17.0,88.2,105.0,125,80,Traffic Block,120,90,Insulation Megger Tester,6,0,0,0,2026-09-23,2026-09-29,0.538,0.728,58.5,P3_MEDIUM,COMPAT_SURFACE_PWAY
DEM-2026-ENG-10222,TMS,Engineering (Civil / Track),NCR,PRYJ,NDLS-DDU Golden Diagonal HDN-1,CNB-FTP,Kanpur Central (CNB) - Fatehpur (FTP),UP_MAIN,499.234,499.734,0.5,Asset Renewal,Ballast Cleaning & Deep Screening (BCM),High (Within 48h),None,10.2,70.8,105.0,135,45,Joint Traffic & Power Block,360,240,BCM_800 / DGS,28,1,1,1,2026-09-24,2026-09-29,0.596,0.809,69.7,P2_HIGH,COMPAT_DEEP_CLEANING
DEM-2026-TRD-10223,TDMS,Traction Distribution (TRD / OHE),NCR,PRYJ,NDLS-DDU Golden Diagonal HDN-1,PRYJ-MZP,Prayagraj Jn (PRYJ) - Mirzapur (MZP),UP_MAIN,696.557,697.221,0.664,Safety Critical Defect,Contact Wire Kink & Catenary Sag Emergency Splice,Critical (Immediate),None,13.0,71.0,94.0,100,20,Joint Traffic & Power Block,150,100,Emergency OHE Ladder Trolley,12,0,1,1,2026-09-24,2026-09-26,0.845,0.802,82.1,P1_CRITICAL,COMPAT_SNT_OHE_GENERAL
DEM-2026-SNT-10224,SMMS,Signalling & Telecom (S&T),NCR,PRYJ,NDLS-DDU Golden Diagonal HDN-1,CNB-FTP,Kanpur Central (CNB) - Fatehpur (FTP),3RD_LINE,495.731,496.931,1.2,Pre-Monsoon Precaution,Main Signalling Cable Insulation Meggering & Trenching Check,Medium (Within 7d),None,21.2,119.6,105.0,44,100,Shadow / Disconnection Block,180,120,Cable Fault Locator Unit,7,0,0,0,2026-09-23,2026-10-05,0.538,0.682,53.1,P3_MEDIUM,COMPAT_SNT_OHE_GENERAL
DEM-2026-ENG-10225,TMS,Engineering (Civil / Track),NCR,DLI,NDLS-DDU Golden Diagonal HDN-1,TDL-ETW,Tundla (TDL) - Etawah (ETW),UP_MAIN,277.321,280.821,3.5,Asset Renewal,Ballast Cleaning & Deep Screening (BCM),High (Within 48h),None,11.3,63.8,96.4,151,45,Joint Traffic & Power Block,360,240,BCM_800 / DGS,28,1,1,1,2026-09-25,2026-09-29,0.688,0.758,74.4,P2_HIGH,COMPAT_DEEP_CLEANING
DEM-2026-ENG-10226,TMS,Engineering (Civil / Track),NCR,DLI,NDLS-DDU Golden Diagonal HDN-1,ALJN-TDL,Aligarh (ALJN) - Tundla (TDL),UP_MAIN,146.728,147.483,0.755,Safety Critical Defect,Thermit Weld Collar Fracturing Repair,Critical (Immediate),REM,8.8,62.5,92.0,181,30,Traffic Block,120,90,Thermit Welding Kit / Gang,15,0,0,1,2026-09-25,2026-09-26,0.896,0.767,88.8,P1_CRITICAL,COMPAT_TRACK_HEAVY
DEM-2026-SNT-10227,SMMS,Signalling & Telecom (S&T),NCR,PRYJ,NDLS-DDU Golden Diagonal HDN-1,FTP-PRYJ,Fatehpur (FTP) - Prayagraj Jn (PRYJ),UP_MAIN,537.07,540.57,3.5,Asset Renewal,Electronic Interlocking (EI) Field Functional Testing,High (Within 48h),None,18.3,96.3,108.5,179,30,Traffic Block,240,180,EI Simulator & Logic Analyzer,8,0,0,1,2026-09-23,2026-09-25,0.732,0.864,81.3,P1_CRITICAL,COMPAT_INTERLOCKING
DEM-2026-SNT-10228,SMMS,Signalling & Telecom (S&T),NCR,PRYJ,NDLS-DDU Golden Diagonal HDN-1,MZP-DDU,Mirzapur (MZP) - Pt. DD Upadhyaya (DDU),DN_MAIN,718.78,722.28,3.5,Routine Maintenance,Point Machine Overhaul & Friction Clutch Testing,High (Within 48h),None,1.3,24.4,118.0,94,45,Traffic Block,120,90,S&T Tool Van / Multimeter Kit,6,0,0,0,2026-09-25,2026-09-28,0.647,0.884,69.2,P2_HIGH,COMPAT_TURNOUT_SNT
DEM-2026-SNT-10229,SMMS,Signalling & Telecom (S&T),NCR,PRYJ,NDLS-DDU Golden Diagonal HDN-1,ETW-CNB,Etawah (ETW) - Kanpur Central (CNB),UP_MAIN,317.541,319.541,2.0,Routine Maintenance,Track Circuit Glued Joint Bonding & Meggering,Medium (Within 7d),None,3.0,15.8,110.2,56,80,Traffic Block,120,90,Insulation Megger Tester,6,0,0,0,2026-09-23,2026-10-04,0.389,0.758,46.5,P3_MEDIUM,COMPAT_SURFACE_PWAY
DEM-2026-TRD-10230,TDMS,Traction Distribution (TRD / OHE),NCR,DLI,NDLS-DDU Golden Diagonal HDN-1,GZB-ALJN,Ghaziabad (GZB) - Aligarh (ALJN),DN_MAIN,91.693,92.893,1.2,Routine Maintenance,Traction Substation (TSS) 132/25kV Circuit Breaker Servicing,High (Within 48h),None,10.0,42.7,85.5,62,130,Power Block (OHE),240,180,Substation Testing Rig,9,0,1,0,2026-09-22,2026-10-01,0.55,0.499,56.2,P3_MEDIUM,COMPAT_SUBSTATION
DEM-2026-TRD-10231,TDMS,Traction Distribution (TRD / OHE),NCR,DLI,NDLS-DDU Golden Diagonal HDN-1,TDL-ETW,Tundla (TDL) - Etawah (ETW),UP_MAIN,204.822,206.822,2.0,Routine Maintenance,Section Insulator & Motorized Isolator Contact Overhaul,Medium (Within 7d),None,18.2,110.6,96.4,230,80,Joint Traffic & Power Block,120,90,OHE Tower Wagon,8,1,1,0,2026-09-22,2026-10-01,0.467,0.678,61.7,P3_MEDIUM,COMPAT_TURNOUT_SNT
DEM-2026-ENG-10232,TMS,Engineering (Civil / Track),NCR,PRYJ,NDLS-DDU Golden Diagonal HDN-1,ETW-CNB,Etawah (ETW) - Kanpur Central (CNB),DN_MAIN,309.879,311.879,2.0,Asset Renewal,Rail Grinding for Rolling Contact Fatigue (RGM),Medium (Within 7d),OBS,8.7,42.5,110.2,209,90,Traffic Block,300,210,RGM_72,16,1,0,0,2026-09-23,2026-10-05,0.486,0.735,61.6,P3_MEDIUM,COMPAT_SURFACE_PWAY
DEM-2026-TRD-10233,TDMS,Traction Distribution (TRD / OHE),NCR,DLI,NDLS-DDU Golden Diagonal HDN-1,TDL-ETW,Tundla (TDL) - Etawah (ETW),UP_MAIN,258.013,259.213,1.2,Routine Maintenance,OHE Periodic Annual Overhaul (AOH) & Dropper Regulation,Medium (Within 7d),None,10.2,62.7,96.4,91,90,Joint Traffic & Power Block,180,120,8-Wheeler OHE Tower Wagon,14,1,1,0,2026-09-25,2026-10-05,0.521,0.655,57.1,P3_MEDIUM,COMPAT_SNT_OHE_GENERAL
DEM-2026-SNT-10234,SMMS,Signalling & Telecom (S&T),NCR,PRYJ,NDLS-DDU Golden Diagonal HDN-1,ETW-CNB,Etawah (ETW) - Kanpur Central (CNB),UP_MAIN,397.956,398.469,0.513,Safety Critical Defect,Digital Axle Counter (DAC) Head Sensor Replacement,Critical (Immediate),None,9.1,64.4,110.2,175,50,Traffic Block,90,60,DAC Calibration Rig,5,0,0,0,2026-09-24,2026-09-25,0.938,0.827,91.7,P1_CRITICAL,COMPAT_SNT_OHE_GENERAL
DEM-2026-TRD-10235,TDMS,Traction Distribution (TRD / OHE),NCR,DLI,NDLS-DDU Golden Diagonal HDN-1,ALJN-TDL,Aligarh (ALJN) - Tundla (TDL),UP_MAIN,179.728,181.728,2.0,Pre-Monsoon Precaution,OHE 25kV Live Feeder Tree Trimming & Neutral Section Check,Low (Planned Monthly),None,17.4,97.7,92.0,168,110,Joint Traffic & Power Block,120,60,Insulated Bucket Truck / Tower Wagon,10,1,1,0,2026-09-23,2026-10-22,0.139,0.583,40.0,P4_LOW,COMPAT_SNT_OHE_GENERAL
DEM-2026-TRD-10236,TDMS,Traction Distribution (TRD / OHE),NCR,PRYJ,NDLS-DDU Golden Diagonal HDN-1,PRYJ-MZP,Prayagraj Jn (PRYJ) - Mirzapur (MZP),DN_MAIN,669.313,669.492,0.179,Safety Critical Defect,Contact Wire Kink & Catenary Sag Emergency Splice,Critical (Immediate),None,11.5,65.3,94.0,20,20,Joint Traffic & Power Block,150,100,Emergency OHE Ladder Trolley,12,0,1,1,2026-09-23,2026-09-25,0.977,0.802,81.4,P1_CRITICAL,COMPAT_SNT_OHE_GENERAL
DEM-2026-ENG-10237,TMS,Engineering (Civil / Track),NCR,PRYJ,NDLS-DDU Golden Diagonal HDN-1,PRYJ-MZP,Prayagraj Jn (PRYJ) - Mirzapur (MZP),DN_MAIN,641.772,642.202,0.43,Safety Critical Defect,Thermit Weld Collar Fracturing Repair,Critical (Immediate),REM,21.7,100.7,94.0,48,30,Traffic Block,120,90,Thermit Welding Kit / Gang,15,0,0,1,2026-09-22,2026-09-25,0.783,0.779,72.9,P2_HIGH,COMPAT_TRACK_HEAVY
DEM-2026-TRD-10238,TDMS,Traction Distribution (TRD / OHE),NCR,DLI,NDLS-DDU Golden Diagonal HDN-1,GZB-ALJN,Ghaziabad (GZB) - Aligarh (ALJN),DN_MAIN,93.044,96.544,3.5,Routine Maintenance,Traction Substation (TSS) 132/25kV Circuit Breaker Servicing,High (Within 48h),None,9.9,51.6,85.5,92,130,Power Block (OHE),240,180,Substation Testing Rig,9,0,1,0,2026-09-22,2026-09-30,0.611,0.499,61.4,P3_MEDIUM,COMPAT_SUBSTATION
DEM-2026-TRD-10239,TDMS,Traction Distribution (TRD / OHE),NCR,PRYJ,NDLS-DDU Golden Diagonal HDN-1,ETW-CNB,Etawah (ETW) - Kanpur Central (CNB),UP_MAIN,375.462,375.962,0.5,Routine Maintenance,Section Insulator & Motorized Isolator Contact Overhaul,Medium (Within 7d),None,7.5,40.6,110.2,136,80,Joint Traffic & Power Block,120,90,OHE Tower Wagon,8,1,1,0,2026-09-25,2026-10-01,0.314,0.758,52.3,P3_MEDIUM,COMPAT_TURNOUT_SNT
DEM-2026-TRD-10240,TDMS,Traction Distribution (TRD / OHE),NCR,DLI,NDLS-DDU Golden Diagonal HDN-1,ALJN-TDL,Aligarh (ALJN) - Tundla (TDL),DN_MAIN,149.042,150.242,1.2,Routine Maintenance,OHE Periodic Annual Overhaul (AOH) & Dropper Regulation,Medium (Within 7d),None,3.5,28.7,92.0,19,90,Joint Traffic & Power Block,180,120,8-Wheeler OHE Tower Wagon,14,1,1,0,2026-09-24,2026-10-18,0.339,0.629,42.5,P4_LOW,COMPAT_SNT_OHE_GENERAL
DEM-2026-ENG-10241,TMS,Engineering (Civil / Track),NCR,DLI,NDLS-DDU Golden Diagonal HDN-1,TDL-ETW,Tundla (TDL) - Etawah (ETW),DN_MAIN,281.301,281.801,0.5,Asset Renewal,Rail Grinding for Rolling Contact Fatigue (RGM),Medium (Within 7d),OBS,17.2,76.9,96.4,233,90,Traffic Block,300,210,RGM_72,16,1,0,0,2026-09-24,2026-09-30,0.365,0.655,55.0,P3_MEDIUM,COMPAT_SURFACE_PWAY
DEM-2026-TRD-10242,TDMS,Traction Distribution (TRD / OHE),NCR,DLI,NDLS-DDU Golden Diagonal HDN-1,ALJN-TDL,Aligarh (ALJN) - Tundla (TDL),DN_MAIN,130.13,135.13,5.0,Asset Renewal,25 kV OHE Catenary & Contact Wire Stringing Renewal,High (Within 48h),None,4.5,17.2,92.0,66,45,Joint Traffic & Power Block,300,240,OHE Wiring Train & Tensioning Rig,22,0,1,1,2026-09-22,2026-09-27,0.747,0.733,71.1,P2_HIGH,COMPAT_DEEP_CLEANING
DEM-2026-ENG-10243,TMS,Engineering (Civil / Track),NCR,PRYJ,NDLS-DDU Golden Diagonal HDN-1,ETW-CNB,Etawah (ETW) - Kanpur Central (CNB),UP_MAIN,297.665,298.165,0.5,Asset Renewal,Rail Grinding for Rolling Contact Fatigue (RGM),Medium (Within 7d),OBS,10.9,56.0,110.2,90,90,Traffic Block,300,210,RGM_72,16,1,0,0,2026-09-22,2026-10-04,0.343,0.735,47.7,P3_MEDIUM,COMPAT_SURFACE_PWAY
DEM-2026-ENG-10244,TMS,Engineering (Civil / Track),NCR,PRYJ,NDLS-DDU Golden Diagonal HDN-1,PRYJ-MZP,Prayagraj Jn (PRYJ) - Mirzapur (MZP),UP_MAIN,705.306,707.306,2.0,Routine Maintenance,Points & Crossing Turnout Tamping (UNIMAT),High (Within 48h),None,6.7,25.8,94.0,204,50,Traffic Block,180,120,UNIMAT_08_4S,14,1,0,1,2026-09-22,2026-09-27,0.576,0.733,70.4,P2_HIGH,COMPAT_TURNOUT_SNT
DEM-2026-SNT-10245,SMMS,Signalling & Telecom (S&T),NCR,DLI,NDLS-DDU Golden Diagonal HDN-1,TDL-ETW,Tundla (TDL) - Etawah (ETW),UP_MAIN,288.436,288.936,0.5,Routine Maintenance,Point Machine Overhaul & Friction Clutch Testing,High (Within 48h),None,19.4,113.0,96.4,173,45,Traffic Block,120,90,S&T Tool Van / Multimeter Kit,6,0,0,0,2026-09-25,2026-09-30,0.622,0.758,72.8,P2_HIGH,COMPAT_TURNOUT_SNT
DEM-2026-ENG-10246,TMS,Engineering (Civil / Track),NCR,DLI,NDLS-DDU Golden Diagonal HDN-1,GZB-ALJN,Ghaziabad (GZB) - Aligarh (ALJN),DN_MAIN,100.412,105.412,5.0,Pre-Monsoon Precaution,Bridge Bearings Inspection & Girder Greasing,Medium (Within 7d),None,6.1,31.5,85.5,266,60,Traffic Block,150,90,Bridge Inspection Unit,10,0,0,0,2026-09-23,2026-10-05,0.539,0.66,64.7,P3_MEDIUM,COMPAT_BRIDGE_STRUCT
DEM-2026-ENG-10247,TMS,Engineering (Civil / Track),NCR,PRYJ,NDLS-DDU Golden Diagonal HDN-1,ETW-CNB,Etawah (ETW) - Kanpur Central (CNB),UP_MAIN,299.24,304.24,5.0,Routine Maintenance,Points & Crossing Turnout Tamping (UNIMAT),High (Within 48h),None,8.3,56.7,110.2,18,50,Traffic Block,180,120,UNIMAT_08_4S,14,1,0,1,2026-09-25,2026-09-28,0.759,0.827,66.6,P2_HIGH,COMPAT_TURNOUT_SNT
DEM-2026-ENG-10248,TMS,Engineering (Civil / Track),NCR,PRYJ,NDLS-DDU Golden Diagonal HDN-1,CNB-FTP,Kanpur Central (CNB) - Fatehpur (FTP),UP_MAIN,466.276,466.776,0.5,Routine Maintenance,Track Tamping and Alignment (CSM Machine),Medium (Within 7d),None,21.4,101.3,105.0,157,75,Traffic Block,240,180,CSM_09_32 / DTS_3D,12,1,0,0,2026-09-25,2026-10-02,0.322,0.739,53.2,P3_MEDIUM,COMPAT_SURFACE_PWAY
DEM-2026-SNT-10249,SMMS,Signalling & Telecom (S&T),NCR,PRYJ,NDLS-DDU Golden Diagonal HDN-1,FTP-PRYJ,Fatehpur (FTP) - Prayagraj Jn (PRYJ),DN_MAIN,577.175,582.175,5.0,Routine Maintenance,Point Machine Overhaul & Friction Clutch Testing,High (Within 48h),None,3.8,33.6,108.5,52,45,Traffic Block,120,90,S&T Tool Van / Multimeter Kit,6,0,0,0,2026-09-25,2026-09-28,0.68,0.829,66.4,P2_HIGH,COMPAT_TURNOUT_SNT
DEM-2026-ENG-10250,TMS,Engineering (Civil / Track),NCR,DLI,NDLS-DDU Golden Diagonal HDN-1,TDL-ETW,Tundla (TDL) - Etawah (ETW),UP_MAIN,231.878,235.378,3.5,Asset Renewal,Rail Grinding for Rolling Contact Fatigue (RGM),Medium (Within 7d),OBS,15.7,90.6,96.4,176,90,Traffic Block,300,210,RGM_72,16,1,0,0,2026-09-22,2026-09-29,0.409,0.655,56.6,P3_MEDIUM,COMPAT_SURFACE_PWAY
DEM-2026-SNT-10251,SMMS,Signalling & Telecom (S&T),NCR,PRYJ,NDLS-DDU Golden Diagonal HDN-1,ETW-CNB,Etawah (ETW) - Kanpur Central (CNB),UP_MAIN,310.766,311.266,0.5,Routine Maintenance,Integrated LED Signal Aspect Overhaul & Alignment,Low (Planned Monthly),None,4.5,26.5,110.2,222,110,Shadow / Disconnection Block,90,60,Signal Alignment Telescope,4,0,0,0,2026-09-23,2026-10-17,0.123,0.689,40.9,P4_LOW,COMPAT_SNT_OHE_GENERAL
DEM-2026-TRD-10252,TDMS,Traction Distribution (TRD / OHE),NCR,PRYJ,NDLS-DDU Golden Diagonal HDN-1,MZP-DDU,Mirzapur (MZP) - Pt. DD Upadhyaya (DDU),DN_MAIN,721.47,723.47,2.0,Routine Maintenance,OHE Periodic Annual Overhaul (AOH) & Dropper Regulation,Medium (Within 7d),None,18.4,102.9,118.0,34,90,Joint Traffic & Power Block,180,120,8-Wheeler OHE Tower Wagon,14,1,1,0,2026-09-24,2026-10-06,0.352,0.781,46.6,P3_MEDIUM,COMPAT_SNT_OHE_GENERAL
DEM-2026-TRD-10253,TDMS,Traction Distribution (TRD / OHE),NCR,DLI,NDLS-DDU Golden Diagonal HDN-1,TDL-ETW,Tundla (TDL) - Etawah (ETW),UP_MAIN,239.068,239.568,0.5,Asset Renewal,25 kV OHE Catenary & Contact Wire Stringing Renewal,High (Within 48h),None,15.2,73.8,96.4,103,45,Joint Traffic & Power Block,300,240,OHE Wiring Train & Tensioning Rig,22,0,1,1,2026-09-25,2026-09-29,0.557,0.758,66.0,P2_HIGH,COMPAT_DEEP_CLEANING
DEM-2026-TRD-10254,TDMS,Traction Distribution (TRD / OHE),NCR,PRYJ,NDLS-DDU Golden Diagonal HDN-1,ETW-CNB,Etawah (ETW) - Kanpur Central (CNB),UP_MAIN,312.457,312.6,0.143,Safety Critical Defect,Contact Wire Kink & Catenary Sag Emergency Splice,Critical (Immediate),None,17.4,83.7,110.2,115,20,Joint Traffic & Power Block,150,100,Emergency OHE Ladder Trolley,12,0,1,1,2026-09-22,2026-09-24,0.945,0.897,89.3,P1_CRITICAL,COMPAT_SNT_OHE_GENERAL
DEM-2026-ENG-10255,TMS,Engineering (Civil / Track),NCR,PRYJ,NDLS-DDU Golden Diagonal HDN-1,CNB-FTP,Kanpur Central (CNB) - Fatehpur (FTP),UP_MAIN,449.732,450.284,0.552,Safety Critical Defect,USFD Defect Rail Replacement (IMR Flaw),Critical (Immediate),IMR,18.0,82.8,105.0,183,30,Traffic Block,180,120,PQRS_Crane / Rail Tensor,18,1,0,1,2026-09-22,2026-09-24,0.805,0.843,86.9,P1_CRITICAL,COMPAT_TRACK_HEAVY
DEM-2026-SNT-10256,SMMS,Signalling & Telecom (S&T),NCR,DLI,NDLS-DDU Golden Diagonal HDN-1,TDL-ETW,Tundla (TDL) - Etawah (ETW),DN_MAIN,247.907,251.407,3.5,Asset Renewal,Electronic Interlocking (EI) Field Functional Testing,High (Within 48h),None,15.3,71.7,96.4,123,30,Traffic Block,240,180,EI Simulator & Logic Analyzer,8,0,0,1,2026-09-24,2026-09-28,0.75,0.793,76.4,P2_HIGH,COMPAT_INTERLOCKING
DEM-2026-ENG-10257,TMS,Engineering (Civil / Track),NCR,PRYJ,NDLS-DDU Golden Diagonal HDN-1,MZP-DDU,Mirzapur (MZP) - Pt. DD Upadhyaya (DDU),UP_MAIN,753.327,755.327,2.0,Pre-Monsoon Precaution,Bridge Bearings Inspection & Girder Greasing,Medium (Within 7d),None,11.5,74.0,118.0,259,60,Traffic Block,150,90,Bridge Inspection Unit,10,0,0,0,2026-09-25,2026-10-03,0.315,0.85,57.4,P3_MEDIUM,COMPAT_BRIDGE_STRUCT
DEM-2026-ENG-10258,TMS,Engineering (Civil / Track),NCR,DLI,NDLS-DDU Golden Diagonal HDN-1,TDL-ETW,Tundla (TDL) - Etawah (ETW),DN_MAIN,250.535,255.535,5.0,Asset Renewal,Rail Grinding for Rolling Contact Fatigue (RGM),Medium (Within 7d),OBS,17.7,108.2,96.4,197,90,Traffic Block,300,210,RGM_72,16,1,0,0,2026-09-25,2026-10-07,0.415,0.655,57.2,P3_MEDIUM,COMPAT_SURFACE_PWAY
DEM-2026-TRD-10259,TDMS,Traction Distribution (TRD / OHE),NCR,PRYJ,NDLS-DDU Golden Diagonal HDN-1,FTP-PRYJ,Fatehpur (FTP) - Prayagraj Jn (PRYJ),3RD_LINE,542.883,543.383,0.5,Routine Maintenance,Section Insulator & Motorized Isolator Contact Overhaul,Medium (Within 7d),None,7.7,35.1,108.5,157,80,Joint Traffic & Power Block,120,90,OHE Tower Wagon,8,1,1,0,2026-09-24,2026-10-03,0.314,0.748,53.9,P3_MEDIUM,COMPAT_TURNOUT_SNT
DEM-2026-ENG-10260,TMS,Engineering (Civil / Track),NCR,PRYJ,NDLS-DDU Golden Diagonal HDN-1,ETW-CNB,Etawah (ETW) - Kanpur Central (CNB),UP_MAIN,328.676,329.15,0.474,Safety Critical Defect,Thermit Weld Collar Fracturing Repair,Critical (Immediate),REM,17.6,100.1,110.2,126,30,Traffic Block,120,90,Thermit Welding Kit / Gang,15,0,0,1,2026-09-24,2026-09-26,0.895,0.874,85.9,P1_CRITICAL,COMPAT_TRACK_HEAVY
DEM-2026-ENG-10261,TMS,Engineering (Civil / Track),NCR,DLI,NDLS-DDU Golden Diagonal HDN-1,TDL-ETW,Tundla (TDL) - Etawah (ETW),UP_MAIN,275.35,277.35,2.0,Asset Renewal,Ballast Cleaning & Deep Screening (BCM),High (Within 48h),None,20.2,91.8,96.4,194,45,Joint Traffic & Power Block,360,240,BCM_800 / DGS,28,1,1,1,2026-09-23,2026-09-24,0.758,0.758,80.0,P1_CRITICAL,COMPAT_DEEP_CLEANING
DEM-2026-ENG-10262,TMS,Engineering (Civil / Track),NCR,PRYJ,NDLS-DDU Golden Diagonal HDN-1,MZP-DDU,Mirzapur (MZP) - Pt. DD Upadhyaya (DDU),3RD_LINE,718.297,718.797,0.5,Routine Maintenance,Points & Crossing Turnout Tamping (UNIMAT),High (Within 48h),None,5.9,26.1,118.0,258,50,Traffic Block,180,120,UNIMAT_08_4S,14,1,0,1,2026-09-23,2026-09-28,0.55,0.873,71.3,P2_HIGH,COMPAT_TURNOUT_SNT
DEM-2026-TRD-10263,TDMS,Traction Distribution (TRD / OHE),NCR,DLI,NDLS-DDU Golden Diagonal HDN-1,TDL-ETW,Tundla (TDL) - Etawah (ETW),DN_MAIN,209.271,210.471,1.2,Asset Renewal,25 kV OHE Catenary & Contact Wire Stringing Renewal,High (Within 48h),None,13.3,84.0,96.4,70,45,Joint Traffic & Power Block,300,240,OHE Wiring Train & Tensioning Rig,22,0,1,1,2026-09-22,2026-09-26,0.736,0.758,71.3,P2_HIGH,COMPAT_DEEP_CLEANING
DEM-2026-SNT-10264,SMMS,Signalling & Telecom (S&T),NCR,PRYJ,NDLS-DDU Golden Diagonal HDN-1,FTP-PRYJ,Fatehpur (FTP) - Prayagraj Jn (PRYJ),3RD_LINE,577.755,579.755,2.0,Asset Renewal,Electronic Interlocking (EI) Field Functional Testing,High (Within 48h),None,7.3,30.6,108.5,94,30,Traffic Block,240,180,EI Simulator & Logic Analyzer,8,0,0,1,2026-09-25,2026-09-29,0.711,0.864,73.3,P2_HIGH,COMPAT_INTERLOCKING
DEM-2026-TRD-10265,TDMS,Traction Distribution (TRD / OHE),NCR,PRYJ,NDLS-DDU Golden Diagonal HDN-1,FTP-PRYJ,Fatehpur (FTP) - Prayagraj Jn (PRYJ),UP_MAIN,589.638,594.638,5.0,Pre-Monsoon Precaution,OHE 25kV Live Feeder Tree Trimming & Neutral Section Check,Low (Planned Monthly),None,17.5,84.2,108.5,103,110,Joint Traffic & Power Block,120,60,Insulated Bucket Truck / Tower Wagon,10,1,1,0,2026-09-23,2026-10-15,0.172,0.679,37.5,P4_LOW,COMPAT_SNT_OHE_GENERAL
DEM-2026-SNT-10266,SMMS,Signalling & Telecom (S&T),NCR,DLI,NDLS-DDU Golden Diagonal HDN-1,TDL-ETW,Tundla (TDL) - Etawah (ETW),UP_MAIN,238.657,243.657,5.0,Routine Maintenance,Integrated LED Signal Aspect Overhaul & Alignment,Low (Planned Monthly),None,1.7,16.6,96.4,127,110,Shadow / Disconnection Block,90,60,Signal Alignment Telescope,4,0,0,0,2026-09-25,2026-10-11,0.222,0.608,39.7,P4_LOW,COMPAT_SNT_OHE_GENERAL
DEM-2026-TRD-10267,TDMS,Traction Distribution (TRD / OHE),NCR,DLI,NDLS-DDU Golden Diagonal HDN-1,TDL-ETW,Tundla (TDL) - Etawah (ETW),DN_MAIN,234.693,235.017,0.324,Safety Critical Defect,Contact Wire Kink & Catenary Sag Emergency Splice,Critical (Immediate),None,14.4,90.9,96.4,185,20,Joint Traffic & Power Block,150,100,Emergency OHE Ladder Trolley,12,0,1,1,2026-09-23,2026-09-25,0.869,0.816,90.1,P1_CRITICAL,COMPAT_SNT_OHE_GENERAL
DEM-2026-ENG-10268,TMS,Engineering (Civil / Track),NCR,PRYJ,NDLS-DDU Golden Diagonal HDN-1,ETW-CNB,Etawah (ETW) - Kanpur Central (CNB),UP_MAIN,310.639,311.139,0.5,Asset Renewal,Rail Grinding for Rolling Contact Fatigue (RGM),Medium (Within 7d),OBS,2.0,13.1,110.2,228,90,Traffic Block,300,210,RGM_72,16,1,0,0,2026-09-25,2026-10-04,0.533,0.735,63.8,P3_MEDIUM,COMPAT_SURFACE_PWAY
DEM-2026-TRD-10269,TDMS,Traction Distribution (TRD / OHE),NCR,PRYJ,NDLS-DDU Golden Diagonal HDN-1,PRYJ-MZP,Prayagraj Jn (PRYJ) - Mirzapur (MZP),DN_MAIN,697.863,702.863,5.0,Routine Maintenance,OHE Periodic Annual Overhaul (AOH) & Dropper Regulation,Medium (Within 7d),None,14.7,84.1,94.0,97,90,Joint Traffic & Power Block,180,120,8-Wheeler OHE Tower Wagon,14,1,1,0,2026-09-22,2026-10-04,0.408,0.641,52.3,P3_MEDIUM,COMPAT_SNT_OHE_GENERAL
DEM-2026-ENG-10270,TMS,Engineering (Civil / Track),NCR,PRYJ,NDLS-DDU Golden Diagonal HDN-1,CNB-FTP,Kanpur Central (CNB) - Fatehpur (FTP),UP_MAIN,440.528,440.747,0.219,Safety Critical Defect,USFD Defect Rail Replacement (IMR Flaw),Critical (Immediate),IMR,8.9,56.5,105.0,61,30,Traffic Block,180,120,PQRS_Crane / Rail Tensor,18,1,0,1,2026-09-25,2026-09-30,0.848,0.843,78.9,P2_HIGH,COMPAT_TRACK_HEAVY
DEM-2026-SNT-10271,SMMS,Signalling & Telecom (S&T),NCR,DLI,NDLS-DDU Golden Diagonal HDN-1,GZB-ALJN,Ghaziabad (GZB) - Aligarh (ALJN),DN_MAIN,82.25,82.654,0.404,Safety Critical Defect,Digital Axle Counter (DAC) Head Sensor Replacement,Critical (Immediate),None,2.1,10.4,85.5,111,50,Traffic Block,90,60,DAC Calibration Rig,5,0,0,0,2026-09-24,2026-09-26,0.862,0.683,80.8,P1_CRITICAL,COMPAT_SNT_OHE_GENERAL
DEM-2026-ENG-10272,TMS,Engineering (Civil / Track),NCR,PRYJ,NDLS-DDU Golden Diagonal HDN-1,CNB-FTP,Kanpur Central (CNB) - Fatehpur (FTP),UP_MAIN,477.597,481.097,3.5,Routine Maintenance,Points & Crossing Turnout Tamping (UNIMAT),High (Within 48h),None,4.2,21.8,105.0,232,50,Traffic Block,180,120,UNIMAT_08_4S,14,1,0,1,2026-09-25,2026-09-30,0.569,0.797,71.1,P2_HIGH,COMPAT_TURNOUT_SNT
DEM-2026-ENG-10273,TMS,Engineering (Civil / Track),NCR,PRYJ,NDLS-DDU Golden Diagonal HDN-1,ETW-CNB,Etawah (ETW) - Kanpur Central (CNB),UP_MAIN,382.475,382.975,0.5,Routine Maintenance,Track Tamping and Alignment (CSM Machine),Medium (Within 7d),None,10.9,48.0,110.2,217,75,Traffic Block,240,180,CSM_09_32 / DTS_3D,12,1,0,0,2026-09-24,2026-10-05,0.413,0.77,59.6,P3_MEDIUM,COMPAT_SURFACE_PWAY
DEM-2026-ENG-10274,TMS,Engineering (Civil / Track),NCR,DLI,NDLS-DDU Golden Diagonal HDN-1,ALJN-TDL,Aligarh (ALJN) - Tundla (TDL),DN_MAIN,153.52,157.02,3.5,Routine Maintenance,Points & Crossing Turnout Tamping (UNIMAT),High (Within 48h),None,1.9,12.7,92.0,148,50,Traffic Block,180,120,UNIMAT_08_4S,14,1,0,1,2026-09-22,2026-09-26,0.6,0.721,68.6,P2_HIGH,COMPAT_TURNOUT_SNT
DEM-2026-ENG-10275,TMS,Engineering (Civil / Track),NCR,DLI,NDLS-DDU Golden Diagonal HDN-1,TDL-ETW,Tundla (TDL) - Etawah (ETW),UP_MAIN,275.524,279.024,3.5,Asset Renewal,Ballast Cleaning & Deep Screening (BCM),High (Within 48h),None,21.4,114.7,96.4,45,45,Joint Traffic & Power Block,360,240,BCM_800 / DGS,28,1,1,1,2026-09-25,2026-09-30,0.735,0.758,67.7,P2_HIGH,COMPAT_DEEP_CLEANING
DEM-2026-SNT-10276,SMMS,Signalling & Telecom (S&T),NCR,PRYJ,NDLS-DDU Golden Diagonal HDN-1,MZP-DDU,Mirzapur (MZP) - Pt. DD Upadhyaya (DDU),3RD_LINE,734.081,737.581,3.5,Asset Renewal,Electronic Interlocking (EI) Field Functional Testing,High (Within 48h),None,20.0,111.4,118.0,271,30,Traffic Block,240,180,EI Simulator & Logic Analyzer,8,0,0,1,2026-09-23,2026-09-28,0.676,0.919,79.7,P2_HIGH,COMPAT_INTERLOCKING
DEM-2026-ENG-10277,TMS,Engineering (Civil / Track),NCR,DLI,NDLS-DDU Golden Diagonal HDN-1,ALJN-TDL,Aligarh (ALJN) - Tundla (TDL),DN_MAIN,198.426,199.626,1.2,Routine Maintenance,Track Tamping and Alignment (CSM Machine),Medium (Within 7d),None,3.6,20.7,92.0,236,75,Traffic Block,240,180,CSM_09_32 / DTS_3D,12,1,0,0,2026-09-23,2026-10-05,0.348,0.664,55.1,P3_MEDIUM,COMPAT_SURFACE_PWAY
DEM-2026-SNT-10278,SMMS,Signalling & Telecom (S&T),NCR,PRYJ,NDLS-DDU Golden Diagonal HDN-1,CNB-FTP,Kanpur Central (CNB) - Fatehpur (FTP),DN_MAIN,441.484,446.484,5.0,Routine Maintenance,Point Machine Overhaul & Friction Clutch Testing,High (Within 48h),None,9.3,46.3,105.0,155,45,Traffic Block,120,90,S&T Tool Van / Multimeter Kit,6,0,0,0,2026-09-25,2026-09-28,0.664,0.809,73.9,P2_HIGH,COMPAT_TURNOUT_SNT
DEM-2026-ENG-10279,TMS,Engineering (Civil / Track),NCR,DLI,NDLS-DDU Golden Diagonal HDN-1,ALJN-TDL,Aligarh (ALJN) - Tundla (TDL),DN_MAIN,169.801,170.301,0.5,Pre-Monsoon Precaution,Bridge Bearings Inspection & Girder Greasing,Medium (Within 7d),None,20.4,108.9,92.0,65,60,Traffic Block,150,90,Bridge Inspection Unit,10,0,0,0,2026-09-24,2026-10-06,0.489,0.698,53.4,P3_MEDIUM,COMPAT_BRIDGE_STRUCT
DEM-2026-ENG-10280,TMS,Engineering (Civil / Track),NCR,PRYJ,NDLS-DDU Golden Diagonal HDN-1,PRYJ-MZP,Prayagraj Jn (PRYJ) - Mirzapur (MZP),DN_MAIN,675.908,679.408,3.5,Routine Maintenance,Points & Crossing Turnout Tamping (UNIMAT),High (Within 48h),None,1.8,7.3,94.0,87,50,Traffic Block,180,120,UNIMAT_08_4S,14,1,0,1,2026-09-25,2026-09-30,0.686,0.733,67.6,P2_HIGH,COMPAT_TURNOUT_SNT
DEM-2026-SNT-10281,SMMS,Signalling & Telecom (S&T),NCR,DLI,NDLS-DDU Golden Diagonal HDN-1,GZB-ALJN,Ghaziabad (GZB) - Aligarh (ALJN),DN_MAIN,90.778,91.278,0.5,Routine Maintenance,Track Circuit Glued Joint Bonding & Meggering,Medium (Within 7d),None,16.7,101.1,85.5,204,80,Traffic Block,120,90,Insulation Megger Tester,6,0,0,0,2026-09-24,2026-10-06,0.305,0.614,50.9,P3_MEDIUM,COMPAT_SURFACE_PWAY
DEM-2026-SNT-10282,SMMS,Signalling & Telecom (S&T),NCR,PRYJ,NDLS-DDU Golden Diagonal HDN-1,CNB-FTP,Kanpur Central (CNB) - Fatehpur (FTP),DN_MAIN,486.021,487.221,1.2,Pre-Monsoon Precaution,Main Signalling Cable Insulation Meggering & Trenching Check,Medium (Within 7d),None,3.8,38.2,105.0,240,100,Shadow / Disconnection Block,180,120,Cable Fault Locator Unit,7,0,0,0,2026-09-24,2026-10-02,0.486,0.682,62.1,P3_MEDIUM,COMPAT_SNT_OHE_GENERAL
DEM-2026-ENG-10283,TMS,Engineering (Civil / Track),NCR,PRYJ,NDLS-DDU Golden Diagonal HDN-1,PRYJ-MZP,Prayagraj Jn (PRYJ) - Mirzapur (MZP),UP_MAIN,705.099,708.599,3.5,Routine Maintenance,Track Tamping and Alignment (CSM Machine),Medium (Within 7d),None,16.6,95.8,94.0,205,75,Traffic Block,240,180,CSM_09_32 / DTS_3D,12,1,0,0,2026-09-23,2026-10-03,0.497,0.675,62.0,P3_MEDIUM,COMPAT_SURFACE_PWAY
DEM-2026-TRD-10284,TDMS,Traction Distribution (TRD / OHE),NCR,DLI,NDLS-DDU Golden Diagonal HDN-1,ALJN-TDL,Aligarh (ALJN) - Tundla (TDL),DN_MAIN,136.106,141.106,5.0,Routine Maintenance,Section Insulator & Motorized Isolator Contact Overhaul,Medium (Within 7d),None,19.5,88.4,92.0,112,80,Joint Traffic & Power Block,120,90,OHE Tower Wagon,8,1,1,0,2026-09-22,2026-09-29,0.51,0.652,57.6,P3_MEDIUM,COMPAT_TURNOUT_SNT
DEM-2026-TRD-10285,TDMS,Traction Distribution (TRD / OHE),NCR,PRYJ,NDLS-DDU Golden Diagonal HDN-1,ETW-CNB,Etawah (ETW) - Kanpur Central (CNB),UP_MAIN,391.478,393.478,2.0,Asset Renewal,25 kV OHE Catenary & Contact Wire Stringing Renewal,High (Within 48h),None,8.7,47.4,110.2,217,45,Joint Traffic & Power Block,300,240,OHE Wiring Train & Tensioning Rig,22,0,1,1,2026-09-22,2026-09-25,0.69,0.839,79.6,P2_HIGH,COMPAT_DEEP_CLEANING
DEM-2026-TRD-10286,TDMS,Traction Distribution (TRD / OHE),NCR,PRYJ,NDLS-DDU Golden Diagonal HDN-1,ETW-CNB,Etawah (ETW) - Kanpur Central (CNB),DN_MAIN,320.063,323.563,3.5,Routine Maintenance,Section Insulator & Motorized Isolator Contact Overhaul,Medium (Within 7d),None,13.3,67.0,110.2,97,80,Joint Traffic & Power Block,120,90,OHE Tower Wagon,8,1,1,0,2026-09-22,2026-09-30,0.501,0.758,57.5,P3_MEDIUM,COMPAT_TURNOUT_SNT
DEM-2026-ENG-10287,TMS,Engineering (Civil / Track),NCR,PRYJ,NDLS-DDU Golden Diagonal HDN-1,CNB-FTP,Kanpur Central (CNB) - Fatehpur (FTP),UP_MAIN,498.61,499.81,1.2,Routine Maintenance,Track Tamping and Alignment (CSM Machine),Medium (Within 7d),None,19.0,104.4,105.0,119,75,Traffic Block,240,180,CSM_09_32 / DTS_3D,12,1,0,0,2026-09-22,2026-10-01,0.365,0.739,51.9,P3_MEDIUM,COMPAT_SURFACE_PWAY
DEM-2026-SNT-10288,SMMS,Signalling & Telecom (S&T),NCR,DLI,NDLS-DDU Golden Diagonal HDN-1,GZB-ALJN,Ghaziabad (GZB) - Aligarh (ALJN),DN_MAIN,37.753,38.253,0.5,Pre-Monsoon Precaution,Main Signalling Cable Insulation Meggering & Trenching Check,Medium (Within 7d),None,5.7,36.8,85.5,170,100,Shadow / Disconnection Block,180,120,Cable Fault Locator Unit,7,0,0,0,2026-09-24,2026-10-05,0.471,0.568,58.9,P3_MEDIUM,COMPAT_SNT_OHE_GENERAL
DEM-2026-SNT-10289,SMMS,Signalling & Telecom (S&T),NCR,PRYJ,NDLS-DDU Golden Diagonal HDN-1,PRYJ-MZP,Prayagraj Jn (PRYJ) - Mirzapur (MZP),DN_MAIN,648.546,652.046,3.5,Asset Renewal,Electronic Interlocking (EI) Field Functional Testing,High (Within 48h),None,7.3,42.1,94.0,217,30,Traffic Block,240,180,EI Simulator & Logic Analyzer,8,0,0,1,2026-09-24,2026-09-27,0.679,0.779,77.7,P2_HIGH,COMPAT_INTERLOCKING
DEM-2026-TRD-10290,TDMS,Traction Distribution (TRD / OHE),NCR,PRYJ,NDLS-DDU Golden Diagonal HDN-1,CNB-FTP,Kanpur Central (CNB) - Fatehpur (FTP),DN_MAIN,439.756,441.756,2.0,Routine Maintenance,Section Insulator & Motorized Isolator Contact Overhaul,Medium (Within 7d),None,14.5,88.3,105.0,147,80,Joint Traffic & Power Block,120,90,OHE Tower Wagon,8,1,1,0,2026-09-24,2026-10-05,0.457,0.728,59.2,P3_MEDIUM,COMPAT_TURNOUT_SNT
DEM-2026-TRD-10291,TDMS,Traction Distribution (TRD / OHE),NCR,PRYJ,NDLS-DDU Golden Diagonal HDN-1,ETW-CNB,Etawah (ETW) - Kanpur Central (CNB),UP_MAIN,417.908,418.572,0.664,Safety Critical Defect,Contact Wire Kink & Catenary Sag Emergency Splice,Critical (Immediate),None,17.8,97.0,110.2,177,20,Joint Traffic & Power Block,150,100,Emergency OHE Ladder Trolley,12,0,1,1,2026-09-25,2026-09-26,0.916,0.897,93.2,P1_CRITICAL,COMPAT_SNT_OHE_GENERAL
DEM-2026-SNT-10292,SMMS,Signalling & Telecom (S&T),NCR,PRYJ,NDLS-DDU Golden Diagonal HDN-1,CNB-FTP,Kanpur Central (CNB) - Fatehpur (FTP),DN_MAIN,463.926,464.426,0.5,Asset Renewal,Electronic Interlocking (EI) Field Functional Testing,High (Within 48h),None,13.2,85.8,105.0,111,30,Traffic Block,240,180,EI Simulator & Logic Analyzer,8,0,0,1,2026-09-23,2026-09-28,0.625,0.843,70.5,P2_HIGH,COMPAT_INTERLOCKING
DEM-2026-ENG-10293,TMS,Engineering (Civil / Track),NCR,PRYJ,NDLS-DDU Golden Diagonal HDN-1,MZP-DDU,Mirzapur (MZP) - Pt. DD Upadhyaya (DDU),3RD_LINE,767.148,772.148,5.0,Asset Renewal,Ballast Cleaning & Deep Screening (BCM),High (Within 48h),None,4.8,16.9,118.0,79,45,Joint Traffic & Power Block,360,240,BCM_800 / DGS,28,1,1,1,2026-09-23,2026-09-28,0.713,0.884,71.4,P2_HIGH,COMPAT_DEEP_CLEANING
DEM-2026-ENG-10294,TMS,Engineering (Civil / Track),NCR,PRYJ,NDLS-DDU Golden Diagonal HDN-1,FTP-PRYJ,Fatehpur (FTP) - Prayagraj Jn (PRYJ),3RD_LINE,537.678,539.678,2.0,Asset Renewal,Ballast Cleaning & Deep Screening (BCM),High (Within 48h),None,9.8,65.6,108.5,204,45,Joint Traffic & Power Block,360,240,BCM_800 / DGS,28,1,1,1,2026-09-25,2026-09-29,0.607,0.829,74.2,P2_HIGH,COMPAT_DEEP_CLEANING
DEM-2026-ENG-10295,TMS,Engineering (Civil / Track),NCR,DLI,NDLS-DDU Golden Diagonal HDN-1,ALJN-TDL,Aligarh (ALJN) - Tundla (TDL),DN_MAIN,169.476,170.237,0.761,Safety Critical Defect,Thermit Weld Collar Fracturing Repair,Critical (Immediate),REM,2.5,29.2,92.0,270,30,Traffic Block,120,90,Thermit Welding Kit / Gang,15,0,0,1,2026-09-24,2026-09-26,0.804,0.767,84.7,P1_CRITICAL,COMPAT_TRACK_HEAVY
DEM-2026-SNT-10296,SMMS,Signalling & Telecom (S&T),NCR,PRYJ,NDLS-DDU Golden Diagonal HDN-1,PRYJ-MZP,Prayagraj Jn (PRYJ) - Mirzapur (MZP),UP_MAIN,638.745,638.985,0.24,Safety Critical Defect,Digital Axle Counter (DAC) Head Sensor Replacement,Critical (Immediate),None,9.6,55.1,94.0,248,50,Traffic Block,90,60,DAC Calibration Rig,5,0,0,0,2026-09-22,2026-09-23,0.809,0.733,84.9,P1_CRITICAL,COMPAT_SNT_OHE_GENERAL
DEM-2026-TRD-10297,TDMS,Traction Distribution (TRD / OHE),NCR,PRYJ,NDLS-DDU Golden Diagonal HDN-1,MZP-DDU,Mirzapur (MZP) - Pt. DD Upadhyaya (DDU),DN_MAIN,734.962,735.103,0.141,Safety Critical Defect,Contact Wire Kink & Catenary Sag Emergency Splice,Critical (Immediate),None,10.5,48.8,118.0,100,20,Joint Traffic & Power Block,150,100,Emergency OHE Ladder Trolley,12,0,1,1,2026-09-25,2026-09-26,0.895,0.942,86.5,P1_CRITICAL,COMPAT_SNT_OHE_GENERAL
DEM-2026-TRD-10298,TDMS,Traction Distribution (TRD / OHE),NCR,DLI,NDLS-DDU Golden Diagonal HDN-1,ALJN-TDL,Aligarh (ALJN) - Tundla (TDL),UP_MAIN,157.991,161.491,3.5,Routine Maintenance,Traction Substation (TSS) 132/25kV Circuit Breaker Servicing,High (Within 48h),None,21.3,108.0,92.0,33,130,Power Block (OHE),240,180,Substation Testing Rig,9,0,1,0,2026-09-24,2026-10-05,0.667,0.537,59.6,P3_MEDIUM,COMPAT_SUBSTATION
DEM-2026-SNT-10299,SMMS,Signalling & Telecom (S&T),NCR,DLI,NDLS-DDU Golden Diagonal HDN-1,GZB-ALJN,Ghaziabad (GZB) - Aligarh (ALJN),DN_MAIN,39.534,40.034,0.5,Routine Maintenance,Integrated LED Signal Aspect Overhaul & Alignment,Low (Planned Monthly),None,14.2,68.5,85.5,190,110,Shadow / Disconnection Block,90,60,Signal Alignment Telescope,4,0,0,0,2026-09-25,2026-10-11,0.159,0.545,40.3,P4_LOW,COMPAT_SNT_OHE_GENERAL
DEM-2026-ENG-10300,TMS,Engineering (Civil / Track),NCR,PRYJ,NDLS-DDU Golden Diagonal HDN-1,CNB-FTP,Kanpur Central (CNB) - Fatehpur (FTP),UP_MAIN,457.216,457.52,0.304,Safety Critical Defect,USFD Defect Rail Replacement (IMR Flaw),Critical (Immediate),IMR,16.3,89.4,105.0,186,30,Traffic Block,180,120,PQRS_Crane / Rail Tensor,18,1,0,1,2026-09-24,2026-09-25,0.867,0.843,89.7,P1_CRITICAL,COMPAT_TRACK_HEAVY
DEM-2026-SNT-10301,SMMS,Signalling & Telecom (S&T),NCR,PRYJ,NDLS-DDU Golden Diagonal HDN-1,MZP-DDU,Mirzapur (MZP) - Pt. DD Upadhyaya (DDU),DN_MAIN,773.359,774.102,0.743,Safety Critical Defect,Digital Axle Counter (DAC) Head Sensor Replacement,Critical (Immediate),None,9.5,44.4,118.0,81,50,Traffic Block,90,60,DAC Calibration Rig,5,0,0,0,2026-09-23,2026-09-26,0.822,0.873,79.3,P2_HIGH,COMPAT_SNT_OHE_GENERAL
DEM-2026-TRD-10302,TDMS,Traction Distribution (TRD / OHE),NCR,DLI,NDLS-DDU Golden Diagonal HDN-1,ALJN-TDL,Aligarh (ALJN) - Tundla (TDL),DN_MAIN,153.952,155.952,2.0,Routine Maintenance,OHE Periodic Annual Overhaul (AOH) & Dropper Regulation,Medium (Within 7d),None,17.2,94.7,92.0,38,90,Joint Traffic & Power Block,180,120,8-Wheeler OHE Tower Wagon,14,1,1,0,2026-09-22,2026-10-03,0.459,0.629,49.5,P3_MEDIUM,COMPAT_SNT_OHE_GENERAL
DEM-2026-ENG-10303,TMS,Engineering (Civil / Track),NCR,DLI,NDLS-DDU Golden Diagonal HDN-1,GZB-ALJN,Ghaziabad (GZB) - Aligarh (ALJN),UP_MAIN,32.668,34.668,2.0,Routine Maintenance,Points & Crossing Turnout Tamping (UNIMAT),High (Within 48h),None,11.0,49.6,85.5,18,50,Traffic Block,180,120,UNIMAT_08_4S,14,1,0,1,2026-09-22,2026-10-03,0.616,0.683,58.0,P3_MEDIUM,COMPAT_TURNOUT_SNT
DEM-2026-TRD-10304,TDMS,Traction Distribution (TRD / OHE),NCR,PRYJ,NDLS-DDU Golden Diagonal HDN-1,CNB-FTP,Kanpur Central (CNB) - Fatehpur (FTP),3RD_LINE,466.203,466.932,0.729,Safety Critical Defect,Contact Wire Kink & Catenary Sag Emergency Splice,Critical (Immediate),None,11.7,67.0,105.0,158,20,Joint Traffic & Power Block,150,100,Emergency OHE Ladder Trolley,12,0,1,1,2026-09-25,2026-09-26,0.803,0.866,86.0,P1_CRITICAL,COMPAT_SNT_OHE_GENERAL
DEM-2026-SNT-10305,SMMS,Signalling & Telecom (S&T),NCR,PRYJ,NDLS-DDU Golden Diagonal HDN-1,ETW-CNB,Etawah (ETW) - Kanpur Central (CNB),UP_MAIN,427.858,429.858,2.0,Routine Maintenance,Integrated LED Signal Aspect Overhaul & Alignment,Low (Planned Monthly),None,15.8,77.9,110.2,34,110,Shadow / Disconnection Block,90,60,Signal Alignment Telescope,4,0,0,0,2026-09-25,2026-10-14,0.204,0.689,32.3,P4_LOW,COMPAT_SNT_OHE_GENERAL
DEM-2026-ENG-10306,TMS,Engineering (Civil / Track),NCR,PRYJ,NDLS-DDU Golden Diagonal HDN-1,FTP-PRYJ,Fatehpur (FTP) - Prayagraj Jn (PRYJ),UP_MAIN,522.835,523.012,0.177,Safety Critical Defect,Thermit Weld Collar Fracturing Repair,Critical (Immediate),REM,13.1,70.3,108.5,60,30,Traffic Block,120,90,Thermit Welding Kit / Gang,15,0,0,1,2026-09-22,2026-09-23,0.936,0.864,82.1,P1_CRITICAL,COMPAT_TRACK_HEAVY
DEM-2026-ENG-10307,TMS,Engineering (Civil / Track),NCR,PRYJ,NDLS-DDU Golden Diagonal HDN-1,CNB-FTP,Kanpur Central (CNB) - Fatehpur (FTP),3RD_LINE,454.677,455.177,0.5,Asset Renewal,Ballast Cleaning & Deep Screening (BCM),High (Within 48h),None,3.1,10.7,105.0,34,45,Joint Traffic & Power Block,360,240,BCM_800 / DGS,28,1,1,1,2026-09-24,2026-09-28,0.737,0.809,67.6,P2_HIGH,COMPAT_DEEP_CLEANING
DEM-2026-ENG-10308,TMS,Engineering (Civil / Track),NCR,PRYJ,NDLS-DDU Golden Diagonal HDN-1,PRYJ-MZP,Prayagraj Jn (PRYJ) - Mirzapur (MZP),UP_MAIN,703.12,703.62,0.5,Asset Renewal,Rail Grinding for Rolling Contact Fatigue (RGM),Medium (Within 7d),OBS,18.9,104.4,94.0,101,90,Traffic Block,300,210,RGM_72,16,1,0,0,2026-09-24,2026-10-03,0.379,0.641,48.8,P3_MEDIUM,COMPAT_SURFACE_PWAY
DEM-2026-SNT-10309,SMMS,Signalling & Telecom (S&T),NCR,DLI,NDLS-DDU Golden Diagonal HDN-1,ALJN-TDL,Aligarh (ALJN) - Tundla (TDL),DN_MAIN,134.48,134.86,0.38,Safety Critical Defect,Digital Axle Counter (DAC) Head Sensor Replacement,Critical (Immediate),None,10.6,68.1,92.0,258,50,Traffic Block,90,60,DAC Calibration Rig,5,0,0,0,2026-09-22,2026-09-23,0.94,0.721,90.6,P1_CRITICAL,COMPAT_SNT_OHE_GENERAL
DEM-2026-SNT-10310,SMMS,Signalling & Telecom (S&T),NCR,DLI,NDLS-DDU Golden Diagonal HDN-1,TDL-ETW,Tundla (TDL) - Etawah (ETW),UP_MAIN,213.179,213.917,0.738,Safety Critical Defect,Digital Axle Counter (DAC) Head Sensor Replacement,Critical (Immediate),None,11.1,62.6,96.4,238,50,Traffic Block,90,60,DAC Calibration Rig,5,0,0,0,2026-09-24,2026-09-26,0.816,0.747,85.4,P1_CRITICAL,COMPAT_SNT_OHE_GENERAL
DEM-2026-TRD-10311,TDMS,Traction Distribution (TRD / OHE),NCR,DLI,NDLS-DDU Golden Diagonal HDN-1,GZB-ALJN,Ghaziabad (GZB) - Aligarh (ALJN),UP_MAIN,31.576,35.076,3.5,Routine Maintenance,Section Insulator & Motorized Isolator Contact Overhaul,Medium (Within 7d),None,10.3,43.4,85.5,174,80,Joint Traffic & Power Block,120,90,OHE Tower Wagon,8,1,1,0,2026-09-23,2026-10-05,0.303,0.614,52.8,P3_MEDIUM,COMPAT_TURNOUT_SNT
DEM-2026-TRD-10312,TDMS,Traction Distribution (TRD / OHE),NCR,PRYJ,NDLS-DDU Golden Diagonal HDN-1,FTP-PRYJ,Fatehpur (FTP) - Prayagraj Jn (PRYJ),3RD_LINE,581.315,584.815,3.5,Routine Maintenance,Traction Substation (TSS) 132/25kV Circuit Breaker Servicing,High (Within 48h),None,14.9,72.0,108.5,191,130,Power Block (OHE),240,180,Substation Testing Rig,9,0,1,0,2026-09-25,2026-09-30,0.696,0.633,74.6,P2_HIGH,COMPAT_SUBSTATION
DEM-2026-ENG-10313,TMS,Engineering (Civil / Track),NCR,DLI,NDLS-DDU Golden Diagonal HDN-1,TDL-ETW,Tundla (TDL) - Etawah (ETW),UP_MAIN,248.743,252.243,3.5,Routine Maintenance,Track Tamping and Alignment (CSM Machine),Medium (Within 7d),None,18.9,110.6,96.4,52,75,Traffic Block,240,180,CSM_09_32 / DTS_3D,12,1,0,0,2026-09-23,2026-10-01,0.48,0.689,50.8,P3_MEDIUM,COMPAT_SURFACE_PWAY
DEM-2026-ENG-10314,TMS,Engineering (Civil / Track),NCR,PRYJ,NDLS-DDU Golden Diagonal HDN-1,FTP-PRYJ,Fatehpur (FTP) - Prayagraj Jn (PRYJ),DN_MAIN,573.83,577.33,3.5,Routine Maintenance,Track Tamping and Alignment (CSM Machine),Medium (Within 7d),None,9.5,44.5,108.5,249,75,Traffic Block,240,180,CSM_09_32 / DTS_3D,12,1,0,0,2026-09-25,2026-10-05,0.407,0.76,59.2,P3_MEDIUM,COMPAT_SURFACE_PWAY
DEM-2026-ENG-10315,TMS,Engineering (Civil / Track),NCR,DLI,NDLS-DDU Golden Diagonal HDN-1,ALJN-TDL,Aligarh (ALJN) - Tundla (TDL),DN_MAIN,199.06,199.682,0.622,Safety Critical Defect,USFD Defect Rail Replacement (IMR Flaw),Critical (Immediate),IMR,1.4,9.1,92.0,32,30,Traffic Block,180,120,PQRS_Crane / Rail Tensor,18,1,0,1,2026-09-22,2026-09-25,0.891,0.767,77.3,P2_HIGH,COMPAT_TRACK_HEAVY
DEM-2026-TRD-10316,TDMS,Traction Distribution (TRD / OHE),NCR,PRYJ,NDLS-DDU Golden Diagonal HDN-1,CNB-FTP,Kanpur Central (CNB) - Fatehpur (FTP),3RD_LINE,485.025,487.025,2.0,Routine Maintenance,Traction Substation (TSS) 132/25kV Circuit Breaker Servicing,High (Within 48h),None,8.6,34.6,105.0,128,130,Power Block (OHE),240,180,Substation Testing Rig,9,0,1,0,2026-09-25,2026-09-29,0.736,0.612,71.7,P2_HIGH,COMPAT_SUBSTATION
DEM-2026-TRD-10317,TDMS,Traction Distribution (TRD / OHE),NCR,PRYJ,NDLS-DDU Golden Diagonal HDN-1,FTP-PRYJ,Fatehpur (FTP) - Prayagraj Jn (PRYJ),3RD_LINE,596.905,598.105,1.2,Routine Maintenance,OHE Periodic Annual Overhaul (AOH) & Dropper Regulation,Medium (Within 7d),None,1.0,5.7,108.5,163,90,Joint Traffic & Power Block,180,120,8-Wheeler OHE Tower Wagon,14,1,1,0,2026-09-22,2026-09-30,0.431,0.725,60.1,P3_MEDIUM,COMPAT_SNT_OHE_GENERAL
DEM-2026-TRD-10318,TDMS,Traction Distribution (TRD / OHE),NCR,DLI,NDLS-DDU Golden Diagonal HDN-1,GZB-ALJN,Ghaziabad (GZB) - Aligarh (ALJN),UP_MAIN,96.107,99.607,3.5,Routine Maintenance,Traction Substation (TSS) 132/25kV Circuit Breaker Servicing,High (Within 48h),None,3.2,24.3,85.5,110,130,Power Block (OHE),240,180,Substation Testing Rig,9,0,1,0,2026-09-25,2026-10-07,0.577,0.499,61.4,P3_MEDIUM,COMPAT_SUBSTATION
DEM-2026-SNT-10319,SMMS,Signalling & Telecom (S&T),NCR,PRYJ,NDLS-DDU Golden Diagonal HDN-1,ETW-CNB,Etawah (ETW) - Kanpur Central (CNB),DN_MAIN,393.125,393.3,0.175,Safety Critical Defect,Digital Axle Counter (DAC) Head Sensor Replacement,Critical (Immediate),None,9.7,66.3,110.2,77,50,Traffic Block,90,60,DAC Calibration Rig,5,0,0,0,2026-09-25,2026-09-27,0.934,0.827,83.4,P1_CRITICAL,COMPAT_SNT_OHE_GENERAL
DEM-2026-ENG-10320,TMS,Engineering (Civil / Track),NCR,DLI,NDLS-DDU Golden Diagonal HDN-1,TDL-ETW,Tundla (TDL) - Etawah (ETW),DN_MAIN,208.299,209.054,0.755,Safety Critical Defect,Thermit Weld Collar Fracturing Repair,Critical (Immediate),REM,18.6,97.5,96.4,274,30,Traffic Block,120,90,Thermit Welding Kit / Gang,15,0,0,1,2026-09-23,2026-09-24,0.936,0.793,91.0,P1_CRITICAL,COMPAT_TRACK_HEAVY
DEM-2026-ENG-10321,TMS,Engineering (Civil / Track),NCR,DLI,NDLS-DDU Golden Diagonal HDN-1,TDL-ETW,Tundla (TDL) - Etawah (ETW),UP_MAIN,257.645,259.645,2.0,Pre-Monsoon Precaution,Bridge Bearings Inspection & Girder Greasing,Medium (Within 7d),None,11.6,59.5,96.4,141,60,Traffic Block,150,90,Bridge Inspection Unit,10,0,0,0,2026-09-24,2026-10-02,0.366,0.724,54.6,P3_MEDIUM,COMPAT_BRIDGE_STRUCT
DEM-2026-ENG-10322,TMS,Engineering (Civil / Track),NCR,PRYJ,NDLS-DDU Golden Diagonal HDN-1,MZP-DDU,Mirzapur (MZP) - Pt. DD Upadhyaya (DDU),UP_MAIN,758.351,763.351,5.0,Pre-Monsoon Precaution,Bridge Bearings Inspection & Girder Greasing,Medium (Within 7d),None,7.3,47.5,118.0,174,60,Traffic Block,150,90,Bridge Inspection Unit,10,0,0,0,2026-09-23,2026-10-03,0.471,0.85,63.9,P3_MEDIUM,COMPAT_BRIDGE_STRUCT
DEM-2026-TRD-10323,TDMS,Traction Distribution (TRD / OHE),NCR,PRYJ,NDLS-DDU Golden Diagonal HDN-1,ETW-CNB,Etawah (ETW) - Kanpur Central (CNB),UP_MAIN,389.036,390.236,1.2,Asset Renewal,25 kV OHE Catenary & Contact Wire Stringing Renewal,High (Within 48h),None,21.6,117.5,110.2,105,45,Joint Traffic & Power Block,300,240,OHE Wiring Train & Tensioning Rig,22,0,1,1,2026-09-24,2026-09-29,0.661,0.839,72.1,P2_HIGH,COMPAT_DEEP_CLEANING
DEM-2026-TRD-10324,TDMS,Traction Distribution (TRD / OHE),NCR,DLI,NDLS-DDU Golden Diagonal HDN-1,ALJN-TDL,Aligarh (ALJN) - Tundla (TDL),DN_MAIN,168.513,172.013,3.5,Pre-Monsoon Precaution,OHE 25kV Live Feeder Tree Trimming & Neutral Section Check,Low (Planned Monthly),None,15.2,92.8,92.0,160,110,Joint Traffic & Power Block,120,60,Insulated Bucket Truck / Tower Wagon,10,1,1,0,2026-09-22,2026-10-01,0.267,0.583,45.1,P3_MEDIUM,COMPAT_SNT_OHE_GENERAL
DEM-2026-ENG-10325,TMS,Engineering (Civil / Track),NCR,DLI,NDLS-DDU Golden Diagonal HDN-1,ALJN-TDL,Aligarh (ALJN) - Tundla (TDL),UP_MAIN,175.934,176.174,0.24,Safety Critical Defect,USFD Defect Rail Replacement (IMR Flaw),Critical (Immediate),IMR,16.8,78.8,92.0,160,30,Traffic Block,180,120,PQRS_Crane / Rail Tensor,18,1,0,1,2026-09-22,2026-09-23,0.917,0.767,89.1,P1_CRITICAL,COMPAT_TRACK_HEAVY
DEM-2026-SNT-10326,SMMS,Signalling & Telecom (S&T),NCR,PRYJ,NDLS-DDU Golden Diagonal HDN-1,CNB-FTP,Kanpur Central (CNB) - Fatehpur (FTP),UP_MAIN,461.722,465.222,3.5,Routine Maintenance,Point Machine Overhaul & Friction Clutch Testing,High (Within 48h),None,3.2,32.0,105.0,128,45,Traffic Block,120,90,S&T Tool Van / Multimeter Kit,6,0,0,0,2026-09-25,2026-09-30,0.713,0.809,73.9,P2_HIGH,COMPAT_TURNOUT_SNT
DEM-2026-TRD-10327,TDMS,Traction Distribution (TRD / OHE),NCR,PRYJ,NDLS-DDU Golden Diagonal HDN-1,ETW-CNB,Etawah (ETW) - Kanpur Central (CNB),DN_MAIN,421.539,425.039,3.5,Routine Maintenance,OHE Periodic Annual Overhaul (AOH) & Dropper Regulation,Medium (Within 7d),None,9.7,62.1,110.2,174,90,Joint Traffic & Power Block,180,120,8-Wheeler OHE Tower Wagon,14,1,1,0,2026-09-22,2026-09-25,0.532,0.735,65.7,P2_HIGH,COMPAT_SNT_OHE_GENERAL
DEM-2026-TRD-10328,TDMS,Traction Distribution (TRD / OHE),NCR,PRYJ,NDLS-DDU Golden Diagonal HDN-1,CNB-FTP,Kanpur Central (CNB) - Fatehpur (FTP),UP_MAIN,496.834,498.834,2.0,Routine Maintenance,Section Insulator & Motorized Isolator Contact Overhaul,Medium (Within 7d),None,16.9,90.9,105.0,114,80,Joint Traffic & Power Block,120,90,OHE Tower Wagon,8,1,1,0,2026-09-24,2026-10-01,0.486,0.728,57.8,P3_MEDIUM,COMPAT_TURNOUT_SNT
DEM-2026-SNT-10329,SMMS,Signalling & Telecom (S&T),NCR,PRYJ,NDLS-DDU Golden Diagonal HDN-1,MZP-DDU,Mirzapur (MZP) - Pt. DD Upadhyaya (DDU),UP_MAIN,727.312,728.512,1.2,Routine Maintenance,Point Machine Overhaul & Friction Clutch Testing,High (Within 48h),None,16.4,75.6,118.0,34,45,Traffic Block,120,90,S&T Tool Van / Multimeter Kit,6,0,0,0,2026-09-24,2026-10-04,0.644,0.884,64.1,P3_MEDIUM,COMPAT_TURNOUT_SNT
DEM-2026-TRD-10330,TDMS,Traction Distribution (TRD / OHE),NCR,DLI,NDLS-DDU Golden Diagonal HDN-1,TDL-ETW,Tundla (TDL) - Etawah (ETW),UP_MAIN,204.5,208.0,3.5,Asset Renewal,25 kV OHE Catenary & Contact Wire Stringing Renewal,High (Within 48h),None,15.9,74.1,96.4,92,45,Joint Traffic & Power Block,300,240,OHE Wiring Train & Tensioning Rig,22,0,1,1,2026-09-22,2026-09-27,0.754,0.758,74.0,P2_HIGH,COMPAT_DEEP_CLEANING
DEM-2026-SNT-10331,SMMS,Signalling & Telecom (S&T),NCR,PRYJ,NDLS-DDU Golden Diagonal HDN-1,CNB-FTP,Kanpur Central (CNB) - Fatehpur (FTP),DN_MAIN,461.677,463.677,2.0,Routine Maintenance,Integrated LED Signal Aspect Overhaul & Alignment,Low (Planned Monthly),None,12.0,78.7,105.0,280,110,Shadow / Disconnection Block,90,60,Signal Alignment Telescope,4,0,0,0,2026-09-23,2026-10-22,0.113,0.659,40.0,P4_LOW,COMPAT_SNT_OHE_GENERAL
DEM-2026-ENG-10332,TMS,Engineering (Civil / Track),NCR,PRYJ,NDLS-DDU Golden Diagonal HDN-1,PRYJ-MZP,Prayagraj Jn (PRYJ) - Mirzapur (MZP),DN_MAIN,702.53,704.53,2.0,Routine Maintenance,Track Tamping and Alignment (CSM Machine),Medium (Within 7d),None,8.0,38.8,94.0,257,75,Traffic Block,240,180,CSM_09_32 / DTS_3D,12,1,0,0,2026-09-22,2026-10-04,0.539,0.675,63.9,P3_MEDIUM,COMPAT_SURFACE_PWAY
DEM-2026-ENG-10333,TMS,Engineering (Civil / Track),NCR,DLI,NDLS-DDU Golden Diagonal HDN-1,ALJN-TDL,Aligarh (ALJN) - Tundla (TDL),DN_MAIN,171.721,172.256,0.535,Safety Critical Defect,Thermit Weld Collar Fracturing Repair,Critical (Immediate),REM,21.1,116.0,92.0,178,30,Traffic Block,120,90,Thermit Welding Kit / Gang,15,0,0,1,2026-09-25,2026-09-26,0.856,0.767,86.9,P1_CRITICAL,COMPAT_TRACK_HEAVY
DEM-2026-TRD-10334,TDMS,Traction Distribution (TRD / OHE),NCR,PRYJ,NDLS-DDU Golden Diagonal HDN-1,CNB-FTP,Kanpur Central (CNB) - Fatehpur (FTP),3RD_LINE,502.895,504.895,2.0,Routine Maintenance,OHE Periodic Annual Overhaul (AOH) & Dropper Regulation,Medium (Within 7d),None,11.8,64.3,105.0,263,90,Joint Traffic & Power Block,180,120,8-Wheeler OHE Tower Wagon,14,1,1,0,2026-09-23,2026-10-04,0.311,0.705,55.8,P3_MEDIUM,COMPAT_SNT_OHE_GENERAL
DEM-2026-ENG-10335,TMS,Engineering (Civil / Track),NCR,PRYJ,NDLS-DDU Golden Diagonal HDN-1,FTP-PRYJ,Fatehpur (FTP) - Prayagraj Jn (PRYJ),3RD_LINE,531.497,532.266,0.769,Safety Critical Defect,USFD Defect Rail Replacement (IMR Flaw),Critical (Immediate),IMR,12.3,51.7,108.5,47,30,Traffic Block,180,120,PQRS_Crane / Rail Tensor,18,1,0,1,2026-09-23,2026-09-28,0.822,0.864,76.9,P2_HIGH,COMPAT_TRACK_HEAVY
DEM-2026-ENG-10336,TMS,Engineering (Civil / Track),NCR,PRYJ,NDLS-DDU Golden Diagonal HDN-1,PRYJ-MZP,Prayagraj Jn (PRYJ) - Mirzapur (MZP),UP_MAIN,687.085,690.585,3.5,Asset Renewal,Rail Grinding for Rolling Contact Fatigue (RGM),Medium (Within 7d),OBS,14.6,91.2,94.0,92,90,Traffic Block,300,210,RGM_72,16,1,0,0,2026-09-22,2026-10-15,0.306,0.641,44.8,P4_LOW,COMPAT_SURFACE_PWAY
DEM-2026-ENG-10337,TMS,Engineering (Civil / Track),NCR,DLI,NDLS-DDU Golden Diagonal HDN-1,ALJN-TDL,Aligarh (ALJN) - Tundla (TDL),UP_MAIN,144.767,145.267,0.5,Asset Renewal,Rail Grinding for Rolling Contact Fatigue (RGM),Medium (Within 7d),OBS,13.1,62.3,92.0,146,90,Traffic Block,300,210,RGM_72,16,1,0,0,2026-09-25,2026-10-04,0.398,0.629,53.3,P3_MEDIUM,COMPAT_SURFACE_PWAY
DEM-2026-ENG-10338,TMS,Engineering (Civil / Track),NCR,PRYJ,NDLS-DDU Golden Diagonal HDN-1,PRYJ-MZP,Prayagraj Jn (PRYJ) - Mirzapur (MZP),DN_MAIN,637.115,637.219,0.104,Safety Critical Defect,Thermit Weld Collar Fracturing Repair,Critical (Immediate),REM,16.1,72.4,94.0,37,30,Traffic Block,120,90,Thermit Welding Kit / Gang,15,0,0,1,2026-09-24,2026-09-27,0.92,0.779,78.2,P2_HIGH,COMPAT_TRACK_HEAVY
DEM-2026-SNT-10339,SMMS,Signalling & Telecom (S&T),NCR,DLI,NDLS-DDU Golden Diagonal HDN-1,ALJN-TDL,Aligarh (ALJN) - Tundla (TDL),DN_MAIN,171.189,173.189,2.0,Routine Maintenance,Track Circuit Glued Joint Bonding & Meggering,Medium (Within 7d),None,17.1,88.6,92.0,216,80,Traffic Block,120,90,Insulation Megger Tester,6,0,0,0,2026-09-25,2026-10-01,0.497,0.652,60.1,P3_MEDIUM,COMPAT_SURFACE_PWAY
DEM-2026-ENG-10340,TMS,Engineering (Civil / Track),NCR,DLI,NDLS-DDU Golden Diagonal HDN-1,TDL-ETW,Tundla (TDL) - Etawah (ETW),UP_MAIN,274.514,279.514,5.0,Routine Maintenance,Points & Crossing Turnout Tamping (UNIMAT),High (Within 48h),None,7.2,45.0,96.4,166,50,Traffic Block,180,120,UNIMAT_08_4S,14,1,0,1,2026-09-24,2026-09-29,0.699,0.747,75.0,P2_HIGH,COMPAT_TURNOUT_SNT
DEM-2026-ENG-10341,TMS,Engineering (Civil / Track),NCR,DLI,NDLS-DDU Golden Diagonal HDN-1,GZB-ALJN,Ghaziabad (GZB) - Aligarh (ALJN),UP_MAIN,78.704,79.08,0.376,Safety Critical Defect,USFD Defect Rail Replacement (IMR Flaw),Critical (Immediate),IMR,12.5,55.1,85.5,121,30,Traffic Block,180,120,PQRS_Crane / Rail Tensor,18,1,0,1,2026-09-23,2026-09-25,0.93,0.73,85.9,P1_CRITICAL,COMPAT_TRACK_HEAVY
DEM-2026-ENG-10342,TMS,Engineering (Civil / Track),NCR,PRYJ,NDLS-DDU Golden Diagonal HDN-1,PRYJ-MZP,Prayagraj Jn (PRYJ) - Mirzapur (MZP),UP_MAIN,679.744,681.744,2.0,Routine Maintenance,Track Tamping and Alignment (CSM Machine),Medium (Within 7d),None,5.1,20.9,94.0,41,75,Traffic Block,240,180,CSM_09_32 / DTS_3D,12,1,0,0,2026-09-25,2026-10-05,0.504,0.675,50.7,P3_MEDIUM,COMPAT_SURFACE_PWAY
DEM-2026-TRD-10343,TDMS,Traction Distribution (TRD / OHE),NCR,DLI,NDLS-DDU Golden Diagonal HDN-1,ALJN-TDL,Aligarh (ALJN) - Tundla (TDL),DN_MAIN,133.316,138.316,5.0,Asset Renewal,25 kV OHE Catenary & Contact Wire Stringing Renewal,High (Within 48h),None,11.2,55.9,92.0,79,45,Joint Traffic & Power Block,300,240,OHE Wiring Train & Tensioning Rig,22,0,1,1,2026-09-22,2026-09-25,0.698,0.733,70.0,P2_HIGH,COMPAT_DEEP_CLEANING
DEM-2026-ENG-10344,TMS,Engineering (Civil / Track),NCR,PRYJ,NDLS-DDU Golden Diagonal HDN-1,CNB-FTP,Kanpur Central (CNB) - Fatehpur (FTP),3RD_LINE,458.675,462.175,3.5,Routine Maintenance,Track Tamping and Alignment (CSM Machine),Medium (Within 7d),None,7.9,49.3,105.0,92,75,Traffic Block,240,180,CSM_09_32 / DTS_3D,12,1,0,0,2026-09-24,2026-10-02,0.436,0.739,52.9,P3_MEDIUM,COMPAT_SURFACE_PWAY
DEM-2026-ENG-10345,TMS,Engineering (Civil / Track),NCR,PRYJ,NDLS-DDU Golden Diagonal HDN-1,PRYJ-MZP,Prayagraj Jn (PRYJ) - Mirzapur (MZP),UP_MAIN,694.174,697.674,3.5,Routine Maintenance,Track Tamping and Alignment (CSM Machine),Medium (Within 7d),None,6.8,34.8,94.0,183,75,Traffic Block,240,180,CSM_09_32 / DTS_3D,12,1,0,0,2026-09-25,2026-10-04,0.511,0.675,62.6,P3_MEDIUM,COMPAT_SURFACE_PWAY
DEM-2026-TRD-10346,TDMS,Traction Distribution (TRD / OHE),NCR,PRYJ,NDLS-DDU Golden Diagonal HDN-1,FTP-PRYJ,Fatehpur (FTP) - Prayagraj Jn (PRYJ),DN_MAIN,532.423,537.423,5.0,Routine Maintenance,OHE Periodic Annual Overhaul (AOH) & Dropper Regulation,Medium (Within 7d),None,2.7,11.9,108.5,85,90,Joint Traffic & Power Block,180,120,8-Wheeler OHE Tower Wagon,14,1,1,0,2026-09-24,2026-10-01,0.514,0.725,57.3,P3_MEDIUM,COMPAT_SNT_OHE_GENERAL
DEM-2026-SNT-10347,SMMS,Signalling & Telecom (S&T),NCR,DLI,NDLS-DDU Golden Diagonal HDN-1,ALJN-TDL,Aligarh (ALJN) - Tundla (TDL),UP_MAIN,173.056,178.056,5.0,Routine Maintenance,Integrated LED Signal Aspect Overhaul & Alignment,Low (Planned Monthly),None,13.2,79.1,92.0,122,110,Shadow / Disconnection Block,90,60,Signal Alignment Telescope,4,0,0,0,2026-09-24,2026-10-24,0.272,0.583,41.2,P4_LOW,COMPAT_SNT_OHE_GENERAL
DEM-2026-SNT-10348,SMMS,Signalling & Telecom (S&T),NCR,PRYJ,NDLS-DDU Golden Diagonal HDN-1,MZP-DDU,Mirzapur (MZP) - Pt. DD Upadhyaya (DDU),3RD_LINE,739.746,744.746,5.0,Routine Maintenance,Track Circuit Glued Joint Bonding & Meggering,Medium (Within 7d),None,16.4,80.7,118.0,251,80,Traffic Block,120,90,Insulation Megger Tester,6,0,0,0,2026-09-25,2026-10-01,0.42,0.804,59.0,P3_MEDIUM,COMPAT_SURFACE_PWAY
DEM-2026-ENG-10349,TMS,Engineering (Civil / Track),NCR,PRYJ,NDLS-DDU Golden Diagonal HDN-1,FTP-PRYJ,Fatehpur (FTP) - Prayagraj Jn (PRYJ),3RD_LINE,606.702,611.702,5.0,Routine Maintenance,Track Tamping and Alignment (CSM Machine),Medium (Within 7d),None,15.4,89.7,108.5,85,75,Traffic Block,240,180,CSM_09_32 / DTS_3D,12,1,0,0,2026-09-23,2026-09-30,0.407,0.76,51.3,P3_MEDIUM,COMPAT_SURFACE_PWAY
DEM-2026-ENG-10350,TMS,Engineering (Civil / Track),NCR,PRYJ,NDLS-DDU Golden Diagonal HDN-1,MZP-DDU,Mirzapur (MZP) - Pt. DD Upadhyaya (DDU),DN_MAIN,745.502,746.002,0.5,Asset Renewal,Rail Grinding for Rolling Contact Fatigue (RGM),Medium (Within 7d),OBS,6.6,30.0,118.0,119,90,Traffic Block,300,210,RGM_72,16,1,0,0,2026-09-24,2026-10-06,0.424,0.781,54.5,P3_MEDIUM,COMPAT_SURFACE_PWAY
DEM-2026-SNT-10351,SMMS,Signalling & Telecom (S&T),NCR,PRYJ,NDLS-DDU Golden Diagonal HDN-1,PRYJ-MZP,Prayagraj Jn (PRYJ) - Mirzapur (MZP),DN_MAIN,630.412,632.412,2.0,Routine Maintenance,Point Machine Overhaul & Friction Clutch Testing,High (Within 48h),None,3.2,35.1,94.0,154,45,Traffic Block,120,90,S&T Tool Van / Multimeter Kit,6,0,0,0,2026-09-23,2026-09-27,0.734,0.744,76.0,P2_HIGH,COMPAT_TURNOUT_SNT
DEM-2026-ENG-10352,TMS,Engineering (Civil / Track),NCR,PRYJ,NDLS-DDU Golden Diagonal HDN-1,PRYJ-MZP,Prayagraj Jn (PRYJ) - Mirzapur (MZP),DN_MAIN,703.798,703.952,0.154,Safety Critical Defect,Thermit Weld Collar Fracturing Repair,Critical (Immediate),REM,6.3,50.7,94.0,128,30,Traffic Block,120,90,Thermit Welding Kit / Gang,15,0,0,1,2026-09-24,2026-09-26,0.883,0.779,84.1,P1_CRITICAL,COMPAT_TRACK_HEAVY
DEM-2026-SNT-10353,SMMS,Signalling & Telecom (S&T),NCR,PRYJ,NDLS-DDU Golden Diagonal HDN-1,MZP-DDU,Mirzapur (MZP) - Pt. DD Upadhyaya (DDU),DN_MAIN,746.361,747.561,1.2,Routine Maintenance,Point Machine Overhaul & Friction Clutch Testing,High (Within 48h),None,10.2,47.9,118.0,277,45,Traffic Block,120,90,S&T Tool Van / Multimeter Kit,6,0,0,0,2026-09-23,2026-09-26,0.692,0.884,78.4,P2_HIGH,COMPAT_TURNOUT_SNT
DEM-2026-ENG-10354,TMS,Engineering (Civil / Track),NCR,DLI,NDLS-DDU Golden Diagonal HDN-1,TDL-ETW,Tundla (TDL) - Etawah (ETW),UP_MAIN,276.301,276.864,0.563,Safety Critical Defect,Thermit Weld Collar Fracturing Repair,Critical (Immediate),REM,9.7,48.4,96.4,72,30,Traffic Block,120,90,Thermit Welding Kit / Gang,15,0,0,1,2026-09-25,2026-09-29,0.876,0.793,79.3,P2_HIGH,COMPAT_TRACK_HEAVY
DEM-2026-TRD-10355,TDMS,Traction Distribution (TRD / OHE),NCR,PRYJ,NDLS-DDU Golden Diagonal HDN-1,ETW-CNB,Etawah (ETW) - Kanpur Central (CNB),UP_MAIN,299.041,299.541,0.5,Routine Maintenance,Section Insulator & Motorized Isolator Contact Overhaul,Medium (Within 7d),None,3.7,26.3,110.2,82,80,Joint Traffic & Power Block,120,90,OHE Tower Wagon,8,1,1,0,2026-09-23,2026-09-29,0.451,0.758,54.0,P3_MEDIUM,COMPAT_TURNOUT_SNT
DEM-2026-ENG-10356,TMS,Engineering (Civil / Track),NCR,DLI,NDLS-DDU Golden Diagonal HDN-1,GZB-ALJN,Ghaziabad (GZB) - Aligarh (ALJN),UP_MAIN,72.956,76.456,3.5,Routine Maintenance,Track Tamping and Alignment (CSM Machine),Medium (Within 7d),None,13.6,74.9,85.5,23,75,Traffic Block,240,180,CSM_09_32 / DTS_3D,12,1,0,0,2026-09-24,2026-10-05,0.511,0.626,48.8,P3_MEDIUM,COMPAT_SURFACE_PWAY
DEM-2026-ENG-10357,TMS,Engineering (Civil / Track),NCR,DLI,NDLS-DDU Golden Diagonal HDN-1,ALJN-TDL,Aligarh (ALJN) - Tundla (TDL),UP_MAIN,190.614,191.814,1.2,Routine Maintenance,Points & Crossing Turnout Tamping (UNIMAT),High (Within 48h),None,5.6,30.3,92.0,87,50,Traffic Block,180,120,UNIMAT_08_4S,14,1,0,1,2026-09-24,2026-09-27,0.725,0.721,69.2,P2_HIGH,COMPAT_TURNOUT_SNT
DEM-2026-SNT-10358,SMMS,Signalling & Telecom (S&T),NCR,DLI,NDLS-DDU Golden Diagonal HDN-1,TDL-ETW,Tundla (TDL) - Etawah (ETW),DN_MAIN,256.268,257.468,1.2,Routine Maintenance,Integrated LED Signal Aspect Overhaul & Alignment,Low (Planned Monthly),None,8.9,38.5,96.4,22,110,Shadow / Disconnection Block,90,60,Signal Alignment Telescope,4,0,0,0,2026-09-25,2026-10-24,0.138,0.608,27.2,P4_LOW,COMPAT_SNT_OHE_GENERAL
DEM-2026-ENG-10359,TMS,Engineering (Civil / Track),NCR,DLI,NDLS-DDU Golden Diagonal HDN-1,TDL-ETW,Tundla (TDL) - Etawah (ETW),UP_MAIN,257.084,262.084,5.0,Pre-Monsoon Precaution,Bridge Bearings Inspection & Girder Greasing,Medium (Within 7d),None,11.6,51.5,96.4,260,60,Traffic Block,150,90,Bridge Inspection Unit,10,0,0,0,2026-09-22,2026-10-02,0.458,0.724,62.0,P3_MEDIUM,COMPAT_BRIDGE_STRUCT
DEM-2026-ENG-10360,TMS,Engineering (Civil / Track),NCR,PRYJ,NDLS-DDU Golden Diagonal HDN-1,PRYJ-MZP,Prayagraj Jn (PRYJ) - Mirzapur (MZP),DN_MAIN,686.648,687.048,0.4,Safety Critical Defect,USFD Defect Rail Replacement (IMR Flaw),Critical (Immediate),IMR,20.7,108.0,94.0,209,30,Traffic Block,180,120,PQRS_Crane / Rail Tensor,18,1,0,1,2026-09-25,2026-09-26,0.85,0.779,87.9,P1_CRITICAL,COMPAT_TRACK_HEAVY
DEM-2026-TRD-10361,TDMS,Traction Distribution (TRD / OHE),NCR,DLI,NDLS-DDU Golden Diagonal HDN-1,TDL-ETW,Tundla (TDL) - Etawah (ETW),DN_MAIN,284.543,284.702,0.159,Safety Critical Defect,Contact Wire Kink & Catenary Sag Emergency Splice,Critical (Immediate),None,13.6,74.3,96.4,145,20,Joint Traffic & Power Block,150,100,Emergency OHE Ladder Trolley,12,0,1,1,2026-09-22,2026-09-23,0.818,0.816,84.9,P1_CRITICAL,COMPAT_SNT_OHE_GENERAL
DEM-2026-TRD-10362,TDMS,Traction Distribution (TRD / OHE),NCR,DLI,NDLS-DDU Golden Diagonal HDN-1,GZB-ALJN,Ghaziabad (GZB) - Aligarh (ALJN),DN_MAIN,102.439,105.939,3.5,Routine Maintenance,Traction Substation (TSS) 132/25kV Circuit Breaker Servicing,High (Within 48h),None,8.6,37.6,85.5,143,130,Power Block (OHE),240,180,Substation Testing Rig,9,0,1,0,2026-09-25,2026-09-30,0.607,0.499,65.5,P2_HIGH,COMPAT_SUBSTATION
DEM-2026-ENG-10363,TMS,Engineering (Civil / Track),NCR,PRYJ,NDLS-DDU Golden Diagonal HDN-1,FTP-PRYJ,Fatehpur (FTP) - Prayagraj Jn (PRYJ),3RD_LINE,556.919,557.162,0.243,Safety Critical Defect,Thermit Weld Collar Fracturing Repair,Critical (Immediate),REM,12.6,69.7,108.5,105,30,Traffic Block,120,90,Thermit Welding Kit / Gang,15,0,0,1,2026-09-24,2026-09-26,0.854,0.864,82.1,P1_CRITICAL,COMPAT_TRACK_HEAVY
DEM-2026-ENG-10364,TMS,Engineering (Civil / Track),NCR,PRYJ,NDLS-DDU Golden Diagonal HDN-1,CNB-FTP,Kanpur Central (CNB) - Fatehpur (FTP),3RD_LINE,464.661,464.858,0.197,Safety Critical Defect,Thermit Weld Collar Fracturing Repair,Critical (Immediate),REM,19.1,89.1,105.0,131,30,Traffic Block,120,90,Thermit Welding Kit / Gang,15,0,0,1,2026-09-22,2026-09-23,0.869,0.843,84.7,P1_CRITICAL,COMPAT_TRACK_HEAVY
DEM-2026-SNT-10365,SMMS,Signalling & Telecom (S&T),NCR,PRYJ,NDLS-DDU Golden Diagonal HDN-1,ETW-CNB,Etawah (ETW) - Kanpur Central (CNB),DN_MAIN,379.2,379.7,0.5,Routine Maintenance,Integrated LED Signal Aspect Overhaul & Alignment,Low (Planned Monthly),None,4.4,40.9,110.2,16,110,Shadow / Disconnection Block,90,60,Signal Alignment Telescope,4,0,0,0,2026-09-25,2026-10-12,0.253,0.689,33.1,P4_LOW,COMPAT_SNT_OHE_GENERAL
DEM-2026-ENG-10366,TMS,Engineering (Civil / Track),NCR,PRYJ,NDLS-DDU Golden Diagonal HDN-1,PRYJ-MZP,Prayagraj Jn (PRYJ) - Mirzapur (MZP),UP_MAIN,658.706,663.706,5.0,Routine Maintenance,Track Tamping and Alignment (CSM Machine),Medium (Within 7d),None,1.8,10.5,94.0,219,75,Traffic Block,240,180,CSM_09_32 / DTS_3D,12,1,0,0,2026-09-24,2026-10-04,0.447,0.675,59.7,P3_MEDIUM,COMPAT_SURFACE_PWAY
DEM-2026-TRD-10367,TDMS,Traction Distribution (TRD / OHE),NCR,DLI,NDLS-DDU Golden Diagonal HDN-1,GZB-ALJN,Ghaziabad (GZB) - Aligarh (ALJN),UP_MAIN,21.098,26.098,5.0,Routine Maintenance,Section Insulator & Motorized Isolator Contact Overhaul,Medium (Within 7d),None,7.0,26.0,85.5,275,80,Joint Traffic & Power Block,120,90,OHE Tower Wagon,8,1,1,0,2026-09-23,2026-09-30,0.424,0.614,58.8,P3_MEDIUM,COMPAT_TURNOUT_SNT
DEM-2026-ENG-10368,TMS,Engineering (Civil / Track),NCR,DLI,NDLS-DDU Golden Diagonal HDN-1,GZB-ALJN,Ghaziabad (GZB) - Aligarh (ALJN),DN_MAIN,120.004,120.165,0.161,Safety Critical Defect,USFD Defect Rail Replacement (IMR Flaw),Critical (Immediate),IMR,6.8,36.0,85.5,216,30,Traffic Block,180,120,PQRS_Crane / Rail Tensor,18,1,0,1,2026-09-22,2026-09-23,0.861,0.73,87.7,P1_CRITICAL,COMPAT_TRACK_HEAVY
DEM-2026-TRD-10369,TDMS,Traction Distribution (TRD / OHE),NCR,DLI,NDLS-DDU Golden Diagonal HDN-1,ALJN-TDL,Aligarh (ALJN) - Tundla (TDL),UP_MAIN,187.817,192.817,5.0,Routine Maintenance,Traction Substation (TSS) 132/25kV Circuit Breaker Servicing,High (Within 48h),None,8.3,60.4,92.0,155,130,Power Block (OHE),240,180,Substation Testing Rig,9,0,1,0,2026-09-25,2026-09-28,0.6,0.537,66.7,P2_HIGH,COMPAT_SUBSTATION
DEM-2026-ENG-10370,TMS,Engineering (Civil / Track),NCR,PRYJ,NDLS-DDU Golden Diagonal HDN-1,PRYJ-MZP,Prayagraj Jn (PRYJ) - Mirzapur (MZP),UP_MAIN,670.283,675.283,5.0,Routine Maintenance,Points & Crossing Turnout Tamping (UNIMAT),High (Within 48h),None,2.5,11.3,94.0,73,50,Traffic Block,180,120,UNIMAT_08_4S,14,1,0,1,2026-09-24,2026-09-28,0.727,0.733,68.3,P2_HIGH,COMPAT_TURNOUT_SNT
DEM-2026-TRD-10371,TDMS,Traction Distribution (TRD / OHE),NCR,PRYJ,NDLS-DDU Golden Diagonal HDN-1,MZP-DDU,Mirzapur (MZP) - Pt. DD Upadhyaya (DDU),DN_MAIN,761.827,762.6,0.773,Safety Critical Defect,Contact Wire Kink & Catenary Sag Emergency Splice,Critical (Immediate),None,10.6,56.8,118.0,28,20,Joint Traffic & Power Block,150,100,Emergency OHE Ladder Trolley,12,0,1,1,2026-09-22,2026-09-26,0.876,0.942,79.6,P2_HIGH,COMPAT_SNT_OHE_GENERAL
DEM-2026-TRD-10372,TDMS,Traction Distribution (TRD / OHE),NCR,PRYJ,NDLS-DDU Golden Diagonal HDN-1,PRYJ-MZP,Prayagraj Jn (PRYJ) - Mirzapur (MZP),UP_MAIN,695.414,695.803,0.389,Safety Critical Defect,Contact Wire Kink & Catenary Sag Emergency Splice,Critical (Immediate),None,8.4,48.1,94.0,148,20,Joint Traffic & Power Block,150,100,Emergency OHE Ladder Trolley,12,0,1,1,2026-09-25,2026-09-26,0.83,0.802,85.5,P1_CRITICAL,COMPAT_SNT_OHE_GENERAL
DEM-2026-TRD-10373,TDMS,Traction Distribution (TRD / OHE),NCR,PRYJ,NDLS-DDU Golden Diagonal HDN-1,FTP-PRYJ,Fatehpur (FTP) - Prayagraj Jn (PRYJ),UP_MAIN,565.659,566.006,0.347,Safety Critical Defect,Contact Wire Kink & Catenary Sag Emergency Splice,Critical (Immediate),None,19.8,97.1,108.5,111,20,Joint Traffic & Power Block,150,100,Emergency OHE Ladder Trolley,12,0,1,1,2026-09-23,2026-09-24,0.88,0.887,85.9,P1_CRITICAL,COMPAT_SNT_OHE_GENERAL
DEM-2026-ENG-10374,TMS,Engineering (Civil / Track),NCR,PRYJ,NDLS-DDU Golden Diagonal HDN-1,ETW-CNB,Etawah (ETW) - Kanpur Central (CNB),DN_MAIN,409.134,414.134,5.0,Routine Maintenance,Track Tamping and Alignment (CSM Machine),Medium (Within 7d),None,8.5,55.9,110.2,75,75,Traffic Block,240,180,CSM_09_32 / DTS_3D,12,1,0,0,2026-09-25,2026-10-06,0.521,0.77,55.7,P3_MEDIUM,COMPAT_SURFACE_PWAY
DEM-2026-SNT-10375,SMMS,Signalling & Telecom (S&T),NCR,DLI,NDLS-DDU Golden Diagonal HDN-1,GZB-ALJN,Ghaziabad (GZB) - Aligarh (ALJN),UP_MAIN,83.618,87.118,3.5,Routine Maintenance,Track Circuit Glued Joint Bonding & Meggering,Medium (Within 7d),None,19.9,115.9,85.5,154,80,Traffic Block,120,90,Insulation Megger Tester,6,0,0,0,2026-09-24,2026-10-06,0.418,0.614,53.9,P3_MEDIUM,COMPAT_SURFACE_PWAY
DEM-2026-SNT-10376,SMMS,Signalling & Telecom (S&T),NCR,PRYJ,NDLS-DDU Golden Diagonal HDN-1,PRYJ-MZP,Prayagraj Jn (PRYJ) - Mirzapur (MZP),UP_MAIN,631.63,632.289,0.659,Safety Critical Defect,Digital Axle Counter (DAC) Head Sensor Replacement,Critical (Immediate),None,11.0,61.2,94.0,271,50,Traffic Block,90,60,DAC Calibration Rig,5,0,0,0,2026-09-25,2026-09-26,0.849,0.733,86.7,P1_CRITICAL,COMPAT_SNT_OHE_GENERAL
DEM-2026-ENG-10377,TMS,Engineering (Civil / Track),NCR,DLI,NDLS-DDU Golden Diagonal HDN-1,ALJN-TDL,Aligarh (ALJN) - Tundla (TDL),DN_MAIN,126.881,127.129,0.248,Safety Critical Defect,USFD Defect Rail Replacement (IMR Flaw),Critical (Immediate),IMR,13.2,65.8,92.0,146,30,Traffic Block,180,120,PQRS_Crane / Rail Tensor,18,1,0,1,2026-09-23,2026-09-25,0.817,0.767,83.4,P1_CRITICAL,COMPAT_TRACK_HEAVY
DEM-2026-SNT-10378,SMMS,Signalling & Telecom (S&T),NCR,PRYJ,NDLS-DDU Golden Diagonal HDN-1,CNB-FTP,Kanpur Central (CNB) - Fatehpur (FTP),DN_MAIN,462.261,465.761,3.5,Routine Maintenance,Track Circuit Glued Joint Bonding & Meggering,Medium (Within 7d),None,9.9,52.1,105.0,204,80,Traffic Block,120,90,Insulation Megger Tester,6,0,0,0,2026-09-24,2026-10-03,0.388,0.728,56.4,P3_MEDIUM,COMPAT_SURFACE_PWAY
DEM-2026-TRD-10379,TDMS,Traction Distribution (TRD / OHE),NCR,PRYJ,NDLS-DDU Golden Diagonal HDN-1,MZP-DDU,Mirzapur (MZP) - Pt. DD Upadhyaya (DDU),UP_MAIN,757.504,758.004,0.5,Pre-Monsoon Precaution,OHE 25kV Live Feeder Tree Trimming & Neutral Section Check,Low (Planned Monthly),None,16.1,94.6,118.0,235,110,Joint Traffic & Power Block,120,60,Insulated Bucket Truck / Tower Wagon,10,1,1,0,2026-09-23,2026-09-30,0.263,0.734,48.8,P3_MEDIUM,COMPAT_SNT_OHE_GENERAL
DEM-2026-SNT-10380,SMMS,Signalling & Telecom (S&T),NCR,DLI,NDLS-DDU Golden Diagonal HDN-1,TDL-ETW,Tundla (TDL) - Etawah (ETW),DN_MAIN,241.305,241.499,0.194,Safety Critical Defect,Digital Axle Counter (DAC) Head Sensor Replacement,Critical (Immediate),None,19.8,107.9,96.4,175,50,Traffic Block,90,60,DAC Calibration Rig,5,0,0,0,2026-09-24,2026-09-26,0.937,0.747,90.5,P1_CRITICAL,COMPAT_SNT_OHE_GENERAL
DEM-2026-ENG-10381,TMS,Engineering (Civil / Track),NCR,DLI,NDLS-DDU Golden Diagonal HDN-1,GZB-ALJN,Ghaziabad (GZB) - Aligarh (ALJN),DN_MAIN,26.154,28.154,2.0,Routine Maintenance,Track Tamping and Alignment (CSM Machine),Medium (Within 7d),None,11.0,63.9,85.5,244,75,Traffic Block,240,180,CSM_09_32 / DTS_3D,12,1,0,0,2026-09-24,2026-10-02,0.479,0.626,60.4,P3_MEDIUM,COMPAT_SURFACE_PWAY
DEM-2026-TRD-10382,TDMS,Traction Distribution (TRD / OHE),NCR,PRYJ,NDLS-DDU Golden Diagonal HDN-1,FTP-PRYJ,Fatehpur (FTP) - Prayagraj Jn (PRYJ),3RD_LINE,551.028,554.528,3.5,Asset Renewal,25 kV OHE Catenary & Contact Wire Stringing Renewal,High (Within 48h),None,3.5,33.5,108.5,115,45,Joint Traffic & Power Block,300,240,OHE Wiring Train & Tensioning Rig,22,0,1,1,2026-09-23,2026-09-28,0.677,0.829,73.5,P2_HIGH,COMPAT_DEEP_CLEANING
DEM-2026-ENG-10383,TMS,Engineering (Civil / Track),NCR,PRYJ,NDLS-DDU Golden Diagonal HDN-1,CNB-FTP,Kanpur Central (CNB) - Fatehpur (FTP),DN_MAIN,471.318,474.818,3.5,Pre-Monsoon Precaution,Bridge Bearings Inspection & Girder Greasing,Medium (Within 7d),None,19.7,99.9,105.0,160,60,Traffic Block,150,90,Bridge Inspection Unit,10,0,0,0,2026-09-23,2026-09-30,0.411,0.774,58.9,P3_MEDIUM,COMPAT_BRIDGE_STRUCT
DEM-2026-TRD-10384,TDMS,Traction Distribution (TRD / OHE),NCR,PRYJ,NDLS-DDU Golden Diagonal HDN-1,FTP-PRYJ,Fatehpur (FTP) - Prayagraj Jn (PRYJ),DN_MAIN,557.727,558.227,0.5,Pre-Monsoon Precaution,OHE 25kV Live Feeder Tree Trimming & Neutral Section Check,Low (Planned Monthly),None,2.7,13.8,108.5,174,110,Joint Traffic & Power Block,120,60,Insulated Bucket Truck / Tower Wagon,10,1,1,0,2026-09-24,2026-10-16,0.16,0.679,42.9,P4_LOW,COMPAT_SNT_OHE_GENERAL
DEM-2026-SNT-10385,SMMS,Signalling & Telecom (S&T),NCR,PRYJ,NDLS-DDU Golden Diagonal HDN-1,PRYJ-MZP,Prayagraj Jn (PRYJ) - Mirzapur (MZP),DN_MAIN,690.945,695.945,5.0,Routine Maintenance,Track Circuit Glued Joint Bonding & Meggering,Medium (Within 7d),None,21.3,108.9,94.0,108,80,Traffic Block,120,90,Insulation Megger Tester,6,0,0,0,2026-09-23,2026-09-30,0.505,0.664,54.7,P3_MEDIUM,COMPAT_SURFACE_PWAY
DEM-2026-TRD-10386,TDMS,Traction Distribution (TRD / OHE),NCR,PRYJ,NDLS-DDU Golden Diagonal HDN-1,CNB-FTP,Kanpur Central (CNB) - Fatehpur (FTP),3RD_LINE,450.688,454.188,3.5,Routine Maintenance,OHE Periodic Annual Overhaul (AOH) & Dropper Regulation,Medium (Within 7d),None,3.2,7.9,105.0,256,90,Joint Traffic & Power Block,180,120,8-Wheeler OHE Tower Wagon,14,1,1,0,2026-09-25,2026-10-01,0.432,0.705,61.3,P3_MEDIUM,COMPAT_SNT_OHE_GENERAL
DEM-2026-ENG-10387,TMS,Engineering (Civil / Track),NCR,DLI,NDLS-DDU Golden Diagonal HDN-1,ALJN-TDL,Aligarh (ALJN) - Tundla (TDL),UP_MAIN,132.281,135.781,3.5,Routine Maintenance,Track Tamping and Alignment (CSM Machine),Medium (Within 7d),None,7.5,34.9,92.0,159,75,Traffic Block,240,180,CSM_09_32 / DTS_3D,12,1,0,0,2026-09-23,2026-09-30,0.406,0.664,56.0,P3_MEDIUM,COMPAT_SURFACE_PWAY
DEM-2026-ENG-10388,TMS,Engineering (Civil / Track),NCR,DLI,NDLS-DDU Golden Diagonal HDN-1,TDL-ETW,Tundla (TDL) - Etawah (ETW),UP_MAIN,280.143,282.143,2.0,Asset Renewal,Ballast Cleaning & Deep Screening (BCM),High (Within 48h),None,19.1,99.5,96.4,153,45,Joint Traffic & Power Block,360,240,BCM_800 / DGS,28,1,1,1,2026-09-23,2026-09-26,0.671,0.758,73.8,P2_HIGH,COMPAT_DEEP_CLEANING
DEM-2026-TRD-10389,TDMS,Traction Distribution (TRD / OHE),NCR,PRYJ,NDLS-DDU Golden Diagonal HDN-1,MZP-DDU,Mirzapur (MZP) - Pt. DD Upadhyaya (DDU),3RD_LINE,742.316,747.316,5.0,Pre-Monsoon Precaution,OHE 25kV Live Feeder Tree Trimming & Neutral Section Check,Low (Planned Monthly),None,7.5,37.9,118.0,130,110,Joint Traffic & Power Block,120,60,Insulated Bucket Truck / Tower Wagon,10,1,1,0,2026-09-24,2026-10-21,0.253,0.734,44.2,P4_LOW,COMPAT_SNT_OHE_GENERAL
DEM-2026-ENG-10390,TMS,Engineering (Civil / Track),NCR,PRYJ,NDLS-DDU Golden Diagonal HDN-1,FTP-PRYJ,Fatehpur (FTP) - Prayagraj Jn (PRYJ),DN_MAIN,514.166,519.166,5.0,Asset Renewal,Ballast Cleaning & Deep Screening (BCM),High (Within 48h),None,18.1,105.9,108.5,190,45,Joint Traffic & Power Block,360,240,BCM_800 / DGS,28,1,1,1,2026-09-22,2026-09-27,0.613,0.829,74.5,P2_HIGH,COMPAT_DEEP_CLEANING
DEM-2026-ENG-10391,TMS,Engineering (Civil / Track),NCR,PRYJ,NDLS-DDU Golden Diagonal HDN-1,MZP-DDU,Mirzapur (MZP) - Pt. DD Upadhyaya (DDU),DN_MAIN,742.041,744.041,2.0,Asset Renewal,Rail Grinding for Rolling Contact Fatigue (RGM),Medium (Within 7d),OBS,13.5,81.4,118.0,205,90,Traffic Block,300,210,RGM_72,16,1,0,0,2026-09-25,2026-10-05,0.345,0.781,56.0,P3_MEDIUM,COMPAT_SURFACE_PWAY
DEM-2026-ENG-10392,TMS,Engineering (Civil / Track),NCR,PRYJ,NDLS-DDU Golden Diagonal HDN-1,PRYJ-MZP,Prayagraj Jn (PRYJ) - Mirzapur (MZP),UP_MAIN,682.232,682.912,0.68,Safety Critical Defect,Thermit Weld Collar Fracturing Repair,Critical (Immediate),REM,5.6,20.4,94.0,136,30,Traffic Block,120,90,Thermit Welding Kit / Gang,15,0,0,1,2026-09-24,2026-09-26,0.883,0.779,84.8,P1_CRITICAL,COMPAT_TRACK_HEAVY
DEM-2026-ENG-10393,TMS,Engineering (Civil / Track),NCR,PRYJ,NDLS-DDU Golden Diagonal HDN-1,CNB-FTP,Kanpur Central (CNB) - Fatehpur (FTP),DN_MAIN,448.589,448.892,0.303,Safety Critical Defect,USFD Defect Rail Replacement (IMR Flaw),Critical (Immediate),IMR,14.4,80.5,105.0,153,30,Traffic Block,180,120,PQRS_Crane / Rail Tensor,18,1,0,1,2026-09-23,2026-09-25,0.92,0.843,89.8,P1_CRITICAL,COMPAT_TRACK_HEAVY
DEM-2026-ENG-10394,TMS,Engineering (Civil / Track),NCR,PRYJ,NDLS-DDU Golden Diagonal HDN-1,FTP-PRYJ,Fatehpur (FTP) - Prayagraj Jn (PRYJ),UP_MAIN,515.445,515.945,0.5,Pre-Monsoon Precaution,Bridge Bearings Inspection & Girder Greasing,Medium (Within 7d),None,6.9,28.3,108.5,238,60,Traffic Block,150,90,Bridge Inspection Unit,10,0,0,0,2026-09-22,2026-09-29,0.475,0.794,63.8,P3_MEDIUM,COMPAT_BRIDGE_STRUCT
DEM-2026-TRD-10395,TDMS,Traction Distribution (TRD / OHE),NCR,DLI,NDLS-DDU Golden Diagonal HDN-1,TDL-ETW,Tundla (TDL) - Etawah (ETW),UP_MAIN,241.192,244.692,3.5,Asset Renewal,25 kV OHE Catenary & Contact Wire Stringing Renewal,High (Within 48h),None,22.0,113.9,96.4,30,45,Joint Traffic & Power Block,300,240,OHE Wiring Train & Tensioning Rig,22,0,1,1,2026-09-23,2026-10-05,0.623,0.758,62.9,P3_MEDIUM,COMPAT_DEEP_CLEANING
DEM-2026-SNT-10396,SMMS,Signalling & Telecom (S&T),NCR,DLI,NDLS-DDU Golden Diagonal HDN-1,GZB-ALJN,Ghaziabad (GZB) - Aligarh (ALJN),DN_MAIN,75.677,76.877,1.2,Routine Maintenance,Point Machine Overhaul & Friction Clutch Testing,High (Within 48h),None,5.0,40.2,85.5,209,45,Traffic Block,120,90,S&T Tool Van / Multimeter Kit,6,0,0,0,2026-09-23,2026-09-26,0.732,0.695,77.4,P2_HIGH,COMPAT_TURNOUT_SNT
DEM-2026-ENG-10397,TMS,Engineering (Civil / Track),NCR,PRYJ,NDLS-DDU Golden Diagonal HDN-1,PRYJ-MZP,Prayagraj Jn (PRYJ) - Mirzapur (MZP),DN_MAIN,644.03,644.645,0.615,Safety Critical Defect,USFD Defect Rail Replacement (IMR Flaw),Critical (Immediate),IMR,3.0,25.0,94.0,120,30,Traffic Block,180,120,PQRS_Crane / Rail Tensor,18,1,0,1,2026-09-24,2026-09-26,0.875,0.779,84.1,P1_CRITICAL,COMPAT_TRACK_HEAVY
DEM-2026-TRD-10398,TDMS,Traction Distribution (TRD / OHE),NCR,DLI,NDLS-DDU Golden Diagonal HDN-1,TDL-ETW,Tundla (TDL) - Etawah (ETW),UP_MAIN,250.102,252.102,2.0,Pre-Monsoon Precaution,OHE 25kV Live Feeder Tree Trimming & Neutral Section Check,Low (Planned Monthly),None,11.1,54.5,96.4,198,110,Joint Traffic & Power Block,120,60,Insulated Bucket Truck / Tower Wagon,10,1,1,0,2026-09-23,2026-10-05,0.269,0.608,47.2,P3_MEDIUM,COMPAT_SNT_OHE_GENERAL
DEM-2026-TRD-10399,TDMS,Traction Distribution (TRD / OHE),NCR,DLI,NDLS-DDU Golden Diagonal HDN-1,ALJN-TDL,Aligarh (ALJN) - Tundla (TDL),UP_MAIN,127.123,129.123,2.0,Asset Renewal,25 kV OHE Catenary & Contact Wire Stringing Renewal,High (Within 48h),None,13.3,68.4,92.0,138,45,Joint Traffic & Power Block,300,240,OHE Wiring Train & Tensioning Rig,22,0,1,1,2026-09-25,2026-09-28,0.552,0.733,68.3,P2_HIGH,COMPAT_DEEP_CLEANING
DEM-2026-SNT-10400,SMMS,Signalling & Telecom (S&T),NCR,DLI,NDLS-DDU Golden Diagonal HDN-1,TDL-ETW,Tundla (TDL) - Etawah (ETW),DN_MAIN,217.956,218.12,0.164,Safety Critical Defect,Digital Axle Counter (DAC) Head Sensor Replacement,Critical (Immediate),None,14.0,87.9,96.4,44,50,Traffic Block,90,60,DAC Calibration Rig,5,0,0,0,2026-09-23,2026-09-28,0.792,0.747,73.0,P2_HIGH,COMPAT_SNT_OHE_GENERAL
DEM-2026-TRD-10401,TDMS,Traction Distribution (TRD / OHE),NCR,DLI,NDLS-DDU Golden Diagonal HDN-1,ALJN-TDL,Aligarh (ALJN) - Tundla (TDL),UP_MAIN,199.135,201.135,2.0,Asset Renewal,25 kV OHE Catenary & Contact Wire Stringing Renewal,High (Within 48h),None,17.9,92.7,92.0,112,45,Joint Traffic & Power Block,300,240,OHE Wiring Train & Tensioning Rig,22,0,1,1,2026-09-24,2026-09-28,0.555,0.733,66.3,P2_HIGH,COMPAT_DEEP_CLEANING
DEM-2026-SNT-10402,SMMS,Signalling & Telecom (S&T),NCR,DLI,NDLS-DDU Golden Diagonal HDN-1,TDL-ETW,Tundla (TDL) - Etawah (ETW),DN_MAIN,266.536,271.536,5.0,Asset Renewal,Electronic Interlocking (EI) Field Functional Testing,High (Within 48h),None,7.2,46.9,96.4,111,30,Traffic Block,240,180,EI Simulator & Logic Analyzer,8,0,0,1,2026-09-24,2026-09-29,0.675,0.793,72.0,P2_HIGH,COMPAT_INTERLOCKING
DEM-2026-TRD-10403,TDMS,Traction Distribution (TRD / OHE),NCR,PRYJ,NDLS-DDU Golden Diagonal HDN-1,FTP-PRYJ,Fatehpur (FTP) - Prayagraj Jn (PRYJ),3RD_LINE,614.049,619.049,5.0,Pre-Monsoon Precaution,OHE 25kV Live Feeder Tree Trimming & Neutral Section Check,Low (Planned Monthly),None,4.4,27.9,108.5,244,110,Joint Traffic & Power Block,120,60,Insulated Bucket Truck / Tower Wagon,10,1,1,0,2026-09-24,2026-10-15,0.156,0.679,43.2,P4_LOW,COMPAT_SNT_OHE_GENERAL
DEM-2026-SNT-10404,SMMS,Signalling & Telecom (S&T),NCR,PRYJ,NDLS-DDU Golden Diagonal HDN-1,MZP-DDU,Mirzapur (MZP) - Pt. DD Upadhyaya (DDU),UP_MAIN,738.932,740.132,1.2,Routine Maintenance,Integrated LED Signal Aspect Overhaul & Alignment,Low (Planned Monthly),None,19.5,106.1,118.0,200,110,Shadow / Disconnection Block,90,60,Signal Alignment Telescope,4,0,0,0,2026-09-24,2026-10-01,0.247,0.734,47.1,P3_MEDIUM,COMPAT_SNT_OHE_GENERAL
DEM-2026-ENG-10405,TMS,Engineering (Civil / Track),NCR,DLI,NDLS-DDU Golden Diagonal HDN-1,ALJN-TDL,Aligarh (ALJN) - Tundla (TDL),DN_MAIN,163.067,163.553,0.486,Safety Critical Defect,Thermit Weld Collar Fracturing Repair,Critical (Immediate),REM,13.9,69.2,92.0,178,30,Traffic Block,120,90,Thermit Welding Kit / Gang,15,0,0,1,2026-09-22,2026-09-23,0.802,0.767,84.4,P1_CRITICAL,COMPAT_TRACK_HEAVY
DEM-2026-SNT-10406,SMMS,Signalling & Telecom (S&T),NCR,DLI,NDLS-DDU Golden Diagonal HDN-1,TDL-ETW,Tundla (TDL) - Etawah (ETW),UP_MAIN,213.474,213.708,0.234,Safety Critical Defect,Digital Axle Counter (DAC) Head Sensor Replacement,Critical (Immediate),None,1.7,17.8,96.4,212,50,Traffic Block,90,60,DAC Calibration Rig,5,0,0,0,2026-09-22,2026-09-24,0.912,0.747,89.7,P1_CRITICAL,COMPAT_SNT_OHE_GENERAL
DEM-2026-TRD-10407,TDMS,Traction Distribution (TRD / OHE),NCR,PRYJ,NDLS-DDU Golden Diagonal HDN-1,FTP-PRYJ,Fatehpur (FTP) - Prayagraj Jn (PRYJ),UP_MAIN,514.446,515.646,1.2,Routine Maintenance,OHE Periodic Annual Overhaul (AOH) & Dropper Regulation,Medium (Within 7d),None,14.8,91.9,108.5,54,90,Joint Traffic & Power Block,180,120,8-Wheeler OHE Tower Wagon,14,1,1,0,2026-09-22,2026-10-03,0.412,0.725,50.2,P3_MEDIUM,COMPAT_SNT_OHE_GENERAL
DEM-2026-TRD-10408,TDMS,Traction Distribution (TRD / OHE),NCR,PRYJ,NDLS-DDU Golden Diagonal HDN-1,FTP-PRYJ,Fatehpur (FTP) - Prayagraj Jn (PRYJ),3RD_LINE,603.834,604.334,0.5,Routine Maintenance,Section Insulator & Motorized Isolator Contact Overhaul,Medium (Within 7d),None,18.3,89.5,108.5,34,80,Joint Traffic & Power Block,120,90,OHE Tower Wagon,8,1,1,0,2026-09-24,2026-10-06,0.476,0.748,51.0,P3_MEDIUM,COMPAT_TURNOUT_SNT
DEM-2026-SNT-10409,SMMS,Signalling & Telecom (S&T),NCR,DLI,NDLS-DDU Golden Diagonal HDN-1,ALJN-TDL,Aligarh (ALJN) - Tundla (TDL),UP_MAIN,133.541,134.741,1.2,Routine Maintenance,Point Machine Overhaul & Friction Clutch Testing,High (Within 48h),None,12.2,56.7,92.0,141,45,Traffic Block,120,90,S&T Tool Van / Multimeter Kit,6,0,0,0,2026-09-25,2026-09-28,0.675,0.733,72.1,P2_HIGH,COMPAT_TURNOUT_SNT
DEM-2026-TRD-10410,TDMS,Traction Distribution (TRD / OHE),NCR,DLI,NDLS-DDU Golden Diagonal HDN-1,ALJN-TDL,Aligarh (ALJN) - Tundla (TDL),DN_MAIN,175.561,176.061,0.5,Routine Maintenance,Traction Substation (TSS) 132/25kV Circuit Breaker Servicing,High (Within 48h),None,4.5,17.9,92.0,219,130,Power Block (OHE),240,180,Substation Testing Rig,9,0,1,0,2026-09-23,2026-09-28,0.661,0.537,71.6,P2_HIGH,COMPAT_SUBSTATION
DEM-2026-SNT-10411,SMMS,Signalling & Telecom (S&T),NCR,PRYJ,NDLS-DDU Golden Diagonal HDN-1,MZP-DDU,Mirzapur (MZP) - Pt. DD Upadhyaya (DDU),DN_MAIN,775.984,777.984,2.0,Routine Maintenance,Integrated LED Signal Aspect Overhaul & Alignment,Low (Planned Monthly),None,18.7,95.9,118.0,234,110,Shadow / Disconnection Block,90,60,Signal Alignment Telescope,4,0,0,0,2026-09-23,2026-10-01,0.257,0.734,47.6,P3_MEDIUM,COMPAT_SNT_OHE_GENERAL
DEM-2026-SNT-10412,SMMS,Signalling & Telecom (S&T),NCR,PRYJ,NDLS-DDU Golden Diagonal HDN-1,ETW-CNB,Etawah (ETW) - Kanpur Central (CNB),DN_MAIN,330.429,333.929,3.5,Pre-Monsoon Precaution,Main Signalling Cable Insulation Meggering & Trenching Check,Medium (Within 7d),None,10.4,53.9,110.2,31,100,Shadow / Disconnection Block,180,120,Cable Fault Locator Unit,7,0,0,0,2026-09-22,2026-10-02,0.536,0.712,52.4,P3_MEDIUM,COMPAT_SNT_OHE_GENERAL
DEM-2026-ENG-10413,TMS,Engineering (Civil / Track),NCR,DLI,NDLS-DDU Golden Diagonal HDN-1,TDL-ETW,Tundla (TDL) - Etawah (ETW),DN_MAIN,223.012,225.012,2.0,Routine Maintenance,Track Tamping and Alignment (CSM Machine),Medium (Within 7d),None,1.5,22.2,96.4,155,75,Traffic Block,240,180,CSM_09_32 / DTS_3D,12,1,0,0,2026-09-23,2026-10-03,0.521,0.689,61.2,P3_MEDIUM,COMPAT_SURFACE_PWAY
DEM-2026-TRD-10414,TDMS,Traction Distribution (TRD / OHE),NCR,DLI,NDLS-DDU Golden Diagonal HDN-1,ALJN-TDL,Aligarh (ALJN) - Tundla (TDL),UP_MAIN,136.311,136.668,0.357,Safety Critical Defect,Contact Wire Kink & Catenary Sag Emergency Splice,Critical (Immediate),None,13.2,63.0,92.0,167,20,Joint Traffic & Power Block,150,100,Emergency OHE Ladder Trolley,12,0,1,1,2026-09-23,2026-09-25,0.798,0.791,85.4,P1_CRITICAL,COMPAT_SNT_OHE_GENERAL
DEM-2026-SNT-10415,SMMS,Signalling & Telecom (S&T),NCR,DLI,NDLS-DDU Golden Diagonal HDN-1,ALJN-TDL,Aligarh (ALJN) - Tundla (TDL),DN_MAIN,162.377,163.106,0.729,Safety Critical Defect,Digital Axle Counter (DAC) Head Sensor Replacement,Critical (Immediate),None,15.8,93.6,92.0,62,50,Traffic Block,90,60,DAC Calibration Rig,5,0,0,0,2026-09-22,2026-09-26,0.899,0.721,78.9,P2_HIGH,COMPAT_SNT_OHE_GENERAL
DEM-2026-SNT-10416,SMMS,Signalling & Telecom (S&T),NCR,PRYJ,NDLS-DDU Golden Diagonal HDN-1,PRYJ-MZP,Prayagraj Jn (PRYJ) - Mirzapur (MZP),UP_MAIN,656.748,660.248,3.5,Routine Maintenance,Track Circuit Glued Joint Bonding & Meggering,Medium (Within 7d),None,9.7,64.5,94.0,130,80,Traffic Block,120,90,Insulation Megger Tester,6,0,0,0,2026-09-22,2026-10-04,0.479,0.664,55.3,P3_MEDIUM,COMPAT_SURFACE_PWAY
DEM-2026-ENG-10417,TMS,Engineering (Civil / Track),NCR,PRYJ,NDLS-DDU Golden Diagonal HDN-1,PRYJ-MZP,Prayagraj Jn (PRYJ) - Mirzapur (MZP),UP_MAIN,654.302,654.797,0.495,Safety Critical Defect,USFD Defect Rail Replacement (IMR Flaw),Critical (Immediate),IMR,7.9,50.4,94.0,92,30,Traffic Block,180,120,PQRS_Crane / Rail Tensor,18,1,0,1,2026-09-25,2026-09-30,0.79,0.779,77.9,P2_HIGH,COMPAT_TRACK_HEAVY
DEM-2026-TRD-10418,TDMS,Traction Distribution (TRD / OHE),NCR,PRYJ,NDLS-DDU Golden Diagonal HDN-1,MZP-DDU,Mirzapur (MZP) - Pt. DD Upadhyaya (DDU),3RD_LINE,729.436,731.436,2.0,Routine Maintenance,OHE Periodic Annual Overhaul (AOH) & Dropper Regulation,Medium (Within 7d),None,17.5,81.9,118.0,186,90,Joint Traffic & Power Block,180,120,8-Wheeler OHE Tower Wagon,14,1,1,0,2026-09-22,2026-10-02,0.32,0.781,57.4,P3_MEDIUM,COMPAT_SNT_OHE_GENERAL
DEM-2026-ENG-10419,TMS,Engineering (Civil / Track),NCR,PRYJ,NDLS-DDU Golden Diagonal HDN-1,PRYJ-MZP,Prayagraj Jn (PRYJ) - Mirzapur (MZP),DN_MAIN,664.149,665.349,1.2,Pre-Monsoon Precaution,Bridge Bearings Inspection & Girder Greasing,Medium (Within 7d),None,17.0,89.4,94.0,115,60,Traffic Block,150,90,Bridge Inspection Unit,10,0,0,0,2026-09-23,2026-10-04,0.417,0.71,54.5,P3_MEDIUM,COMPAT_BRIDGE_STRUCT
DEM-2026-ENG-10420,TMS,Engineering (Civil / Track),NCR,PRYJ,NDLS-DDU Golden Diagonal HDN-1,ETW-CNB,Etawah (ETW) - Kanpur Central (CNB),UP_MAIN,354.274,359.274,5.0,Asset Renewal,Rail Grinding for Rolling Contact Fatigue (RGM),Medium (Within 7d),OBS,2.9,24.7,110.2,230,90,Traffic Block,300,210,RGM_72,16,1,0,0,2026-09-24,2026-10-01,0.388,0.735,57.2,P3_MEDIUM,COMPAT_SURFACE_PWAY
DEM-2026-TRD-10421,TDMS,Traction Distribution (TRD / OHE),NCR,PRYJ,NDLS-DDU Golden Diagonal HDN-1,FTP-PRYJ,Fatehpur (FTP) - Prayagraj Jn (PRYJ),3RD_LINE,531.703,533.703,2.0,Asset Renewal,25 kV OHE Catenary & Contact Wire Stringing Renewal,High (Within 48h),None,13.9,89.2,108.5,240,45,Joint Traffic & Power Block,300,240,OHE Wiring Train & Tensioning Rig,22,0,1,1,2026-09-22,2026-09-26,0.687,0.829,79.4,P2_HIGH,COMPAT_DEEP_CLEANING
DEM-2026-TRD-10422,TDMS,Traction Distribution (TRD / OHE),NCR,PRYJ,NDLS-DDU Golden Diagonal HDN-1,ETW-CNB,Etawah (ETW) - Kanpur Central (CNB),UP_MAIN,398.673,399.37,0.697,Safety Critical Defect,Contact Wire Kink & Catenary Sag Emergency Splice,Critical (Immediate),None,3.4,8.6,110.2,89,20,Joint Traffic & Power Block,150,100,Emergency OHE Ladder Trolley,12,0,1,1,2026-09-22,2026-09-24,0.954,0.897,87.6,P1_CRITICAL,COMPAT_SNT_OHE_GENERAL
DEM-2026-SNT-10423,SMMS,Signalling & Telecom (S&T),NCR,PRYJ,NDLS-DDU Golden Diagonal HDN-1,FTP-PRYJ,Fatehpur (FTP) - Prayagraj Jn (PRYJ),3RD_LINE,562.732,563.232,0.5,Routine Maintenance,Track Circuit Glued Joint Bonding & Meggering,Medium (Within 7d),None,8.0,52.2,108.5,122,80,Traffic Block,120,90,Insulation Megger Tester,6,0,0,0,2026-09-24,2026-10-04,0.349,0.748,50.1,P3_MEDIUM,COMPAT_SURFACE_PWAY
DEM-2026-TRD-10424,TDMS,Traction Distribution (TRD / OHE),NCR,PRYJ,NDLS-DDU Golden Diagonal HDN-1,MZP-DDU,Mirzapur (MZP) - Pt. DD Upadhyaya (DDU),3RD_LINE,758.052,758.62,0.568,Safety Critical Defect,Contact Wire Kink & Catenary Sag Emergency Splice,Critical (Immediate),None,8.9,61.7,118.0,36,20,Joint Traffic & Power Block,150,100,Emergency OHE Ladder Trolley,12,0,1,1,2026-09-24,2026-09-27,0.831,0.942,78.3,P2_HIGH,COMPAT_SNT_OHE_GENERAL
DEM-2026-ENG-10425,TMS,Engineering (Civil / Track),NCR,PRYJ,NDLS-DDU Golden Diagonal HDN-1,ETW-CNB,Etawah (ETW) - Kanpur Central (CNB),DN_MAIN,424.071,424.218,0.147,Safety Critical Defect,Thermit Weld Collar Fracturing Repair,Critical (Immediate),REM,14.9,84.4,110.2,198,30,Traffic Block,120,90,Thermit Welding Kit / Gang,15,0,0,1,2026-09-24,2026-09-25,0.953,0.874,93.0,P1_CRITICAL,COMPAT_TRACK_HEAVY
DEM-2026-SNT-10426,SMMS,Signalling & Telecom (S&T),NCR,PRYJ,NDLS-DDU Golden Diagonal HDN-1,PRYJ-MZP,Prayagraj Jn (PRYJ) - Mirzapur (MZP),UP_MAIN,710.5,711.0,0.5,Routine Maintenance,Integrated LED Signal Aspect Overhaul & Alignment,Low (Planned Monthly),None,20.0,104.5,94.0,59,110,Shadow / Disconnection Block,90,60,Signal Alignment Telescope,4,0,0,0,2026-09-25,2026-10-24,0.135,0.594,29.9,P4_LOW,COMPAT_SNT_OHE_GENERAL
DEM-2026-ENG-10427,TMS,Engineering (Civil / Track),NCR,DLI,NDLS-DDU Golden Diagonal HDN-1,GZB-ALJN,Ghaziabad (GZB) - Aligarh (ALJN),UP_MAIN,51.255,54.755,3.5,Pre-Monsoon Precaution,Bridge Bearings Inspection & Girder Greasing,Medium (Within 7d),None,9.3,41.2,85.5,191,60,Traffic Block,150,90,Bridge Inspection Unit,10,0,0,0,2026-09-24,2026-10-02,0.464,0.66,61.3,P3_MEDIUM,COMPAT_BRIDGE_STRUCT
DEM-2026-SNT-10428,SMMS,Signalling & Telecom (S&T),NCR,PRYJ,NDLS-DDU Golden Diagonal HDN-1,ETW-CNB,Etawah (ETW) - Kanpur Central (CNB),DN_MAIN,330.916,334.416,3.5,Pre-Monsoon Precaution,Main Signalling Cable Insulation Meggering & Trenching Check,Medium (Within 7d),None,19.7,112.9,110.2,29,100,Shadow / Disconnection Block,180,120,Cable Fault Locator Unit,7,0,0,0,2026-09-23,2026-10-01,0.527,0.712,51.8,P3_MEDIUM,COMPAT_SNT_OHE_GENERAL
DEM-2026-SNT-10429,SMMS,Signalling & Telecom (S&T),NCR,DLI,NDLS-DDU Golden Diagonal HDN-1,TDL-ETW,Tundla (TDL) - Etawah (ETW),DN_MAIN,216.148,219.648,3.5,Pre-Monsoon Precaution,Main Signalling Cable Insulation Meggering & Trenching Check,Medium (Within 7d),None,11.9,69.8,96.4,130,100,Shadow / Disconnection Block,180,120,Cable Fault Locator Unit,7,0,0,0,2026-09-23,2026-10-03,0.4,0.632,53.3,P3_MEDIUM,COMPAT_SNT_OHE_GENERAL
DEM-2026-SNT-10430,SMMS,Signalling & Telecom (S&T),NCR,PRYJ,NDLS-DDU Golden Diagonal HDN-1,PRYJ-MZP,Prayagraj Jn (PRYJ) - Mirzapur (MZP),DN_MAIN,665.404,666.604,1.2,Routine Maintenance,Track Circuit Glued Joint Bonding & Meggering,Medium (Within 7d),None,5.3,20.7,94.0,117,80,Traffic Block,120,90,Insulation Megger Tester,6,0,0,0,2026-09-23,2026-10-01,0.507,0.664,55.5,P3_MEDIUM,COMPAT_SURFACE_PWAY
DEM-2026-TRD-10431,TDMS,Traction Distribution (TRD / OHE),NCR,PRYJ,NDLS-DDU Golden Diagonal HDN-1,PRYJ-MZP,Prayagraj Jn (PRYJ) - Mirzapur (MZP),UP_MAIN,705.413,707.413,2.0,Pre-Monsoon Precaution,OHE 25kV Live Feeder Tree Trimming & Neutral Section Check,Low (Planned Monthly),None,2.4,18.0,94.0,74,110,Joint Traffic & Power Block,120,60,Insulated Bucket Truck / Tower Wagon,10,1,1,0,2026-09-22,2026-10-09,0.135,0.594,32.2,P4_LOW,COMPAT_SNT_OHE_GENERAL
DEM-2026-SNT-10432,SMMS,Signalling & Telecom (S&T),NCR,PRYJ,NDLS-DDU Golden Diagonal HDN-1,FTP-PRYJ,Fatehpur (FTP) - Prayagraj Jn (PRYJ),DN_MAIN,561.952,563.952,2.0,Routine Maintenance,Track Circuit Glued Joint Bonding & Meggering,Medium (Within 7d),None,4.2,16.6,108.5,81,80,Traffic Block,120,90,Insulation Megger Tester,6,0,0,0,2026-09-24,2026-10-06,0.344,0.748,46.4,P3_MEDIUM,COMPAT_SURFACE_PWAY
DEM-2026-ENG-10433,TMS,Engineering (Civil / Track),NCR,PRYJ,NDLS-DDU Golden Diagonal HDN-1,ETW-CNB,Etawah (ETW) - Kanpur Central (CNB),UP_MAIN,344.68,345.262,0.582,Safety Critical Defect,USFD Defect Rail Replacement (IMR Flaw),Critical (Immediate),IMR,11.0,60.1,110.2,254,30,Traffic Block,180,120,PQRS_Crane / Rail Tensor,18,1,0,1,2026-09-23,2026-09-25,0.922,0.874,92.6,P1_CRITICAL,COMPAT_TRACK_HEAVY
DEM-2026-TRD-10434,TDMS,Traction Distribution (TRD / OHE),NCR,PRYJ,NDLS-DDU Golden Diagonal HDN-1,PRYJ-MZP,Prayagraj Jn (PRYJ) - Mirzapur (MZP),DN_MAIN,643.524,643.647,0.123,Safety Critical Defect,Contact Wire Kink & Catenary Sag Emergency Splice,Critical (Immediate),None,17.1,76.0,94.0,152,20,Joint Traffic & Power Block,150,100,Emergency OHE Ladder Trolley,12,0,1,1,2026-09-23,2026-09-24,0.97,0.802,92.1,P1_CRITICAL,COMPAT_SNT_OHE_GENERAL
DEM-2026-ENG-10435,TMS,Engineering (Civil / Track),NCR,PRYJ,NDLS-DDU Golden Diagonal HDN-1,ETW-CNB,Etawah (ETW) - Kanpur Central (CNB),UP_MAIN,413.496,416.996,3.5,Routine Maintenance,Points & Crossing Turnout Tamping (UNIMAT),High (Within 48h),None,15.4,93.0,110.2,140,50,Traffic Block,180,120,UNIMAT_08_4S,14,1,0,1,2026-09-25,2026-09-28,0.644,0.827,71.6,P2_HIGH,COMPAT_TURNOUT_SNT
DEM-2026-TRD-10436,TDMS,Traction Distribution (TRD / OHE),NCR,PRYJ,NDLS-DDU Golden Diagonal HDN-1,FTP-PRYJ,Fatehpur (FTP) - Prayagraj Jn (PRYJ),DN_MAIN,576.199,581.199,5.0,Routine Maintenance,Traction Substation (TSS) 132/25kV Circuit Breaker Servicing,High (Within 48h),None,12.0,76.3,108.5,33,130,Power Block (OHE),240,180,Substation Testing Rig,9,0,1,0,2026-09-25,2026-10-04,0.665,0.633,60.9,P3_MEDIUM,COMPAT_SUBSTATION
DEM-2026-TRD-10437,TDMS,Traction Distribution (TRD / OHE),NCR,DLI,NDLS-DDU Golden Diagonal HDN-1,GZB-ALJN,Ghaziabad (GZB) - Aligarh (ALJN),UP_MAIN,120.843,121.343,0.5,Routine Maintenance,Section Insulator & Motorized Isolator Contact Overhaul,Medium (Within 7d),None,12.7,69.0,85.5,39,80,Joint Traffic & Power Block,120,90,OHE Tower Wagon,8,1,1,0,2026-09-25,2026-10-22,0.346,0.614,43.5,P4_LOW,COMPAT_TURNOUT_SNT
DEM-2026-TRD-10438,TDMS,Traction Distribution (TRD / OHE),NCR,PRYJ,NDLS-DDU Golden Diagonal HDN-1,CNB-FTP,Kanpur Central (CNB) - Fatehpur (FTP),DN_MAIN,456.934,457.434,0.5,Routine Maintenance,Section Insulator & Motorized Isolator Contact Overhaul,Medium (Within 7d),None,15.5,94.6,105.0,251,80,Joint Traffic & Power Block,120,90,OHE Tower Wagon,8,1,1,0,2026-09-22,2026-10-01,0.499,0.728,63.9,P3_MEDIUM,COMPAT_TURNOUT_SNT
DEM-2026-SNT-10439,SMMS,Signalling & Telecom (S&T),NCR,DLI,NDLS-DDU Golden Diagonal HDN-1,ALJN-TDL,Aligarh (ALJN) - Tundla (TDL),UP_MAIN,166.707,170.207,3.5,Pre-Monsoon Precaution,Main Signalling Cable Insulation Meggering & Trenching Check,Medium (Within 7d),None,9.7,52.0,92.0,105,100,Shadow / Disconnection Block,180,120,Cable Fault Locator Unit,7,0,0,0,2026-09-23,2026-10-04,0.409,0.606,51.2,P3_MEDIUM,COMPAT_SNT_OHE_GENERAL
DEM-2026-ENG-10440,TMS,Engineering (Civil / Track),NCR,PRYJ,NDLS-DDU Golden Diagonal HDN-1,MZP-DDU,Mirzapur (MZP) - Pt. DD Upadhyaya (DDU),UP_MAIN,755.239,755.837,0.598,Safety Critical Defect,Thermit Weld Collar Fracturing Repair,Critical (Immediate),REM,4.4,34.0,118.0,60,30,Traffic Block,120,90,Thermit Welding Kit / Gang,15,0,0,1,2026-09-24,2026-09-28,0.803,0.919,76.9,P2_HIGH,COMPAT_TRACK_HEAVY
DEM-2026-TRD-10441,TDMS,Traction Distribution (TRD / OHE),NCR,DLI,NDLS-DDU Golden Diagonal HDN-1,ALJN-TDL,Aligarh (ALJN) - Tundla (TDL),DN_MAIN,171.599,172.799,1.2,Pre-Monsoon Precaution,OHE 25kV Live Feeder Tree Trimming & Neutral Section Check,Low (Planned Monthly),None,9.0,46.4,92.0,101,110,Joint Traffic & Power Block,120,60,Insulated Bucket Truck / Tower Wagon,10,1,1,0,2026-09-23,2026-10-10,0.273,0.583,40.4,P4_LOW,COMPAT_SNT_OHE_GENERAL
DEM-2026-SNT-10442,SMMS,Signalling & Telecom (S&T),NCR,DLI,NDLS-DDU Golden Diagonal HDN-1,TDL-ETW,Tundla (TDL) - Etawah (ETW),UP_MAIN,241.133,243.133,2.0,Routine Maintenance,Point Machine Overhaul & Friction Clutch Testing,High (Within 48h),None,16.3,100.3,96.4,161,45,Traffic Block,120,90,S&T Tool Van / Multimeter Kit,6,0,0,0,2026-09-23,2026-09-26,0.688,0.758,74.7,P2_HIGH,COMPAT_TURNOUT_SNT
DEM-2026-TRD-10443,TDMS,Traction Distribution (TRD / OHE),NCR,PRYJ,NDLS-DDU Golden Diagonal HDN-1,ETW-CNB,Etawah (ETW) - Kanpur Central (CNB),UP_MAIN,297.654,301.154,3.5,Asset Renewal,25 kV OHE Catenary & Contact Wire Stringing Renewal,High (Within 48h),None,19.0,101.3,110.2,16,45,Joint Traffic & Power Block,300,240,OHE Wiring Train & Tensioning Rig,22,0,1,1,2026-09-23,2026-09-27,0.684,0.839,65.7,P2_HIGH,COMPAT_DEEP_CLEANING
DEM-2026-TRD-10444,TDMS,Traction Distribution (TRD / OHE),NCR,PRYJ,NDLS-DDU Golden Diagonal HDN-1,ETW-CNB,Etawah (ETW) - Kanpur Central (CNB),DN_MAIN,306.759,311.759,5.0,Routine Maintenance,Section Insulator & Motorized Isolator Contact Overhaul,Medium (Within 7d),None,1.1,22.0,110.2,156,80,Joint Traffic & Power Block,120,90,OHE Tower Wagon,8,1,1,0,2026-09-23,2026-10-03,0.449,0.758,60.1,P3_MEDIUM,COMPAT_TURNOUT_SNT
DEM-2026-ENG-10445,TMS,Engineering (Civil / Track),NCR,DLI,NDLS-DDU Golden Diagonal HDN-1,GZB-ALJN,Ghaziabad (GZB) - Aligarh (ALJN),UP_MAIN,55.775,55.977,0.202,Safety Critical Defect,Thermit Weld Collar Fracturing Repair,Critical (Immediate),REM,1.7,15.8,85.5,166,30,Traffic Block,120,90,Thermit Welding Kit / Gang,15,0,0,1,2026-09-22,2026-09-23,0.846,0.73,84.9,P1_CRITICAL,COMPAT_TRACK_HEAVY
DEM-2026-SNT-10446,SMMS,Signalling & Telecom (S&T),NCR,DLI,NDLS-DDU Golden Diagonal HDN-1,ALJN-TDL,Aligarh (ALJN) - Tundla (TDL),DN_MAIN,176.071,176.599,0.528,Safety Critical Defect,Digital Axle Counter (DAC) Head Sensor Replacement,Critical (Immediate),None,15.5,85.3,92.0,104,50,Traffic Block,90,60,DAC Calibration Rig,5,0,0,0,2026-09-22,2026-09-24,0.973,0.721,85.8,P1_CRITICAL,COMPAT_SNT_OHE_GENERAL
DEM-2026-ENG-10447,TMS,Engineering (Civil / Track),NCR,DLI,NDLS-DDU Golden Diagonal HDN-1,ALJN-TDL,Aligarh (ALJN) - Tundla (TDL),DN_MAIN,187.11,190.61,3.5,Routine Maintenance,Points & Crossing Turnout Tamping (UNIMAT),High (Within 48h),None,18.7,85.4,92.0,255,50,Traffic Block,180,120,UNIMAT_08_4S,14,1,0,1,2026-09-24,2026-09-29,0.58,0.721,70.4,P2_HIGH,COMPAT_TURNOUT_SNT
DEM-2026-ENG-10448,TMS,Engineering (Civil / Track),NCR,PRYJ,NDLS-DDU Golden Diagonal HDN-1,FTP-PRYJ,Fatehpur (FTP) - Prayagraj Jn (PRYJ),3RD_LINE,589.889,594.889,5.0,Routine Maintenance,Track Tamping and Alignment (CSM Machine),Medium (Within 7d),None,2.2,18.1,108.5,58,75,Traffic Block,240,180,CSM_09_32 / DTS_3D,12,1,0,0,2026-09-24,2026-10-05,0.416,0.76,49.5,P3_MEDIUM,COMPAT_SURFACE_PWAY
DEM-2026-ENG-10449,TMS,Engineering (Civil / Track),NCR,PRYJ,NDLS-DDU Golden Diagonal HDN-1,PRYJ-MZP,Prayagraj Jn (PRYJ) - Mirzapur (MZP),DN_MAIN,712.075,714.075,2.0,Pre-Monsoon Precaution,Bridge Bearings Inspection & Girder Greasing,Medium (Within 7d),None,20.5,110.9,94.0,268,60,Traffic Block,150,90,Bridge Inspection Unit,10,0,0,0,2026-09-25,2026-10-06,0.425,0.71,60.3,P3_MEDIUM,COMPAT_BRIDGE_STRUCT
DEM-2026-SNT-10450,SMMS,Signalling & Telecom (S&T),NCR,PRYJ,NDLS-DDU Golden Diagonal HDN-1,MZP-DDU,Mirzapur (MZP) - Pt. DD Upadhyaya (DDU),UP_MAIN,758.87,759.655,0.785,Safety Critical Defect,Digital Axle Counter (DAC) Head Sensor Replacement,Critical (Immediate),None,1.0,-4.3,118.0,74,50,Traffic Block,90,60,DAC Calibration Rig,5,0,0,0,2026-09-25,2026-09-26,0.927,0.873,83.5,P1_CRITICAL,COMPAT_SNT_OHE_GENERAL
DEM-2026-ENG-10451,TMS,Engineering (Civil / Track),NCR,PRYJ,NDLS-DDU Golden Diagonal HDN-1,PRYJ-MZP,Prayagraj Jn (PRYJ) - Mirzapur (MZP),UP_MAIN,695.917,697.117,1.2,Pre-Monsoon Precaution,Bridge Bearings Inspection & Girder Greasing,Medium (Within 7d),None,1.2,2.0,94.0,158,60,Traffic Block,150,90,Bridge Inspection Unit,10,0,0,0,2026-09-24,2026-09-30,0.361,0.71,55.6,P3_MEDIUM,COMPAT_BRIDGE_STRUCT
DEM-2026-TRD-10452,TDMS,Traction Distribution (TRD / OHE),NCR,PRYJ,NDLS-DDU Golden Diagonal HDN-1,CNB-FTP,Kanpur Central (CNB) - Fatehpur (FTP),3RD_LINE,443.481,445.481,2.0,Routine Maintenance,OHE Periodic Annual Overhaul (AOH) & Dropper Regulation,Medium (Within 7d),None,8.2,52.7,105.0,28,90,Joint Traffic & Power Block,180,120,8-Wheeler OHE Tower Wagon,14,1,1,0,2026-09-24,2026-10-01,0.5,0.705,51.7,P3_MEDIUM,COMPAT_SNT_OHE_GENERAL
DEM-2026-TRD-10453,TDMS,Traction Distribution (TRD / OHE),NCR,PRYJ,NDLS-DDU Golden Diagonal HDN-1,FTP-PRYJ,Fatehpur (FTP) - Prayagraj Jn (PRYJ),3RD_LINE,601.097,602.297,1.2,Routine Maintenance,Section Insulator & Motorized Isolator Contact Overhaul,Medium (Within 7d),None,11.1,64.3,108.5,185,80,Joint Traffic & Power Block,120,90,OHE Tower Wagon,8,1,1,0,2026-09-25,2026-10-07,0.411,0.748,60.2,P3_MEDIUM,COMPAT_TURNOUT_SNT
DEM-2026-TRD-10454,TDMS,Traction Distribution (TRD / OHE),NCR,DLI,NDLS-DDU Golden Diagonal HDN-1,GZB-ALJN,Ghaziabad (GZB) - Aligarh (ALJN),DN_MAIN,52.339,57.339,5.0,Routine Maintenance,Traction Substation (TSS) 132/25kV Circuit Breaker Servicing,High (Within 48h),None,1.4,14.3,85.5,183,130,Power Block (OHE),240,180,Substation Testing Rig,9,0,1,0,2026-09-22,2026-09-26,0.726,0.499,73.9,P2_HIGH,COMPAT_SUBSTATION
DEM-2026-SNT-10455,SMMS,Signalling & Telecom (S&T),NCR,DLI,NDLS-DDU Golden Diagonal HDN-1,TDL-ETW,Tundla (TDL) - Etawah (ETW),DN_MAIN,291.05,296.0,4.95,Routine Maintenance,Track Circuit Glued Joint Bonding & Meggering,Medium (Within 7d),None,18.7,100.6,96.4,213,80,Traffic Block,120,90,Insulation Megger Tester,6,0,0,0,2026-09-24,2026-09-30,0.345,0.678,53.7,P3_MEDIUM,COMPAT_SURFACE_PWAY
DEM-2026-ENG-10456,TMS,Engineering (Civil / Track),NCR,PRYJ,NDLS-DDU Golden Diagonal HDN-1,FTP-PRYJ,Fatehpur (FTP) - Prayagraj Jn (PRYJ),3RD_LINE,522.591,523.791,1.2,Routine Maintenance,Points & Crossing Turnout Tamping (UNIMAT),High (Within 48h),None,8.8,58.9,108.5,168,50,Traffic Block,180,120,UNIMAT_08_4S,14,1,0,1,2026-09-23,2026-09-27,0.598,0.818,71.7,P2_HIGH,COMPAT_TURNOUT_SNT
DEM-2026-SNT-10457,SMMS,Signalling & Telecom (S&T),NCR,DLI,NDLS-DDU Golden Diagonal HDN-1,ALJN-TDL,Aligarh (ALJN) - Tundla (TDL),DN_MAIN,194.045,194.456,0.411,Safety Critical Defect,Digital Axle Counter (DAC) Head Sensor Replacement,Critical (Immediate),None,1.5,12.0,92.0,270,50,Traffic Block,90,60,DAC Calibration Rig,5,0,0,0,2026-09-25,2026-09-27,0.811,0.721,84.8,P1_CRITICAL,COMPAT_SNT_OHE_GENERAL
DEM-2026-ENG-10458,TMS,Engineering (Civil / Track),NCR,PRYJ,NDLS-DDU Golden Diagonal HDN-1,CNB-FTP,Kanpur Central (CNB) - Fatehpur (FTP),DN_MAIN,442.32,447.32,5.0,Asset Renewal,Rail Grinding for Rolling Contact Fatigue (RGM),Medium (Within 7d),OBS,15.2,70.0,105.0,32,90,Traffic Block,300,210,RGM_72,16,1,0,0,2026-09-22,2026-10-03,0.41,0.705,45.4,P3_MEDIUM,COMPAT_SURFACE_PWAY
DEM-2026-SNT-10459,SMMS,Signalling & Telecom (S&T),NCR,DLI,NDLS-DDU Golden Diagonal HDN-1,GZB-ALJN,Ghaziabad (GZB) - Aligarh (ALJN),DN_MAIN,106.933,107.433,0.5,Pre-Monsoon Precaution,Main Signalling Cable Insulation Meggering & Trenching Check,Medium (Within 7d),None,8.0,56.7,85.5,66,100,Shadow / Disconnection Block,180,120,Cable Fault Locator Unit,7,0,0,0,2026-09-24,2026-10-05,0.425,0.568,48.1,P3_MEDIUM,COMPAT_SNT_OHE_GENERAL
DEM-2026-TRD-10460,TDMS,Traction Distribution (TRD / OHE),NCR,DLI,NDLS-DDU Golden Diagonal HDN-1,GZB-ALJN,Ghaziabad (GZB) - Aligarh (ALJN),DN_MAIN,52.89,53.125,0.235,Safety Critical Defect,Contact Wire Kink & Catenary Sag Emergency Splice,Critical (Immediate),None,6.8,33.6,85.5,239,20,Joint Traffic & Power Block,150,100,Emergency OHE Ladder Trolley,12,0,1,1,2026-09-23,2026-09-25,0.914,0.753,91.2,P1_CRITICAL,COMPAT_SNT_OHE_GENERAL
DEM-2026-ENG-10461,TMS,Engineering (Civil / Track),NCR,DLI,NDLS-DDU Golden Diagonal HDN-1,TDL-ETW,Tundla (TDL) - Etawah (ETW),DN_MAIN,253.527,254.027,0.5,Pre-Monsoon Precaution,Bridge Bearings Inspection & Girder Greasing,Medium (Within 7d),None,5.3,27.0,96.4,177,60,Traffic Block,150,90,Bridge Inspection Unit,10,0,0,0,2026-09-24,2026-10-05,0.365,0.724,57.5,P3_MEDIUM,COMPAT_BRIDGE_STRUCT
DEM-2026-ENG-10462,TMS,Engineering (Civil / Track),NCR,PRYJ,NDLS-DDU Golden Diagonal HDN-1,ETW-CNB,Etawah (ETW) - Kanpur Central (CNB),UP_MAIN,416.899,421.899,5.0,Pre-Monsoon Precaution,Bridge Bearings Inspection & Girder Greasing,Medium (Within 7d),None,10.3,45.4,110.2,255,60,Traffic Block,150,90,Bridge Inspection Unit,10,0,0,0,2026-09-22,2026-09-25,0.517,0.804,65.8,P2_HIGH,COMPAT_BRIDGE_STRUCT
DEM-2026-ENG-10463,TMS,Engineering (Civil / Track),NCR,PRYJ,NDLS-DDU Golden Diagonal HDN-1,PRYJ-MZP,Prayagraj Jn (PRYJ) - Mirzapur (MZP),UP_MAIN,642.303,647.303,5.0,Routine Maintenance,Points & Crossing Turnout Tamping (UNIMAT),High (Within 48h),None,19.7,107.4,94.0,242,50,Traffic Block,180,120,UNIMAT_08_4S,14,1,0,1,2026-09-24,2026-09-28,0.686,0.733,75.4,P2_HIGH,COMPAT_TURNOUT_SNT
DEM-2026-SNT-10464,SMMS,Signalling & Telecom (S&T),NCR,PRYJ,NDLS-DDU Golden Diagonal HDN-1,ETW-CNB,Etawah (ETW) - Kanpur Central (CNB),UP_MAIN,372.935,373.435,0.5,Asset Renewal,Electronic Interlocking (EI) Field Functional Testing,High (Within 48h),None,18.1,108.1,110.2,253,30,Traffic Block,240,180,EI Simulator & Logic Analyzer,8,0,0,1,2026-09-25,2026-09-29,0.571,0.874,74.3,P2_HIGH,COMPAT_INTERLOCKING
DEM-2026-SNT-10465,SMMS,Signalling & Telecom (S&T),NCR,PRYJ,NDLS-DDU Golden Diagonal HDN-1,MZP-DDU,Mirzapur (MZP) - Pt. DD Upadhyaya (DDU),UP_MAIN,768.096,768.628,0.532,Safety Critical Defect,Digital Axle Counter (DAC) Head Sensor Replacement,Critical (Immediate),None,20.2,102.8,118.0,183,50,Traffic Block,90,60,DAC Calibration Rig,5,0,0,0,2026-09-25,2026-09-27,0.938,0.873,92.8,P1_CRITICAL,COMPAT_SNT_OHE_GENERAL
DEM-2026-ENG-10466,TMS,Engineering (Civil / Track),NCR,PRYJ,NDLS-DDU Golden Diagonal HDN-1,MZP-DDU,Mirzapur (MZP) - Pt. DD Upadhyaya (DDU),UP_MAIN,737.262,737.685,0.423,Safety Critical Defect,USFD Defect Rail Replacement (IMR Flaw),Critical (Immediate),IMR,4.6,36.0,118.0,79,30,Traffic Block,180,120,PQRS_Crane / Rail Tensor,18,1,0,1,2026-09-22,2026-09-24,0.882,0.919,83.1,P1_CRITICAL,COMPAT_TRACK_HEAVY
DEM-2026-TRD-10467,TDMS,Traction Distribution (TRD / OHE),NCR,PRYJ,NDLS-DDU Golden Diagonal HDN-1,FTP-PRYJ,Fatehpur (FTP) - Prayagraj Jn (PRYJ),3RD_LINE,571.868,575.368,3.5,Asset Renewal,25 kV OHE Catenary & Contact Wire Stringing Renewal,High (Within 48h),None,13.4,64.2,108.5,138,45,Joint Traffic & Power Block,300,240,OHE Wiring Train & Tensioning Rig,22,0,1,1,2026-09-25,2026-09-29,0.671,0.829,75.1,P2_HIGH,COMPAT_DEEP_CLEANING
DEM-2026-ENG-10468,TMS,Engineering (Civil / Track),NCR,DLI,NDLS-DDU Golden Diagonal HDN-1,ALJN-TDL,Aligarh (ALJN) - Tundla (TDL),DN_MAIN,170.027,170.676,0.649,Safety Critical Defect,Thermit Weld Collar Fracturing Repair,Critical (Immediate),REM,10.1,64.1,92.0,134,30,Traffic Block,120,90,Thermit Welding Kit / Gang,15,0,0,1,2026-09-25,2026-09-26,0.815,0.767,81.3,P1_CRITICAL,COMPAT_TRACK_HEAVY
DEM-2026-ENG-10469,TMS,Engineering (Civil / Track),NCR,DLI,NDLS-DDU Golden Diagonal HDN-1,ALJN-TDL,Aligarh (ALJN) - Tundla (TDL),DN_MAIN,187.241,187.464,0.223,Safety Critical Defect,USFD Defect Rail Replacement (IMR Flaw),Critical (Immediate),IMR,21.1,97.6,92.0,69,30,Traffic Block,180,120,PQRS_Crane / Rail Tensor,18,1,0,1,2026-09-24,2026-09-26,0.917,0.767,81.5,P1_CRITICAL,COMPAT_TRACK_HEAVY
DEM-2026-TRD-10470,TDMS,Traction Distribution (TRD / OHE),NCR,PRYJ,NDLS-DDU Golden Diagonal HDN-1,MZP-DDU,Mirzapur (MZP) - Pt. DD Upadhyaya (DDU),3RD_LINE,729.166,730.366,1.2,Routine Maintenance,OHE Periodic Annual Overhaul (AOH) & Dropper Regulation,Medium (Within 7d),None,19.6,115.1,118.0,14,90,Joint Traffic & Power Block,180,120,8-Wheeler OHE Tower Wagon,14,1,1,0,2026-09-23,2026-10-04,0.482,0.781,50.8,P3_MEDIUM,COMPAT_SNT_OHE_GENERAL
DEM-2026-ENG-10471,TMS,Engineering (Civil / Track),NCR,PRYJ,NDLS-DDU Golden Diagonal HDN-1,MZP-DDU,Mirzapur (MZP) - Pt. DD Upadhyaya (DDU),3RD_LINE,750.965,752.165,1.2,Pre-Monsoon Precaution,Bridge Bearings Inspection & Girder Greasing,Medium (Within 7d),None,5.3,42.8,118.0,167,60,Traffic Block,150,90,Bridge Inspection Unit,10,0,0,0,2026-09-24,2026-10-05,0.437,0.85,61.8,P3_MEDIUM,COMPAT_BRIDGE_STRUCT
DEM-2026-SNT-10472,SMMS,Signalling & Telecom (S&T),NCR,PRYJ,NDLS-DDU Golden Diagonal HDN-1,PRYJ-MZP,Prayagraj Jn (PRYJ) - Mirzapur (MZP),DN_MAIN,627.694,632.694,5.0,Routine Maintenance,Integrated LED Signal Aspect Overhaul & Alignment,Low (Planned Monthly),None,9.5,41.3,94.0,164,110,Shadow / Disconnection Block,90,60,Signal Alignment Telescope,4,0,0,0,2026-09-22,2026-10-22,0.112,0.594,37.6,P4_LOW,COMPAT_SNT_OHE_GENERAL
DEM-2026-ENG-10473,TMS,Engineering (Civil / Track),NCR,DLI,NDLS-DDU Golden Diagonal HDN-1,GZB-ALJN,Ghaziabad (GZB) - Aligarh (ALJN),DN_MAIN,108.732,109.932,1.2,Asset Renewal,Ballast Cleaning & Deep Screening (BCM),High (Within 48h),None,10.1,58.2,85.5,176,45,Joint Traffic & Power Block,360,240,BCM_800 / DGS,28,1,1,1,2026-09-25,2026-09-29,0.707,0.695,76.4,P2_HIGH,COMPAT_DEEP_CLEANING
DEM-2026-TRD-10474,TDMS,Traction Distribution (TRD / OHE),NCR,PRYJ,NDLS-DDU Golden Diagonal HDN-1,PRYJ-MZP,Prayagraj Jn (PRYJ) - Mirzapur (MZP),UP_MAIN,638.89,643.89,5.0,Routine Maintenance,Section Insulator & Motorized Isolator Contact Overhaul,Medium (Within 7d),None,9.1,63.2,94.0,227,80,Joint Traffic & Power Block,120,90,OHE Tower Wagon,8,1,1,0,2026-09-23,2026-10-05,0.337,0.664,55.6,P3_MEDIUM,COMPAT_TURNOUT_SNT
DEM-2026-ENG-10475,TMS,Engineering (Civil / Track),NCR,DLI,NDLS-DDU Golden Diagonal HDN-1,TDL-ETW,Tundla (TDL) - Etawah (ETW),UP_MAIN,216.744,217.463,0.719,Safety Critical Defect,USFD Defect Rail Replacement (IMR Flaw),Critical (Immediate),IMR,14.8,93.2,96.4,83,30,Traffic Block,180,120,PQRS_Crane / Rail Tensor,18,1,0,1,2026-09-25,2026-09-30,0.797,0.793,77.7,P2_HIGH,COMPAT_TRACK_HEAVY
DEM-2026-TRD-10476,TDMS,Traction Distribution (TRD / OHE),NCR,PRYJ,NDLS-DDU Golden Diagonal HDN-1,MZP-DDU,Mirzapur (MZP) - Pt. DD Upadhyaya (DDU),3RD_LINE,753.707,757.207,3.5,Routine Maintenance,Section Insulator & Motorized Isolator Contact Overhaul,Medium (Within 7d),None,11.7,65.1,118.0,244,80,Joint Traffic & Power Block,120,90,OHE Tower Wagon,8,1,1,0,2026-09-23,2026-09-30,0.392,0.804,60.2,P3_MEDIUM,COMPAT_TURNOUT_SNT
DEM-2026-TRD-10477,TDMS,Traction Distribution (TRD / OHE),NCR,PRYJ,NDLS-DDU Golden Diagonal HDN-1,PRYJ-MZP,Prayagraj Jn (PRYJ) - Mirzapur (MZP),UP_MAIN,647.242,652.242,5.0,Routine Maintenance,Traction Substation (TSS) 132/25kV Circuit Breaker Servicing,High (Within 48h),None,6.7,51.3,94.0,201,130,Power Block (OHE),240,180,Substation Testing Rig,9,0,1,0,2026-09-25,2026-09-28,0.557,0.548,67.0,P2_HIGH,COMPAT_SUBSTATION
DEM-2026-TRD-10478,TDMS,Traction Distribution (TRD / OHE),NCR,PRYJ,NDLS-DDU Golden Diagonal HDN-1,FTP-PRYJ,Fatehpur (FTP) - Prayagraj Jn (PRYJ),UP_MAIN,521.847,526.847,5.0,Routine Maintenance,Traction Substation (TSS) 132/25kV Circuit Breaker Servicing,High (Within 48h),None,21.7,125.0,108.5,157,130,Power Block (OHE),240,180,Substation Testing Rig,9,0,1,0,2026-09-22,2026-09-25,0.652,0.633,70.7,P2_HIGH,COMPAT_SUBSTATION
DEM-2026-TRD-10479,TDMS,Traction Distribution (TRD / OHE),NCR,PRYJ,NDLS-DDU Golden Diagonal HDN-1,ETW-CNB,Etawah (ETW) - Kanpur Central (CNB),DN_MAIN,426.136,426.636,0.5,Routine Maintenance,Traction Substation (TSS) 132/25kV Circuit Breaker Servicing,High (Within 48h),None,15.4,83.2,110.2,173,130,Power Block (OHE),240,180,Substation Testing Rig,9,0,1,0,2026-09-22,2026-09-26,0.685,0.643,73.6,P2_HIGH,COMPAT_SUBSTATION
DEM-2026-TRD-10480,TDMS,Traction Distribution (TRD / OHE),NCR,PRYJ,NDLS-DDU Golden Diagonal HDN-1,MZP-DDU,Mirzapur (MZP) - Pt. DD Upadhyaya (DDU),DN_MAIN,750.725,752.725,2.0,Routine Maintenance,Section Insulator & Motorized Isolator Contact Overhaul,Medium (Within 7d),None,9.8,67.8,118.0,164,80,Joint Traffic & Power Block,120,90,OHE Tower Wagon,8,1,1,0,2026-09-24,2026-09-30,0.369,0.804,57.8,P3_MEDIUM,COMPAT_TURNOUT_SNT
DEM-2026-TRD-10481,TDMS,Traction Distribution (TRD / OHE),NCR,PRYJ,NDLS-DDU Golden Diagonal HDN-1,CNB-FTP,Kanpur Central (CNB) - Fatehpur (FTP),UP_MAIN,447.596,448.096,0.5,Pre-Monsoon Precaution,OHE 25kV Live Feeder Tree Trimming & Neutral Section Check,Low (Planned Monthly),None,14.8,72.8,105.0,27,110,Joint Traffic & Power Block,120,60,Insulated Bucket Truck / Tower Wagon,10,1,1,0,2026-09-23,2026-10-08,0.154,0.659,30.1,P4_LOW,COMPAT_SNT_OHE_GENERAL
DEM-2026-ENG-10482,TMS,Engineering (Civil / Track),NCR,DLI,NDLS-DDU Golden Diagonal HDN-1,ALJN-TDL,Aligarh (ALJN) - Tundla (TDL),DN_MAIN,146.932,148.932,2.0,Pre-Monsoon Precaution,Bridge Bearings Inspection & Girder Greasing,Medium (Within 7d),None,1.3,-0.2,92.0,103,60,Traffic Block,150,90,Bridge Inspection Unit,10,0,0,0,2026-09-23,2026-10-04,0.518,0.698,57.9,P3_MEDIUM,COMPAT_BRIDGE_STRUCT
DEM-2026-SNT-10483,SMMS,Signalling & Telecom (S&T),NCR,PRYJ,NDLS-DDU Golden Diagonal HDN-1,MZP-DDU,Mirzapur (MZP) - Pt. DD Upadhyaya (DDU),DN_MAIN,763.343,764.543,1.2,Routine Maintenance,Track Circuit Glued Joint Bonding & Meggering,Medium (Within 7d),None,11.2,70.0,118.0,30,80,Traffic Block,120,90,Insulation Megger Tester,6,0,0,0,2026-09-23,2026-10-08,0.382,0.804,44.8,P4_LOW,COMPAT_SURFACE_PWAY
DEM-2026-SNT-10484,SMMS,Signalling & Telecom (S&T),NCR,DLI,NDLS-DDU Golden Diagonal HDN-1,TDL-ETW,Tundla (TDL) - Etawah (ETW),DN_MAIN,272.178,273.378,1.2,Asset Renewal,Electronic Interlocking (EI) Field Functional Testing,High (Within 48h),None,14.9,86.3,96.4,99,30,Traffic Block,240,180,EI Simulator & Logic Analyzer,8,0,0,1,2026-09-24,2026-09-29,0.596,0.793,67.5,P2_HIGH,COMPAT_INTERLOCKING
DEM-2026-SNT-10485,SMMS,Signalling & Telecom (S&T),NCR,DLI,NDLS-DDU Golden Diagonal HDN-1,GZB-ALJN,Ghaziabad (GZB) - Aligarh (ALJN),DN_MAIN,25.384,28.884,3.5,Routine Maintenance,Point Machine Overhaul & Friction Clutch Testing,High (Within 48h),None,9.4,46.0,85.5,133,45,Traffic Block,120,90,S&T Tool Van / Multimeter Kit,6,0,0,0,2026-09-25,2026-09-30,0.634,0.695,69.0,P2_HIGH,COMPAT_TURNOUT_SNT
DEM-2026-ENG-10486,TMS,Engineering (Civil / Track),NCR,PRYJ,NDLS-DDU Golden Diagonal HDN-1,MZP-DDU,Mirzapur (MZP) - Pt. DD Upadhyaya (DDU),DN_MAIN,742.301,744.301,2.0,Asset Renewal,Rail Grinding for Rolling Contact Fatigue (RGM),Medium (Within 7d),OBS,20.5,106.0,118.0,175,90,Traffic Block,300,210,RGM_72,16,1,0,0,2026-09-22,2026-10-03,0.531,0.781,63.9,P3_MEDIUM,COMPAT_SURFACE_PWAY
DEM-2026-SNT-10487,SMMS,Signalling & Telecom (S&T),NCR,DLI,NDLS-DDU Golden Diagonal HDN-1,ALJN-TDL,Aligarh (ALJN) - Tundla (TDL),DN_MAIN,171.481,173.481,2.0,Asset Renewal,Electronic Interlocking (EI) Field Functional Testing,High (Within 48h),None,8.0,38.0,92.0,64,30,Traffic Block,240,180,EI Simulator & Logic Analyzer,8,0,0,1,2026-09-25,2026-10-05,0.606,0.767,64.6,P3_MEDIUM,COMPAT_INTERLOCKING
DEM-2026-TRD-10488,TDMS,Traction Distribution (TRD / OHE),NCR,PRYJ,NDLS-DDU Golden Diagonal HDN-1,MZP-DDU,Mirzapur (MZP) - Pt. DD Upadhyaya (DDU),3RD_LINE,756.649,757.849,1.2,Routine Maintenance,Traction Substation (TSS) 132/25kV Circuit Breaker Servicing,High (Within 48h),None,11.9,69.8,118.0,106,130,Power Block (OHE),240,180,Substation Testing Rig,9,0,1,0,2026-09-22,2026-09-25,0.619,0.688,65.8,P2_HIGH,COMPAT_SUBSTATION
DEM-2026-ENG-10489,TMS,Engineering (Civil / Track),NCR,DLI,NDLS-DDU Golden Diagonal HDN-1,ALJN-TDL,Aligarh (ALJN) - Tundla (TDL),UP_MAIN,133.741,137.241,3.5,Pre-Monsoon Precaution,Bridge Bearings Inspection & Girder Greasing,Medium (Within 7d),None,8.4,53.8,92.0,142,60,Traffic Block,150,90,Bridge Inspection Unit,10,0,0,0,2026-09-22,2026-09-28,0.346,0.698,53.4,P3_MEDIUM,COMPAT_BRIDGE_STRUCT
DEM-2026-SNT-10490,SMMS,Signalling & Telecom (S&T),NCR,DLI,NDLS-DDU Golden Diagonal HDN-1,GZB-ALJN,Ghaziabad (GZB) - Aligarh (ALJN),UP_MAIN,32.483,32.983,0.5,Pre-Monsoon Precaution,Main Signalling Cable Insulation Meggering & Trenching Check,Medium (Within 7d),None,2.8,22.1,85.5,206,100,Shadow / Disconnection Block,180,120,Cable Fault Locator Unit,7,0,0,0,2026-09-23,2026-10-04,0.458,0.568,59.1,P3_MEDIUM,COMPAT_SNT_OHE_GENERAL
DEM-2026-ENG-10491,TMS,Engineering (Civil / Track),NCR,DLI,NDLS-DDU Golden Diagonal HDN-1,ALJN-TDL,Aligarh (ALJN) - Tundla (TDL),UP_MAIN,175.206,175.706,0.5,Routine Maintenance,Points & Crossing Turnout Tamping (UNIMAT),High (Within 48h),None,14.4,89.7,92.0,155,50,Traffic Block,180,120,UNIMAT_08_4S,14,1,0,1,2026-09-24,2026-09-29,0.719,0.721,74.6,P2_HIGH,COMPAT_TURNOUT_SNT
DEM-2026-SNT-10492,SMMS,Signalling & Telecom (S&T),NCR,PRYJ,NDLS-DDU Golden Diagonal HDN-1,CNB-FTP,Kanpur Central (CNB) - Fatehpur (FTP),UP_MAIN,492.894,496.394,3.5,Routine Maintenance,Track Circuit Glued Joint Bonding & Meggering,Medium (Within 7d),None,9.2,65.9,105.0,146,80,Traffic Block,120,90,Insulation Megger Tester,6,0,0,0,2026-09-23,2026-10-01,0.529,0.728,59.9,P3_MEDIUM,COMPAT_SURFACE_PWAY
DEM-2026-TRD-10493,TDMS,Traction Distribution (TRD / OHE),NCR,PRYJ,NDLS-DDU Golden Diagonal HDN-1,MZP-DDU,Mirzapur (MZP) - Pt. DD Upadhyaya (DDU),UP_MAIN,752.923,753.148,0.225,Safety Critical Defect,Contact Wire Kink & Catenary Sag Emergency Splice,Critical (Immediate),None,11.3,50.8,118.0,234,20,Joint Traffic & Power Block,150,100,Emergency OHE Ladder Trolley,12,0,1,1,2026-09-25,2026-09-26,0.824,0.942,90.0,P1_CRITICAL,COMPAT_SNT_OHE_GENERAL
DEM-2026-ENG-10494,TMS,Engineering (Civil / Track),NCR,PRYJ,NDLS-DDU Golden Diagonal HDN-1,CNB-FTP,Kanpur Central (CNB) - Fatehpur (FTP),UP_MAIN,477.565,477.84,0.275,Safety Critical Defect,USFD Defect Rail Replacement (IMR Flaw),Critical (Immediate),IMR,10.4,68.9,105.0,90,30,Traffic Block,180,120,PQRS_Crane / Rail Tensor,18,1,0,1,2026-09-22,2026-09-23,0.911,0.843,84.1,P1_CRITICAL,COMPAT_TRACK_HEAVY
DEM-2026-ENG-10495,TMS,Engineering (Civil / Track),NCR,PRYJ,NDLS-DDU Golden Diagonal HDN-1,PRYJ-MZP,Prayagraj Jn (PRYJ) - Mirzapur (MZP),DN_MAIN,704.345,709.345,5.0,Asset Renewal,Ballast Cleaning & Deep Screening (BCM),High (Within 48h),None,1.1,16.7,94.0,265,45,Joint Traffic & Power Block,360,240,BCM_800 / DGS,28,1,1,1,2026-09-22,2026-09-26,0.655,0.744,75.1,P2_HIGH,COMPAT_DEEP_CLEANING
DEM-2026-ENG-10496,TMS,Engineering (Civil / Track),NCR,PRYJ,NDLS-DDU Golden Diagonal HDN-1,ETW-CNB,Etawah (ETW) - Kanpur Central (CNB),UP_MAIN,406.836,407.273,0.437,Safety Critical Defect,Thermit Weld Collar Fracturing Repair,Critical (Immediate),REM,12.9,82.6,110.2,197,30,Traffic Block,120,90,Thermit Welding Kit / Gang,15,0,0,1,2026-09-25,2026-09-27,0.847,0.874,88.2,P1_CRITICAL,COMPAT_TRACK_HEAVY
DEM-2026-ENG-10497,TMS,Engineering (Civil / Track),NCR,DLI,NDLS-DDU Golden Diagonal HDN-1,GZB-ALJN,Ghaziabad (GZB) - Aligarh (ALJN),UP_MAIN,118.495,118.995,0.5,Asset Renewal,Rail Grinding for Rolling Contact Fatigue (RGM),Medium (Within 7d),OBS,18.7,106.3,85.5,162,90,Traffic Block,300,210,RGM_72,16,1,0,0,2026-09-22,2026-09-29,0.455,0.591,56.6,P3_MEDIUM,COMPAT_SURFACE_PWAY
DEM-2026-ENG-10498,TMS,Engineering (Civil / Track),NCR,PRYJ,NDLS-DDU Golden Diagonal HDN-1,PRYJ-MZP,Prayagraj Jn (PRYJ) - Mirzapur (MZP),UP_MAIN,703.647,705.647,2.0,Routine Maintenance,Points & Crossing Turnout Tamping (UNIMAT),High (Within 48h),None,11.2,72.6,94.0,238,50,Traffic Block,180,120,UNIMAT_08_4S,14,1,0,1,2026-09-22,2026-09-25,0.712,0.733,76.5,P2_HIGH,COMPAT_TURNOUT_SNT
DEM-2026-TRD-10499,TDMS,Traction Distribution (TRD / OHE),NCR,PRYJ,NDLS-DDU Golden Diagonal HDN-1,ETW-CNB,Etawah (ETW) - Kanpur Central (CNB),UP_MAIN,328.315,331.815,3.5,Pre-Monsoon Precaution,OHE 25kV Live Feeder Tree Trimming & Neutral Section Check,Low (Planned Monthly),None,2.3,17.7,110.2,171,110,Joint Traffic & Power Block,120,60,Insulated Bucket Truck / Tower Wagon,10,1,1,0,2026-09-22,2026-10-19,0.195,0.689,44.4,P4_LOW,COMPAT_SNT_OHE_GENERAL
DEM-2026-ENG-10500,TMS,Engineering (Civil / Track),NCR,DLI,NDLS-DDU Golden Diagonal HDN-1,GZB-ALJN,Ghaziabad (GZB) - Aligarh (ALJN),DN_MAIN,93.904,97.404,3.5,Asset Renewal,Rail Grinding for Rolling Contact Fatigue (RGM),Medium (Within 7d),OBS,3.5,31.7,85.5,248,90,Traffic Block,300,210,RGM_72,16,1,0,0,2026-09-23,2026-10-05,0.526,0.591,61.3,P3_MEDIUM,COMPAT_SURFACE_PWAY
DEM-2026-ENG-10501,TMS,Engineering (Civil / Track),NCR,PRYJ,NDLS-DDU Golden Diagonal HDN-1,ETW-CNB,Etawah (ETW) - Kanpur Central (CNB),UP_MAIN,362.245,362.745,0.5,Routine Maintenance,Track Tamping and Alignment (CSM Machine),Medium (Within 7d),None,10.9,72.0,110.2,37,75,Traffic Block,240,180,CSM_09_32 / DTS_3D,12,1,0,0,2026-09-23,2026-10-04,0.358,0.77,45.2,P3_MEDIUM,COMPAT_SURFACE_PWAY
DEM-2026-TRD-10502,TDMS,Traction Distribution (TRD / OHE),NCR,DLI,NDLS-DDU Golden Diagonal HDN-1,GZB-ALJN,Ghaziabad (GZB) - Aligarh (ALJN),UP_MAIN,104.126,104.626,0.5,Asset Renewal,25 kV OHE Catenary & Contact Wire Stringing Renewal,High (Within 48h),None,10.6,48.1,85.5,46,45,Joint Traffic & Power Block,300,240,OHE Wiring Train & Tensioning Rig,22,0,1,1,2026-09-22,2026-09-25,0.73,0.695,68.1,P2_HIGH,COMPAT_DEEP_CLEANING
DEM-2026-SNT-10503,SMMS,Signalling & Telecom (S&T),NCR,PRYJ,NDLS-DDU Golden Diagonal HDN-1,MZP-DDU,Mirzapur (MZP) - Pt. DD Upadhyaya (DDU),3RD_LINE,719.818,720.06,0.242,Safety Critical Defect,Digital Axle Counter (DAC) Head Sensor Replacement,Critical (Immediate),None,8.1,55.6,118.0,219,50,Traffic Block,90,60,DAC Calibration Rig,5,0,0,0,2026-09-24,2026-09-25,0.845,0.873,88.6,P1_CRITICAL,COMPAT_SNT_OHE_GENERAL
DEM-2026-TRD-10504,TDMS,Traction Distribution (TRD / OHE),NCR,PRYJ,NDLS-DDU Golden Diagonal HDN-1,ETW-CNB,Etawah (ETW) - Kanpur Central (CNB),UP_MAIN,304.567,306.567,2.0,Asset Renewal,25 kV OHE Catenary & Contact Wire Stringing Renewal,High (Within 48h),None,4.0,22.5,110.2,203,45,Joint Traffic & Power Block,300,240,OHE Wiring Train & Tensioning Rig,22,0,1,1,2026-09-23,2026-09-27,0.672,0.839,78.8,P2_HIGH,COMPAT_DEEP_CLEANING
DEM-2026-ENG-10505,TMS,Engineering (Civil / Track),NCR,DLI,NDLS-DDU Golden Diagonal HDN-1,GZB-ALJN,Ghaziabad (GZB) - Aligarh (ALJN),UP_MAIN,84.8,88.3,3.5,Asset Renewal,Rail Grinding for Rolling Contact Fatigue (RGM),Medium (Within 7d),OBS,17.3,77.0,85.5,263,90,Traffic Block,300,210,RGM_72,16,1,0,0,2026-09-23,2026-09-29,0.319,0.591,52.0,P3_MEDIUM,COMPAT_SURFACE_PWAY
DEM-2026-ENG-10506,TMS,Engineering (Civil / Track),NCR,DLI,NDLS-DDU Golden Diagonal HDN-1,ALJN-TDL,Aligarh (ALJN) - Tundla (TDL),DN_MAIN,185.022,188.522,3.5,Asset Renewal,Rail Grinding for Rolling Contact Fatigue (RGM),Medium (Within 7d),OBS,15.5,73.7,92.0,152,90,Traffic Block,300,210,RGM_72,16,1,0,0,2026-09-23,2026-10-02,0.426,0.629,55.0,P3_MEDIUM,COMPAT_SURFACE_PWAY
DEM-2026-TRD-10507,TDMS,Traction Distribution (TRD / OHE),NCR,DLI,NDLS-DDU Golden Diagonal HDN-1,TDL-ETW,Tundla (TDL) - Etawah (ETW),UP_MAIN,248.24,248.74,0.5,Routine Maintenance,Traction Substation (TSS) 132/25kV Circuit Breaker Servicing,High (Within 48h),None,14.2,84.5,96.4,192,130,Power Block (OHE),240,180,Substation Testing Rig,9,0,1,0,2026-09-23,2026-09-28,0.642,0.562,71.1,P2_HIGH,COMPAT_SUBSTATION
DEM-2026-SNT-10508,SMMS,Signalling & Telecom (S&T),NCR,PRYJ,NDLS-DDU Golden Diagonal HDN-1,ETW-CNB,Etawah (ETW) - Kanpur Central (CNB),UP_MAIN,379.864,384.864,5.0,Routine Maintenance,Point Machine Overhaul & Friction Clutch Testing,High (Within 48h),None,11.7,62.4,110.2,120,45,Traffic Block,120,90,S&T Tool Van / Multimeter Kit,6,0,0,0,2026-09-22,2026-09-25,0.611,0.839,69.1,P2_HIGH,COMPAT_TURNOUT_SNT
DEM-2026-TRD-10509,TDMS,Traction Distribution (TRD / OHE),NCR,DLI,NDLS-DDU Golden Diagonal HDN-1,TDL-ETW,Tundla (TDL) - Etawah (ETW),DN_MAIN,263.308,263.438,0.13,Safety Critical Defect,Contact Wire Kink & Catenary Sag Emergency Splice,Critical (Immediate),None,14.5,71.1,96.4,236,20,Joint Traffic & Power Block,150,100,Emergency OHE Ladder Trolley,12,0,1,1,2026-09-22,2026-09-24,0.83,0.816,88.3,P1_CRITICAL,COMPAT_SNT_OHE_GENERAL
DEM-2026-SNT-10510,SMMS,Signalling & Telecom (S&T),NCR,DLI,NDLS-DDU Golden Diagonal HDN-1,ALJN-TDL,Aligarh (ALJN) - Tundla (TDL),UP_MAIN,137.774,137.894,0.12,Safety Critical Defect,Digital Axle Counter (DAC) Head Sensor Replacement,Critical (Immediate),None,11.8,51.1,92.0,134,50,Traffic Block,90,60,DAC Calibration Rig,5,0,0,0,2026-09-25,2026-09-27,0.924,0.721,86.1,P1_CRITICAL,COMPAT_SNT_OHE_GENERAL
DEM-2026-ENG-10511,TMS,Engineering (Civil / Track),NCR,PRYJ,NDLS-DDU Golden Diagonal HDN-1,ETW-CNB,Etawah (ETW) - Kanpur Central (CNB),DN_MAIN,340.191,340.36,0.169,Safety Critical Defect,USFD Defect Rail Replacement (IMR Flaw),Critical (Immediate),IMR,16.5,98.6,110.2,206,30,Traffic Block,180,120,PQRS_Crane / Rail Tensor,18,1,0,1,2026-09-25,2026-09-26,0.958,0.874,94.2,P1_CRITICAL,COMPAT_TRACK_HEAVY
DEM-2026-SNT-10512,SMMS,Signalling & Telecom (S&T),NCR,PRYJ,NDLS-DDU Golden Diagonal HDN-1,MZP-DDU,Mirzapur (MZP) - Pt. DD Upadhyaya (DDU),UP_MAIN,729.078,729.605,0.527,Safety Critical Defect,Digital Axle Counter (DAC) Head Sensor Replacement,Critical (Immediate),None,4.7,24.7,118.0,248,50,Traffic Block,90,60,DAC Calibration Rig,5,0,0,0,2026-09-24,2026-09-26,0.924,0.873,92.2,P1_CRITICAL,COMPAT_SNT_OHE_GENERAL
DEM-2026-ENG-10513,TMS,Engineering (Civil / Track),NCR,PRYJ,NDLS-DDU Golden Diagonal HDN-1,ETW-CNB,Etawah (ETW) - Kanpur Central (CNB),DN_MAIN,373.054,373.35,0.296,Safety Critical Defect,Thermit Weld Collar Fracturing Repair,Critical (Immediate),REM,3.3,20.5,110.2,228,30,Traffic Block,120,90,Thermit Welding Kit / Gang,15,0,0,1,2026-09-23,2026-09-25,0.814,0.874,86.7,P1_CRITICAL,COMPAT_TRACK_HEAVY
DEM-2026-ENG-10514,TMS,Engineering (Civil / Track),NCR,PRYJ,NDLS-DDU Golden Diagonal HDN-1,CNB-FTP,Kanpur Central (CNB) - Fatehpur (FTP),3RD_LINE,482.531,487.531,5.0,Asset Renewal,Rail Grinding for Rolling Contact Fatigue (RGM),Medium (Within 7d),OBS,20.0,107.3,105.0,131,90,Traffic Block,300,210,RGM_72,16,1,0,0,2026-09-25,2026-10-07,0.321,0.705,49.7,P3_MEDIUM,COMPAT_SURFACE_PWAY
DEM-2026-SNT-10515,SMMS,Signalling & Telecom (S&T),NCR,PRYJ,NDLS-DDU Golden Diagonal HDN-1,ETW-CNB,Etawah (ETW) - Kanpur Central (CNB),DN_MAIN,297.965,301.465,3.5,Routine Maintenance,Track Circuit Glued Joint Bonding & Meggering,Medium (Within 7d),None,16.5,79.9,110.2,181,80,Traffic Block,120,90,Insulation Megger Tester,6,0,0,0,2026-09-23,2026-09-30,0.404,0.758,57.5,P3_MEDIUM,COMPAT_SURFACE_PWAY
DEM-2026-SNT-10516,SMMS,Signalling & Telecom (S&T),NCR,DLI,NDLS-DDU Golden Diagonal HDN-1,GZB-ALJN,Ghaziabad (GZB) - Aligarh (ALJN),DN_MAIN,121.606,126.0,4.394,Routine Maintenance,Point Machine Overhaul & Friction Clutch Testing,High (Within 48h),None,1.7,14.4,85.5,259,45,Traffic Block,120,90,S&T Tool Van / Multimeter Kit,6,0,0,0,2026-09-22,2026-09-27,0.728,0.695,77.2,P2_HIGH,COMPAT_TURNOUT_SNT
DEM-2026-ENG-10517,TMS,Engineering (Civil / Track),NCR,PRYJ,NDLS-DDU Golden Diagonal HDN-1,MZP-DDU,Mirzapur (MZP) - Pt. DD Upadhyaya (DDU),DN_MAIN,761.561,765.061,3.5,Pre-Monsoon Precaution,Bridge Bearings Inspection & Girder Greasing,Medium (Within 7d),None,20.9,98.5,118.0,165,60,Traffic Block,150,90,Bridge Inspection Unit,10,0,0,0,2026-09-22,2026-09-28,0.357,0.85,58.1,P3_MEDIUM,COMPAT_BRIDGE_STRUCT
DEM-2026-ENG-10518,TMS,Engineering (Civil / Track),NCR,PRYJ,NDLS-DDU Golden Diagonal HDN-1,MZP-DDU,Mirzapur (MZP) - Pt. DD Upadhyaya (DDU),3RD_LINE,743.787,744.286,0.499,Safety Critical Defect,Thermit Weld Collar Fracturing Repair,Critical (Immediate),REM,13.3,85.8,118.0,251,30,Traffic Block,120,90,Thermit Welding Kit / Gang,15,0,0,1,2026-09-23,2026-09-25,0.934,0.919,92.8,P1_CRITICAL,COMPAT_TRACK_HEAVY
DEM-2026-TRD-10519,TDMS,Traction Distribution (TRD / OHE),NCR,PRYJ,NDLS-DDU Golden Diagonal HDN-1,FTP-PRYJ,Fatehpur (FTP) - Prayagraj Jn (PRYJ),3RD_LINE,513.151,513.651,0.5,Routine Maintenance,Traction Substation (TSS) 132/25kV Circuit Breaker Servicing,High (Within 48h),None,9.1,56.2,108.5,30,130,Power Block (OHE),240,180,Substation Testing Rig,9,0,1,0,2026-09-24,2026-10-06,0.615,0.633,58.4,P3_MEDIUM,COMPAT_SUBSTATION
DEM-2026-TRD-10520,TDMS,Traction Distribution (TRD / OHE),NCR,PRYJ,NDLS-DDU Golden Diagonal HDN-1,ETW-CNB,Etawah (ETW) - Kanpur Central (CNB),UP_MAIN,395.696,396.196,0.5,Asset Renewal,25 kV OHE Catenary & Contact Wire Stringing Renewal,High (Within 48h),None,11.8,76.3,110.2,200,45,Joint Traffic & Power Block,300,240,OHE Wiring Train & Tensioning Rig,22,0,1,1,2026-09-25,2026-09-26,0.745,0.839,82.1,P1_CRITICAL,COMPAT_DEEP_CLEANING
DEM-2026-TRD-10521,TDMS,Traction Distribution (TRD / OHE),NCR,PRYJ,NDLS-DDU Golden Diagonal HDN-1,FTP-PRYJ,Fatehpur (FTP) - Prayagraj Jn (PRYJ),DN_MAIN,553.491,558.491,5.0,Asset Renewal,25 kV OHE Catenary & Contact Wire Stringing Renewal,High (Within 48h),None,15.8,85.8,108.5,118,45,Joint Traffic & Power Block,300,240,OHE Wiring Train & Tensioning Rig,22,0,1,1,2026-09-23,2026-09-27,0.58,0.829,69.4,P2_HIGH,COMPAT_DEEP_CLEANING
DEM-2026-TRD-10522,TDMS,Traction Distribution (TRD / OHE),NCR,DLI,NDLS-DDU Golden Diagonal HDN-1,ALJN-TDL,Aligarh (ALJN) - Tundla (TDL),DN_MAIN,190.899,192.099,1.2,Pre-Monsoon Precaution,OHE 25kV Live Feeder Tree Trimming & Neutral Section Check,Low (Planned Monthly),None,16.8,96.8,92.0,178,110,Joint Traffic & Power Block,120,60,Insulated Bucket Truck / Tower Wagon,10,1,1,0,2026-09-25,2026-10-16,0.167,0.583,42.1,P4_LOW,COMPAT_SNT_OHE_GENERAL
DEM-2026-ENG-10523,TMS,Engineering (Civil / Track),NCR,PRYJ,NDLS-DDU Golden Diagonal HDN-1,CNB-FTP,Kanpur Central (CNB) - Fatehpur (FTP),UP_MAIN,468.705,473.705,5.0,Asset Renewal,Ballast Cleaning & Deep Screening (BCM),High (Within 48h),None,12.1,54.2,105.0,163,45,Joint Traffic & Power Block,360,240,BCM_800 / DGS,28,1,1,1,2026-09-22,2026-09-26,0.649,0.809,74.4,P2_HIGH,COMPAT_DEEP_CLEANING
DEM-2026-ENG-10524,TMS,Engineering (Civil / Track),NCR,PRYJ,NDLS-DDU Golden Diagonal HDN-1,ETW-CNB,Etawah (ETW) - Kanpur Central (CNB),DN_MAIN,417.672,419.672,2.0,Routine Maintenance,Points & Crossing Turnout Tamping (UNIMAT),High (Within 48h),None,21.1,97.8,110.2,98,50,Traffic Block,180,120,UNIMAT_08_4S,14,1,0,1,2026-09-23,2026-09-28,0.611,0.827,66.6,P2_HIGH,COMPAT_TURNOUT_SNT
DEM-2026-SNT-10525,SMMS,Signalling & Telecom (S&T),NCR,PRYJ,NDLS-DDU Golden Diagonal HDN-1,MZP-DDU,Mirzapur (MZP) - Pt. DD Upadhyaya (DDU),UP_MAIN,773.602,774.102,0.5,Routine Maintenance,Integrated LED Signal Aspect Overhaul & Alignment,Low (Planned Monthly),None,7.2,55.1,118.0,81,110,Shadow / Disconnection Block,90,60,Signal Alignment Telescope,4,0,0,0,2026-09-25,2026-10-21,0.19,0.734,36.3,P4_LOW,COMPAT_SNT_OHE_GENERAL
DEM-2026-ENG-10526,TMS,Engineering (Civil / Track),NCR,DLI,NDLS-DDU Golden Diagonal HDN-1,GZB-ALJN,Ghaziabad (GZB) - Aligarh (ALJN),DN_MAIN,109.359,109.622,0.263,Safety Critical Defect,USFD Defect Rail Replacement (IMR Flaw),Critical (Immediate),IMR,20.9,113.8,85.5,224,30,Traffic Block,180,120,PQRS_Crane / Rail Tensor,18,1,0,1,2026-09-25,2026-09-27,0.896,0.73,89.3,P1_CRITICAL,COMPAT_TRACK_HEAVY
DEM-2026-ENG-10527,TMS,Engineering (Civil / Track),NCR,PRYJ,NDLS-DDU Golden Diagonal HDN-1,MZP-DDU,Mirzapur (MZP) - Pt. DD Upadhyaya (DDU),DN_MAIN,770.346,772.346,2.0,Routine Maintenance,Track Tamping and Alignment (CSM Machine),Medium (Within 7d),None,4.6,20.8,118.0,261,75,Traffic Block,240,180,CSM_09_32 / DTS_3D,12,1,0,0,2026-09-22,2026-09-30,0.389,0.815,59.2,P3_MEDIUM,COMPAT_SURFACE_PWAY
DEM-2026-ENG-10528,TMS,Engineering (Civil / Track),NCR,DLI,NDLS-DDU Golden Diagonal HDN-1,TDL-ETW,Tundla (TDL) - Etawah (ETW),DN_MAIN,258.749,259.949,1.2,Routine Maintenance,Track Tamping and Alignment (CSM Machine),Medium (Within 7d),None,15.9,78.1,96.4,103,75,Traffic Block,240,180,CSM_09_32 / DTS_3D,12,1,0,0,2026-09-23,2026-10-04,0.501,0.689,56.0,P3_MEDIUM,COMPAT_SURFACE_PWAY
DEM-2026-ENG-10529,TMS,Engineering (Civil / Track),NCR,DLI,NDLS-DDU Golden Diagonal HDN-1,TDL-ETW,Tundla (TDL) - Etawah (ETW),UP_MAIN,254.845,258.345,3.5,Asset Renewal,Ballast Cleaning & Deep Screening (BCM),High (Within 48h),None,6.5,28.0,96.4,31,45,Joint Traffic & Power Block,360,240,BCM_800 / DGS,28,1,1,1,2026-09-23,2026-10-01,0.696,0.758,64.8,P3_MEDIUM,COMPAT_DEEP_CLEANING
DEM-2026-TRD-10530,TDMS,Traction Distribution (TRD / OHE),NCR,PRYJ,NDLS-DDU Golden Diagonal HDN-1,FTP-PRYJ,Fatehpur (FTP) - Prayagraj Jn (PRYJ),DN_MAIN,571.968,572.153,0.185,Safety Critical Defect,Contact Wire Kink & Catenary Sag Emergency Splice,Critical (Immediate),None,1.5,25.4,108.5,88,20,Joint Traffic & Power Block,150,100,Emergency OHE Ladder Trolley,12,0,1,1,2026-09-23,2026-09-25,0.97,0.887,88.0,P1_CRITICAL,COMPAT_SNT_OHE_GENERAL
DEM-2026-TRD-10531,TDMS,Traction Distribution (TRD / OHE),NCR,DLI,NDLS-DDU Golden Diagonal HDN-1,GZB-ALJN,Ghaziabad (GZB) - Aligarh (ALJN),DN_MAIN,68.576,70.576,2.0,Asset Renewal,25 kV OHE Catenary & Contact Wire Stringing Renewal,High (Within 48h),None,21.4,119.6,85.5,89,45,Joint Traffic & Power Block,300,240,OHE Wiring Train & Tensioning Rig,22,0,1,1,2026-09-25,2026-09-30,0.726,0.695,71.5,P2_HIGH,COMPAT_DEEP_CLEANING
DEM-2026-ENG-10532,TMS,Engineering (Civil / Track),NCR,PRYJ,NDLS-DDU Golden Diagonal HDN-1,FTP-PRYJ,Fatehpur (FTP) - Prayagraj Jn (PRYJ),3RD_LINE,612.469,613.669,1.2,Routine Maintenance,Points & Crossing Turnout Tamping (UNIMAT),High (Within 48h),None,15.2,69.5,108.5,26,50,Traffic Block,180,120,UNIMAT_08_4S,14,1,0,1,2026-09-23,2026-10-05,0.638,0.818,61.6,P3_MEDIUM,COMPAT_TURNOUT_SNT
DEM-2026-ENG-10533,TMS,Engineering (Civil / Track),NCR,PRYJ,NDLS-DDU Golden Diagonal HDN-1,MZP-DDU,Mirzapur (MZP) - Pt. DD Upadhyaya (DDU),DN_MAIN,752.793,753.03,0.237,Safety Critical Defect,USFD Defect Rail Replacement (IMR Flaw),Critical (Immediate),IMR,12.1,73.9,118.0,156,30,Traffic Block,180,120,PQRS_Crane / Rail Tensor,18,1,0,1,2026-09-25,2026-09-26,0.819,0.919,86.6,P1_CRITICAL,COMPAT_TRACK_HEAVY
DEM-2026-ENG-10534,TMS,Engineering (Civil / Track),NCR,DLI,NDLS-DDU Golden Diagonal HDN-1,ALJN-TDL,Aligarh (ALJN) - Tundla (TDL),DN_MAIN,170.936,175.936,5.0,Asset Renewal,Ballast Cleaning & Deep Screening (BCM),High (Within 48h),None,20.8,121.3,92.0,198,45,Joint Traffic & Power Block,360,240,BCM_800 / DGS,28,1,1,1,2026-09-25,2026-09-30,0.637,0.733,74.2,P2_HIGH,COMPAT_DEEP_CLEANING
DEM-2026-ENG-10535,TMS,Engineering (Civil / Track),NCR,PRYJ,NDLS-DDU Golden Diagonal HDN-1,FTP-PRYJ,Fatehpur (FTP) - Prayagraj Jn (PRYJ),DN_MAIN,551.114,553.114,2.0,Asset Renewal,Ballast Cleaning & Deep Screening (BCM),High (Within 48h),None,21.5,123.7,108.5,58,45,Joint Traffic & Power Block,360,240,BCM_800 / DGS,28,1,1,1,2026-09-25,2026-10-04,0.597,0.829,63.6,P3_MEDIUM,COMPAT_DEEP_CLEANING
DEM-2026-ENG-10536,TMS,Engineering (Civil / Track),NCR,PRYJ,NDLS-DDU Golden Diagonal HDN-1,MZP-DDU,Mirzapur (MZP) - Pt. DD Upadhyaya (DDU),DN_MAIN,774.707,775.104,0.397,Safety Critical Defect,Thermit Weld Collar Fracturing Repair,Critical (Immediate),REM,19.8,93.2,118.0,58,30,Traffic Block,120,90,Thermit Welding Kit / Gang,15,0,0,1,2026-09-25,2026-09-29,0.809,0.919,77.0,P2_HIGH,COMPAT_TRACK_HEAVY
DEM-2026-SNT-10537,SMMS,Signalling & Telecom (S&T),NCR,PRYJ,NDLS-DDU Golden Diagonal HDN-1,FTP-PRYJ,Fatehpur (FTP) - Prayagraj Jn (PRYJ),UP_MAIN,596.551,597.051,0.5,Routine Maintenance,Integrated LED Signal Aspect Overhaul & Alignment,Low (Planned Monthly),None,1.1,14.7,108.5,153,110,Shadow / Disconnection Block,90,60,Signal Alignment Telescope,4,0,0,0,2026-09-25,2026-10-25,0.179,0.679,41.0,P4_LOW,COMPAT_SNT_OHE_GENERAL
DEM-2026-ENG-10538,TMS,Engineering (Civil / Track),NCR,DLI,NDLS-DDU Golden Diagonal HDN-1,TDL-ETW,Tundla (TDL) - Etawah (ETW),UP_MAIN,229.617,233.117,3.5,Routine Maintenance,Points & Crossing Turnout Tamping (UNIMAT),High (Within 48h),None,1.9,24.3,96.4,169,50,Traffic Block,180,120,UNIMAT_08_4S,14,1,0,1,2026-09-25,2026-09-30,0.659,0.747,73.4,P2_HIGH,COMPAT_TURNOUT_SNT
DEM-2026-SNT-10539,SMMS,Signalling & Telecom (S&T),NCR,PRYJ,NDLS-DDU Golden Diagonal HDN-1,ETW-CNB,Etawah (ETW) - Kanpur Central (CNB),UP_MAIN,331.593,332.362,0.769,Safety Critical Defect,Digital Axle Counter (DAC) Head Sensor Replacement,Critical (Immediate),None,18.5,96.7,110.2,161,50,Traffic Block,90,60,DAC Calibration Rig,5,0,0,0,2026-09-23,2026-09-25,0.863,0.827,87.2,P1_CRITICAL,COMPAT_SNT_OHE_GENERAL
DEM-2026-SNT-10540,SMMS,Signalling & Telecom (S&T),NCR,DLI,NDLS-DDU Golden Diagonal HDN-1,GZB-ALJN,Ghaziabad (GZB) - Aligarh (ALJN),UP_MAIN,121.919,122.419,0.5,Asset Renewal,Electronic Interlocking (EI) Field Functional Testing,High (Within 48h),None,13.6,68.9,85.5,260,30,Traffic Block,240,180,EI Simulator & Logic Analyzer,8,0,0,1,2026-09-25,2026-09-29,0.674,0.73,76.8,P2_HIGH,COMPAT_INTERLOCKING
DEM-2026-TRD-10541,TDMS,Traction Distribution (TRD / OHE),NCR,DLI,NDLS-DDU Golden Diagonal HDN-1,ALJN-TDL,Aligarh (ALJN) - Tundla (TDL),DN_MAIN,127.307,129.307,2.0,Pre-Monsoon Precaution,OHE 25kV Live Feeder Tree Trimming & Neutral Section Check,Low (Planned Monthly),None,4.4,13.8,92.0,177,110,Joint Traffic & Power Block,120,60,Insulated Bucket Truck / Tower Wagon,10,1,1,0,2026-09-24,2026-10-11,0.188,0.583,43.0,P4_LOW,COMPAT_SNT_OHE_GENERAL
DEM-2026-ENG-10542,TMS,Engineering (Civil / Track),NCR,DLI,NDLS-DDU Golden Diagonal HDN-1,TDL-ETW,Tundla (TDL) - Etawah (ETW),UP_MAIN,260.308,262.308,2.0,Routine Maintenance,Points & Crossing Turnout Tamping (UNIMAT),High (Within 48h),None,2.0,8.7,96.4,53,50,Traffic Block,180,120,UNIMAT_08_4S,14,1,0,1,2026-09-23,2026-10-05,0.663,0.747,64.0,P3_MEDIUM,COMPAT_TURNOUT_SNT
DEM-2026-TRD-10543,TDMS,Traction Distribution (TRD / OHE),NCR,DLI,NDLS-DDU Golden Diagonal HDN-1,ALJN-TDL,Aligarh (ALJN) - Tundla (TDL),UP_MAIN,187.598,189.598,2.0,Asset Renewal,25 kV OHE Catenary & Contact Wire Stringing Renewal,High (Within 48h),None,6.7,44.4,92.0,199,45,Joint Traffic & Power Block,300,240,OHE Wiring Train & Tensioning Rig,22,0,1,1,2026-09-24,2026-09-29,0.571,0.733,72.7,P2_HIGH,COMPAT_DEEP_CLEANING
DEM-2026-ENG-10544,TMS,Engineering (Civil / Track),NCR,DLI,NDLS-DDU Golden Diagonal HDN-1,TDL-ETW,Tundla (TDL) - Etawah (ETW),UP_MAIN,237.012,240.512,3.5,Asset Renewal,Ballast Cleaning & Deep Screening (BCM),High (Within 48h),None,9.7,66.1,96.4,97,45,Joint Traffic & Power Block,360,240,BCM_800 / DGS,28,1,1,1,2026-09-23,2026-09-30,0.573,0.758,64.7,P3_MEDIUM,COMPAT_DEEP_CLEANING
DEM-2026-ENG-10545,TMS,Engineering (Civil / Track),NCR,PRYJ,NDLS-DDU Golden Diagonal HDN-1,ETW-CNB,Etawah (ETW) - Kanpur Central (CNB),UP_MAIN,311.795,311.987,0.192,Safety Critical Defect,USFD Defect Rail Replacement (IMR Flaw),Critical (Immediate),IMR,1.4,7.4,110.2,199,30,Traffic Block,180,120,PQRS_Crane / Rail Tensor,18,1,0,1,2026-09-24,2026-09-26,0.808,0.874,87.5,P1_CRITICAL,COMPAT_TRACK_HEAVY
DEM-2026-ENG-10546,TMS,Engineering (Civil / Track),NCR,DLI,NDLS-DDU Golden Diagonal HDN-1,TDL-ETW,Tundla (TDL) - Etawah (ETW),DN_MAIN,214.496,215.696,1.2,Asset Renewal,Rail Grinding for Rolling Contact Fatigue (RGM),Medium (Within 7d),OBS,19.0,89.3,96.4,130,90,Traffic Block,300,210,RGM_72,16,1,0,0,2026-09-23,2026-09-30,0.374,0.655,51.2,P3_MEDIUM,COMPAT_SURFACE_PWAY
DEM-2026-TRD-10547,TDMS,Traction Distribution (TRD / OHE),NCR,DLI,NDLS-DDU Golden Diagonal HDN-1,ALJN-TDL,Aligarh (ALJN) - Tundla (TDL),DN_MAIN,131.791,135.291,3.5,Routine Maintenance,OHE Periodic Annual Overhaul (AOH) & Dropper Regulation,Medium (Within 7d),None,16.9,75.8,92.0,69,90,Joint Traffic & Power Block,180,120,8-Wheeler OHE Tower Wagon,14,1,1,0,2026-09-22,2026-10-03,0.308,0.629,45.3,P3_MEDIUM,COMPAT_SNT_OHE_GENERAL
DEM-2026-SNT-10548,SMMS,Signalling & Telecom (S&T),NCR,PRYJ,NDLS-DDU Golden Diagonal HDN-1,MZP-DDU,Mirzapur (MZP) - Pt. DD Upadhyaya (DDU),UP_MAIN,720.008,720.508,0.5,Routine Maintenance,Point Machine Overhaul & Friction Clutch Testing,High (Within 48h),None,16.8,97.5,118.0,119,45,Traffic Block,120,90,S&T Tool Van / Multimeter Kit,6,0,0,0,2026-09-23,2026-09-26,0.679,0.884,72.7,P2_HIGH,COMPAT_TURNOUT_SNT
DEM-2026-ENG-10549,TMS,Engineering (Civil / Track),NCR,PRYJ,NDLS-DDU Golden Diagonal HDN-1,FTP-PRYJ,Fatehpur (FTP) - Prayagraj Jn (PRYJ),UP_MAIN,595.455,597.455,2.0,Asset Renewal,Rail Grinding for Rolling Contact Fatigue (RGM),Medium (Within 7d),OBS,20.9,104.9,108.5,96,90,Traffic Block,300,210,RGM_72,16,1,0,0,2026-09-23,2026-10-05,0.505,0.725,55.4,P3_MEDIUM,COMPAT_SURFACE_PWAY
DEM-2026-SNT-10550,SMMS,Signalling & Telecom (S&T),NCR,DLI,NDLS-DDU Golden Diagonal HDN-1,ALJN-TDL,Aligarh (ALJN) - Tundla (TDL),UP_MAIN,165.398,166.598,1.2,Routine Maintenance,Point Machine Overhaul & Friction Clutch Testing,High (Within 48h),None,21.2,101.2,92.0,16,45,Traffic Block,120,90,S&T Tool Van / Multimeter Kit,6,0,0,0,2026-09-23,2026-09-26,0.764,0.733,65.7,P2_HIGH,COMPAT_TURNOUT_SNT
DEM-2026-TRD-10551,TDMS,Traction Distribution (TRD / OHE),NCR,PRYJ,NDLS-DDU Golden Diagonal HDN-1,MZP-DDU,Mirzapur (MZP) - Pt. DD Upadhyaya (DDU),DN_MAIN,742.6,743.37,0.77,Safety Critical Defect,Contact Wire Kink & Catenary Sag Emergency Splice,Critical (Immediate),None,4.8,24.6,118.0,208,20,Joint Traffic & Power Block,150,100,Emergency OHE Ladder Trolley,12,0,1,1,2026-09-25,2026-09-26,0.865,0.942,91.8,P1_CRITICAL,COMPAT_SNT_OHE_GENERAL
DEM-2026-ENG-10552,TMS,Engineering (Civil / Track),NCR,DLI,NDLS-DDU Golden Diagonal HDN-1,ALJN-TDL,Aligarh (ALJN) - Tundla (TDL),DN_MAIN,164.72,165.167,0.447,Safety Critical Defect,USFD Defect Rail Replacement (IMR Flaw),Critical (Immediate),IMR,8.6,41.6,92.0,34,30,Traffic Block,180,120,PQRS_Crane / Rail Tensor,18,1,0,1,2026-09-22,2026-09-26,0.796,0.767,73.2,P2_HIGH,COMPAT_TRACK_HEAVY
DEM-2026-TRD-10553,TDMS,Traction Distribution (TRD / OHE),NCR,PRYJ,NDLS-DDU Golden Diagonal HDN-1,PRYJ-MZP,Prayagraj Jn (PRYJ) - Mirzapur (MZP),DN_MAIN,653.677,657.177,3.5,Routine Maintenance,Traction Substation (TSS) 132/25kV Circuit Breaker Servicing,High (Within 48h),None,5.7,30.7,94.0,233,130,Power Block (OHE),240,180,Substation Testing Rig,9,0,1,0,2026-09-25,2026-09-28,0.592,0.548,68.6,P2_HIGH,COMPAT_SUBSTATION
DEM-2026-ENG-10554,TMS,Engineering (Civil / Track),NCR,PRYJ,NDLS-DDU Golden Diagonal HDN-1,FTP-PRYJ,Fatehpur (FTP) - Prayagraj Jn (PRYJ),UP_MAIN,567.327,567.501,0.174,Safety Critical Defect,Thermit Weld Collar Fracturing Repair,Critical (Immediate),REM,10.2,60.8,108.5,57,30,Traffic Block,120,90,Thermit Welding Kit / Gang,15,0,0,1,2026-09-25,2026-09-29,0.804,0.864,75.9,P2_HIGH,COMPAT_TRACK_HEAVY
DEM-2026-ENG-10555,TMS,Engineering (Civil / Track),NCR,DLI,NDLS-DDU Golden Diagonal HDN-1,ALJN-TDL,Aligarh (ALJN) - Tundla (TDL),UP_MAIN,151.228,156.228,5.0,Routine Maintenance,Track Tamping and Alignment (CSM Machine),Medium (Within 7d),None,18.7,95.6,92.0,133,75,Traffic Block,240,180,CSM_09_32 / DTS_3D,12,1,0,0,2026-09-25,2026-10-06,0.501,0.664,58.1,P3_MEDIUM,COMPAT_SURFACE_PWAY
DEM-2026-SNT-10556,SMMS,Signalling & Telecom (S&T),NCR,PRYJ,NDLS-DDU Golden Diagonal HDN-1,CNB-FTP,Kanpur Central (CNB) - Fatehpur (FTP),3RD_LINE,455.336,458.836,3.5,Routine Maintenance,Integrated LED Signal Aspect Overhaul & Alignment,Low (Planned Monthly),None,8.5,52.5,105.0,221,110,Shadow / Disconnection Block,90,60,Signal Alignment Telescope,4,0,0,0,2026-09-24,2026-10-04,0.288,0.659,47.8,P3_MEDIUM,COMPAT_SNT_OHE_GENERAL
DEM-2026-ENG-10557,TMS,Engineering (Civil / Track),NCR,DLI,NDLS-DDU Golden Diagonal HDN-1,TDL-ETW,Tundla (TDL) - Etawah (ETW),DN_MAIN,247.307,248.507,1.2,Asset Renewal,Ballast Cleaning & Deep Screening (BCM),High (Within 48h),None,14.2,65.0,96.4,64,45,Joint Traffic & Power Block,360,240,BCM_800 / DGS,28,1,1,1,2026-09-25,2026-09-28,0.712,0.758,68.2,P2_HIGH,COMPAT_DEEP_CLEANING
DEM-2026-ENG-10558,TMS,Engineering (Civil / Track),NCR,DLI,NDLS-DDU Golden Diagonal HDN-1,GZB-ALJN,Ghaziabad (GZB) - Aligarh (ALJN),UP_MAIN,53.513,53.825,0.312,Safety Critical Defect,Thermit Weld Collar Fracturing Repair,Critical (Immediate),REM,14.1,83.3,85.5,280,30,Traffic Block,120,90,Thermit Welding Kit / Gang,15,0,0,1,2026-09-23,2026-09-25,0.934,0.73,90.0,P1_CRITICAL,COMPAT_TRACK_HEAVY
DEM-2026-TRD-10559,TDMS,Traction Distribution (TRD / OHE),NCR,PRYJ,NDLS-DDU Golden Diagonal HDN-1,CNB-FTP,Kanpur Central (CNB) - Fatehpur (FTP),3RD_LINE,454.494,456.494,2.0,Pre-Monsoon Precaution,OHE 25kV Live Feeder Tree Trimming & Neutral Section Check,Low (Planned Monthly),None,18.0,96.2,105.0,23,110,Joint Traffic & Power Block,120,60,Insulated Bucket Truck / Tower Wagon,10,1,1,0,2026-09-25,2026-10-09,0.281,0.659,35.4,P4_LOW,COMPAT_SNT_OHE_GENERAL
DEM-2026-TRD-10560,TDMS,Traction Distribution (TRD / OHE),NCR,DLI,NDLS-DDU Golden Diagonal HDN-1,ALJN-TDL,Aligarh (ALJN) - Tundla (TDL),DN_MAIN,158.97,159.47,0.5,Routine Maintenance,Section Insulator & Motorized Isolator Contact Overhaul,Medium (Within 7d),None,1.7,15.2,92.0,169,80,Joint Traffic & Power Block,120,90,OHE Tower Wagon,8,1,1,0,2026-09-25,2026-10-02,0.512,0.652,62.4,P3_MEDIUM,COMPAT_TURNOUT_SNT
DEM-2026-ENG-10561,TMS,Engineering (Civil / Track),NCR,PRYJ,NDLS-DDU Golden Diagonal HDN-1,PRYJ-MZP,Prayagraj Jn (PRYJ) - Mirzapur (MZP),UP_MAIN,668.677,669.177,0.5,Routine Maintenance,Points & Crossing Turnout Tamping (UNIMAT),High (Within 48h),None,12.9,69.2,94.0,254,50,Traffic Block,180,120,UNIMAT_08_4S,14,1,0,1,2026-09-22,2026-09-25,0.655,0.733,74.0,P2_HIGH,COMPAT_TURNOUT_SNT
DEM-2026-TRD-10562,TDMS,Traction Distribution (TRD / OHE),NCR,PRYJ,NDLS-DDU Golden Diagonal HDN-1,PRYJ-MZP,Prayagraj Jn (PRYJ) - Mirzapur (MZP),DN_MAIN,679.748,681.748,2.0,Routine Maintenance,Section Insulator & Motorized Isolator Contact Overhaul,Medium (Within 7d),None,17.1,84.0,94.0,45,80,Joint Traffic & Power Block,120,90,OHE Tower Wagon,8,1,1,0,2026-09-23,2026-10-07,0.307,0.664,43.0,P4_LOW,COMPAT_TURNOUT_SNT
DEM-2026-SNT-10563,SMMS,Signalling & Telecom (S&T),NCR,PRYJ,NDLS-DDU Golden Diagonal HDN-1,FTP-PRYJ,Fatehpur (FTP) - Prayagraj Jn (PRYJ),DN_MAIN,515.972,517.972,2.0,Routine Maintenance,Integrated LED Signal Aspect Overhaul & Alignment,Low (Planned Monthly),None,9.0,47.8,108.5,196,110,Shadow / Disconnection Block,90,60,Signal Alignment Telescope,4,0,0,0,2026-09-23,2026-10-07,0.178,0.679,43.2,P4_LOW,COMPAT_SNT_OHE_GENERAL
DEM-2026-TRD-10564,TDMS,Traction Distribution (TRD / OHE),NCR,PRYJ,NDLS-DDU Golden Diagonal HDN-1,ETW-CNB,Etawah (ETW) - Kanpur Central (CNB),UP_MAIN,307.51,308.01,0.5,Pre-Monsoon Precaution,OHE 25kV Live Feeder Tree Trimming & Neutral Section Check,Low (Planned Monthly),None,19.2,89.4,110.2,100,110,Joint Traffic & Power Block,120,60,Insulated Bucket Truck / Tower Wagon,10,1,1,0,2026-09-22,2026-10-15,0.104,0.689,34.3,P4_LOW,COMPAT_SNT_OHE_GENERAL
DEM-2026-SNT-10565,SMMS,Signalling & Telecom (S&T),NCR,PRYJ,NDLS-DDU Golden Diagonal HDN-1,MZP-DDU,Mirzapur (MZP) - Pt. DD Upadhyaya (DDU),3RD_LINE,747.143,750.643,3.5,Routine Maintenance,Integrated LED Signal Aspect Overhaul & Alignment,Low (Planned Monthly),None,6.6,43.9,118.0,25,110,Shadow / Disconnection Block,90,60,Signal Alignment Telescope,4,0,0,0,2026-09-25,2026-10-20,0.287,0.734,36.0,P4_LOW,COMPAT_SNT_OHE_GENERAL
DEM-2026-ENG-10566,TMS,Engineering (Civil / Track),NCR,PRYJ,NDLS-DDU Golden Diagonal HDN-1,FTP-PRYJ,Fatehpur (FTP) - Prayagraj Jn (PRYJ),3RD_LINE,524.056,525.256,1.2,Routine Maintenance,Points & Crossing Turnout Tamping (UNIMAT),High (Within 48h),None,8.1,45.6,108.5,187,50,Traffic Block,180,120,UNIMAT_08_4S,14,1,0,1,2026-09-24,2026-09-28,0.587,0.818,72.2,P2_HIGH,COMPAT_TURNOUT_SNT
DEM-2026-TRD-10567,TDMS,Traction Distribution (TRD / OHE),NCR,PRYJ,NDLS-DDU Golden Diagonal HDN-1,PRYJ-MZP,Prayagraj Jn (PRYJ) - Mirzapur (MZP),UP_MAIN,698.853,703.853,5.0,Routine Maintenance,OHE Periodic Annual Overhaul (AOH) & Dropper Regulation,Medium (Within 7d),None,5.5,25.5,94.0,166,90,Joint Traffic & Power Block,180,120,8-Wheeler OHE Tower Wagon,14,1,1,0,2026-09-23,2026-10-02,0.539,0.641,64.0,P3_MEDIUM,COMPAT_SNT_OHE_GENERAL
DEM-2026-TRD-10568,TDMS,Traction Distribution (TRD / OHE),NCR,DLI,NDLS-DDU Golden Diagonal HDN-1,ALJN-TDL,Aligarh (ALJN) - Tundla (TDL),UP_MAIN,131.012,136.012,5.0,Asset Renewal,25 kV OHE Catenary & Contact Wire Stringing Renewal,High (Within 48h),None,11.0,51.3,92.0,53,45,Joint Traffic & Power Block,300,240,OHE Wiring Train & Tensioning Rig,22,0,1,1,2026-09-24,2026-09-28,0.693,0.733,67.6,P2_HIGH,COMPAT_DEEP_CLEANING
DEM-2026-ENG-10569,TMS,Engineering (Civil / Track),NCR,PRYJ,NDLS-DDU Golden Diagonal HDN-1,PRYJ-MZP,Prayagraj Jn (PRYJ) - Mirzapur (MZP),DN_MAIN,648.483,653.483,5.0,Routine Maintenance,Points & Crossing Turnout Tamping (UNIMAT),High (Within 48h),None,10.5,65.4,94.0,106,50,Traffic Block,180,120,UNIMAT_08_4S,14,1,0,1,2026-09-23,2026-09-28,0.744,0.733,71.8,P2_HIGH,COMPAT_TURNOUT_SNT
DEM-2026-TRD-10570,TDMS,Traction Distribution (TRD / OHE),NCR,PRYJ,NDLS-DDU Golden Diagonal HDN-1,MZP-DDU,Mirzapur (MZP) - Pt. DD Upadhyaya (DDU),UP_MAIN,772.755,774.755,2.0,Routine Maintenance,Traction Substation (TSS) 132/25kV Circuit Breaker Servicing,High (Within 48h),None,20.7,109.5,118.0,236,130,Power Block (OHE),240,180,Substation Testing Rig,9,0,1,0,2026-09-22,2026-09-27,0.756,0.688,78.1,P2_HIGH,COMPAT_SUBSTATION
DEM-2026-TRD-10571,TDMS,Traction Distribution (TRD / OHE),NCR,PRYJ,NDLS-DDU Golden Diagonal HDN-1,ETW-CNB,Etawah (ETW) - Kanpur Central (CNB),DN_MAIN,316.389,316.969,0.58,Safety Critical Defect,Contact Wire Kink & Catenary Sag Emergency Splice,Critical (Immediate),None,7.3,39.6,110.2,177,20,Joint Traffic & Power Block,150,100,Emergency OHE Ladder Trolley,12,0,1,1,2026-09-23,2026-09-24,0.952,0.897,94.8,P1_CRITICAL,COMPAT_SNT_OHE_GENERAL
DEM-2026-SNT-10572,SMMS,Signalling & Telecom (S&T),NCR,PRYJ,NDLS-DDU Golden Diagonal HDN-1,PRYJ-MZP,Prayagraj Jn (PRYJ) - Mirzapur (MZP),DN_MAIN,640.73,645.73,5.0,Pre-Monsoon Precaution,Main Signalling Cable Insulation Meggering & Trenching Check,Medium (Within 7d),None,6.0,27.2,94.0,90,100,Shadow / Disconnection Block,180,120,Cable Fault Locator Unit,7,0,0,0,2026-09-24,2026-10-01,0.346,0.618,47.3,P3_MEDIUM,COMPAT_SNT_OHE_GENERAL
DEM-2026-TRD-10573,TDMS,Traction Distribution (TRD / OHE),NCR,PRYJ,NDLS-DDU Golden Diagonal HDN-1,MZP-DDU,Mirzapur (MZP) - Pt. DD Upadhyaya (DDU),DN_MAIN,741.532,742.032,0.5,Routine Maintenance,Section Insulator & Motorized Isolator Contact Overhaul,Medium (Within 7d),None,5.2,24.2,118.0,28,80,Joint Traffic & Power Block,120,90,OHE Tower Wagon,8,1,1,0,2026-09-24,2026-10-06,0.362,0.804,46.2,P3_MEDIUM,COMPAT_TURNOUT_SNT
DEM-2026-SNT-10574,SMMS,Signalling & Telecom (S&T),NCR,DLI,NDLS-DDU Golden Diagonal HDN-1,TDL-ETW,Tundla (TDL) - Etawah (ETW),UP_MAIN,273.228,273.728,0.5,Asset Renewal,Electronic Interlocking (EI) Field Functional Testing,High (Within 48h),None,19.1,88.0,96.4,166,30,Traffic Block,240,180,EI Simulator & Logic Analyzer,8,0,0,1,2026-09-24,2026-09-28,0.741,0.793,79.6,P2_HIGH,COMPAT_INTERLOCKING
DEM-2026-SNT-10575,SMMS,Signalling & Telecom (S&T),NCR,DLI,NDLS-DDU Golden Diagonal HDN-1,ALJN-TDL,Aligarh (ALJN) - Tundla (TDL),DN_MAIN,188.785,189.985,1.2,Pre-Monsoon Precaution,Main Signalling Cable Insulation Meggering & Trenching Check,Medium (Within 7d),None,3.4,29.0,92.0,75,100,Shadow / Disconnection Block,180,120,Cable Fault Locator Unit,7,0,0,0,2026-09-24,2026-10-06,0.425,0.606,49.5,P3_MEDIUM,COMPAT_SNT_OHE_GENERAL
DEM-2026-ENG-10576,TMS,Engineering (Civil / Track),NCR,PRYJ,NDLS-DDU Golden Diagonal HDN-1,MZP-DDU,Mirzapur (MZP) - Pt. DD Upadhyaya (DDU),UP_MAIN,762.778,763.097,0.319,Safety Critical Defect,USFD Defect Rail Replacement (IMR Flaw),Critical (Immediate),IMR,18.5,104.6,118.0,134,30,Traffic Block,180,120,PQRS_Crane / Rail Tensor,18,1,0,1,2026-09-23,2026-09-24,0.967,0.919,91.5,P1_CRITICAL,COMPAT_TRACK_HEAVY
DEM-2026-ENG-10577,TMS,Engineering (Civil / Track),NCR,DLI,NDLS-DDU Golden Diagonal HDN-1,ALJN-TDL,Aligarh (ALJN) - Tundla (TDL),UP_MAIN,158.741,160.741,2.0,Asset Renewal,Ballast Cleaning & Deep Screening (BCM),High (Within 48h),None,19.1,87.2,92.0,205,45,Joint Traffic & Power Block,360,240,BCM_800 / DGS,28,1,1,1,2026-09-24,2026-09-27,0.704,0.733,77.2,P2_HIGH,COMPAT_DEEP_CLEANING
DEM-2026-TRD-10578,TDMS,Traction Distribution (TRD / OHE),NCR,PRYJ,NDLS-DDU Golden Diagonal HDN-1,PRYJ-MZP,Prayagraj Jn (PRYJ) - Mirzapur (MZP),DN_MAIN,702.192,703.392,1.2,Asset Renewal,25 kV OHE Catenary & Contact Wire Stringing Renewal,High (Within 48h),None,8.6,54.5,94.0,171,45,Joint Traffic & Power Block,300,240,OHE Wiring Train & Tensioning Rig,22,0,1,1,2026-09-22,2026-09-27,0.555,0.744,71.4,P2_HIGH,COMPAT_DEEP_CLEANING
DEM-2026-ENG-10579,TMS,Engineering (Civil / Track),NCR,DLI,NDLS-DDU Golden Diagonal HDN-1,GZB-ALJN,Ghaziabad (GZB) - Aligarh (ALJN),UP_MAIN,51.7,53.7,2.0,Routine Maintenance,Points & Crossing Turnout Tamping (UNIMAT),High (Within 48h),None,20.0,110.6,85.5,135,50,Traffic Block,180,120,UNIMAT_08_4S,14,1,0,1,2026-09-22,2026-09-26,0.739,0.683,73.2,P2_HIGH,COMPAT_TURNOUT_SNT
DEM-2026-ENG-10580,TMS,Engineering (Civil / Track),NCR,PRYJ,NDLS-DDU Golden Diagonal HDN-1,PRYJ-MZP,Prayagraj Jn (PRYJ) - Mirzapur (MZP),DN_MAIN,691.695,693.695,2.0,Asset Renewal,Rail Grinding for Rolling Contact Fatigue (RGM),Medium (Within 7d),OBS,5.4,43.7,94.0,238,90,Traffic Block,300,210,RGM_72,16,1,0,0,2026-09-25,2026-10-07,0.452,0.641,58.7,P3_MEDIUM,COMPAT_SURFACE_PWAY
DEM-2026-SNT-10581,SMMS,Signalling & Telecom (S&T),NCR,DLI,NDLS-DDU Golden Diagonal HDN-1,GZB-ALJN,Ghaziabad (GZB) - Aligarh (ALJN),DN_MAIN,68.287,71.787,3.5,Asset Renewal,Electronic Interlocking (EI) Field Functional Testing,High (Within 48h),None,20.5,102.5,85.5,230,30,Traffic Block,240,180,EI Simulator & Logic Analyzer,8,0,0,1,2026-09-23,2026-09-26,0.743,0.73,79.9,P2_HIGH,COMPAT_INTERLOCKING
DEM-2026-ENG-10582,TMS,Engineering (Civil / Track),NCR,PRYJ,NDLS-DDU Golden Diagonal HDN-1,CNB-FTP,Kanpur Central (CNB) - Fatehpur (FTP),3RD_LINE,479.858,484.858,5.0,Routine Maintenance,Points & Crossing Turnout Tamping (UNIMAT),High (Within 48h),None,16.5,86.1,105.0,28,50,Traffic Block,180,120,UNIMAT_08_4S,14,1,0,1,2026-09-23,2026-09-28,0.718,0.797,65.1,P2_HIGH,COMPAT_TURNOUT_SNT
DEM-2026-ENG-10583,TMS,Engineering (Civil / Track),NCR,PRYJ,NDLS-DDU Golden Diagonal HDN-1,MZP-DDU,Mirzapur (MZP) - Pt. DD Upadhyaya (DDU),3RD_LINE,728.105,730.105,2.0,Routine Maintenance,Points & Crossing Turnout Tamping (UNIMAT),High (Within 48h),None,7.6,30.5,118.0,94,50,Traffic Block,180,120,UNIMAT_08_4S,14,1,0,1,2026-09-23,2026-09-28,0.605,0.873,66.7,P2_HIGH,COMPAT_TURNOUT_SNT
DEM-2026-TRD-10584,TDMS,Traction Distribution (TRD / OHE),NCR,PRYJ,NDLS-DDU Golden Diagonal HDN-1,PRYJ-MZP,Prayagraj Jn (PRYJ) - Mirzapur (MZP),DN_MAIN,638.415,639.615,1.2,Routine Maintenance,Traction Substation (TSS) 132/25kV Circuit Breaker Servicing,High (Within 48h),None,15.4,91.8,94.0,158,130,Power Block (OHE),240,180,Substation Testing Rig,9,0,1,0,2026-09-24,2026-09-28,0.594,0.548,66.9,P2_HIGH,COMPAT_SUBSTATION
DEM-2026-SNT-10585,SMMS,Signalling & Telecom (S&T),NCR,DLI,NDLS-DDU Golden Diagonal HDN-1,TDL-ETW,Tundla (TDL) - Etawah (ETW),DN_MAIN,223.867,224.367,0.5,Routine Maintenance,Integrated LED Signal Aspect Overhaul & Alignment,Low (Planned Monthly),None,20.4,111.4,96.4,131,110,Shadow / Disconnection Block,90,60,Signal Alignment Telescope,4,0,0,0,2026-09-23,2026-10-20,0.272,0.608,42.3,P4_LOW,COMPAT_SNT_OHE_GENERAL
DEM-2026-SNT-10586,SMMS,Signalling & Telecom (S&T),NCR,PRYJ,NDLS-DDU Golden Diagonal HDN-1,CNB-FTP,Kanpur Central (CNB) - Fatehpur (FTP),3RD_LINE,464.877,468.377,3.5,Routine Maintenance,Point Machine Overhaul & Friction Clutch Testing,High (Within 48h),None,13.6,62.5,105.0,202,45,Traffic Block,120,90,S&T Tool Van / Multimeter Kit,6,0,0,0,2026-09-22,2026-09-27,0.587,0.809,72.5,P2_HIGH,COMPAT_TURNOUT_SNT
DEM-2026-SNT-10587,SMMS,Signalling & Telecom (S&T),NCR,DLI,NDLS-DDU Golden Diagonal HDN-1,GZB-ALJN,Ghaziabad (GZB) - Aligarh (ALJN),DN_MAIN,104.794,108.294,3.5,Asset Renewal,Electronic Interlocking (EI) Field Functional Testing,High (Within 48h),None,3.5,28.9,85.5,111,30,Traffic Block,240,180,EI Simulator & Logic Analyzer,8,0,0,1,2026-09-24,2026-09-28,0.758,0.73,74.8,P2_HIGH,COMPAT_INTERLOCKING
DEM-2026-ENG-10588,TMS,Engineering (Civil / Track),NCR,PRYJ,NDLS-DDU Golden Diagonal HDN-1,MZP-DDU,Mirzapur (MZP) - Pt. DD Upadhyaya (DDU),DN_MAIN,728.5,729.7,1.2,Asset Renewal,Rail Grinding for Rolling Contact Fatigue (RGM),Medium (Within 7d),OBS,21.9,108.0,118.0,110,90,Traffic Block,300,210,RGM_72,16,1,0,0,2026-09-23,2026-10-02,0.4,0.781,52.6,P3_MEDIUM,COMPAT_SURFACE_PWAY
DEM-2026-SNT-10589,SMMS,Signalling & Telecom (S&T),NCR,DLI,NDLS-DDU Golden Diagonal HDN-1,GZB-ALJN,Ghaziabad (GZB) - Aligarh (ALJN),DN_MAIN,83.312,84.047,0.735,Safety Critical Defect,Digital Axle Counter (DAC) Head Sensor Replacement,Critical (Immediate),None,8.8,54.5,85.5,248,50,Traffic Block,90,60,DAC Calibration Rig,5,0,0,0,2026-09-23,2026-09-25,0.797,0.683,83.6,P1_CRITICAL,COMPAT_SNT_OHE_GENERAL
DEM-2026-ENG-10590,TMS,Engineering (Civil / Track),NCR,PRYJ,NDLS-DDU Golden Diagonal HDN-1,FTP-PRYJ,Fatehpur (FTP) - Prayagraj Jn (PRYJ),3RD_LINE,591.824,595.324,3.5,Routine Maintenance,Track Tamping and Alignment (CSM Machine),Medium (Within 7d),None,16.5,80.2,108.5,62,75,Traffic Block,240,180,CSM_09_32 / DTS_3D,12,1,0,0,2026-09-24,2026-09-30,0.434,0.76,50.6,P3_MEDIUM,COMPAT_SURFACE_PWAY
DEM-2026-SNT-10591,SMMS,Signalling & Telecom (S&T),NCR,PRYJ,NDLS-DDU Golden Diagonal HDN-1,ETW-CNB,Etawah (ETW) - Kanpur Central (CNB),DN_MAIN,423.278,428.278,5.0,Routine Maintenance,Integrated LED Signal Aspect Overhaul & Alignment,Low (Planned Monthly),None,15.9,93.8,110.2,16,110,Shadow / Disconnection Block,90,60,Signal Alignment Telescope,4,0,0,0,2026-09-24,2026-10-19,0.148,0.689,28.3,P4_LOW,COMPAT_SNT_OHE_GENERAL
DEM-2026-ENG-10592,TMS,Engineering (Civil / Track),NCR,PRYJ,NDLS-DDU Golden Diagonal HDN-1,PRYJ-MZP,Prayagraj Jn (PRYJ) - Mirzapur (MZP),DN_MAIN,630.516,631.716,1.2,Pre-Monsoon Precaution,Bridge Bearings Inspection & Girder Greasing,Medium (Within 7d),None,6.5,37.6,94.0,187,60,Traffic Block,150,90,Bridge Inspection Unit,10,0,0,0,2026-09-22,2026-09-29,0.511,0.71,64.1,P3_MEDIUM,COMPAT_BRIDGE_STRUCT
DEM-2026-TRD-10593,TDMS,Traction Distribution (TRD / OHE),NCR,PRYJ,NDLS-DDU Golden Diagonal HDN-1,FTP-PRYJ,Fatehpur (FTP) - Prayagraj Jn (PRYJ),3RD_LINE,541.775,542.094,0.319,Safety Critical Defect,Contact Wire Kink & Catenary Sag Emergency Splice,Critical (Immediate),None,21.5,112.5,108.5,157,20,Joint Traffic & Power Block,150,100,Emergency OHE Ladder Trolley,12,0,1,1,2026-09-24,2026-09-26,0.93,0.887,92.0,P1_CRITICAL,COMPAT_SNT_OHE_GENERAL
DEM-2026-SNT-10594,SMMS,Signalling & Telecom (S&T),NCR,PRYJ,NDLS-DDU Golden Diagonal HDN-1,CNB-FTP,Kanpur Central (CNB) - Fatehpur (FTP),3RD_LINE,473.514,477.014,3.5,Routine Maintenance,Track Circuit Glued Joint Bonding & Meggering,Medium (Within 7d),None,19.7,98.0,105.0,265,80,Traffic Block,120,90,Insulation Megger Tester,6,0,0,0,2026-09-25,2026-10-02,0.483,0.728,60.7,P3_MEDIUM,COMPAT_SURFACE_PWAY
DEM-2026-ENG-10595,TMS,Engineering (Civil / Track),NCR,DLI,NDLS-DDU Golden Diagonal HDN-1,GZB-ALJN,Ghaziabad (GZB) - Aligarh (ALJN),UP_MAIN,38.772,42.272,3.5,Routine Maintenance,Track Tamping and Alignment (CSM Machine),Medium (Within 7d),None,6.5,43.7,85.5,237,75,Traffic Block,240,180,CSM_09_32 / DTS_3D,12,1,0,0,2026-09-22,2026-10-01,0.328,0.626,53.6,P3_MEDIUM,COMPAT_SURFACE_PWAY
DEM-2026-SNT-10596,SMMS,Signalling & Telecom (S&T),NCR,PRYJ,NDLS-DDU Golden Diagonal HDN-1,MZP-DDU,Mirzapur (MZP) - Pt. DD Upadhyaya (DDU),DN_MAIN,745.355,748.855,3.5,Routine Maintenance,Integrated LED Signal Aspect Overhaul & Alignment,Low (Planned Monthly),None,3.4,28.6,118.0,89,110,Shadow / Disconnection Block,90,60,Signal Alignment Telescope,4,0,0,0,2026-09-23,2026-10-08,0.123,0.734,34.0,P4_LOW,COMPAT_SNT_OHE_GENERAL
DEM-2026-SNT-10597,SMMS,Signalling & Telecom (S&T),NCR,PRYJ,NDLS-DDU Golden Diagonal HDN-1,CNB-FTP,Kanpur Central (CNB) - Fatehpur (FTP),UP_MAIN,472.901,474.901,2.0,Pre-Monsoon Precaution,Main Signalling Cable Insulation Meggering & Trenching Check,Medium (Within 7d),None,12.8,73.9,105.0,122,100,Shadow / Disconnection Block,180,120,Cable Fault Locator Unit,7,0,0,0,2026-09-23,2026-09-29,0.44,0.682,55.2,P3_MEDIUM,COMPAT_SNT_OHE_GENERAL
DEM-2026-ENG-10598,TMS,Engineering (Civil / Track),NCR,PRYJ,NDLS-DDU Golden Diagonal HDN-1,PRYJ-MZP,Prayagraj Jn (PRYJ) - Mirzapur (MZP),UP_MAIN,684.876,686.876,2.0,Routine Maintenance,Points & Crossing Turnout Tamping (UNIMAT),High (Within 48h),None,1.5,17.9,94.0,76,50,Traffic Block,180,120,UNIMAT_08_4S,14,1,0,1,2026-09-22,2026-10-02,0.637,0.733,64.5,P3_MEDIUM,COMPAT_TURNOUT_SNT
DEM-2026-ENG-10599,TMS,Engineering (Civil / Track),NCR,PRYJ,NDLS-DDU Golden Diagonal HDN-1,FTP-PRYJ,Fatehpur (FTP) - Prayagraj Jn (PRYJ),UP_MAIN,604.792,608.292,3.5,Routine Maintenance,Points & Crossing Turnout Tamping (UNIMAT),High (Within 48h),None,10.5,71.2,108.5,16,50,Traffic Block,180,120,UNIMAT_08_4S,14,1,0,1,2026-09-25,2026-10-01,0.622,0.818,60.1,P3_MEDIUM,COMPAT_TURNOUT_SNT
DEM-2026-SNT-10600,SMMS,Signalling & Telecom (S&T),NCR,PRYJ,NDLS-DDU Golden Diagonal HDN-1,FTP-PRYJ,Fatehpur (FTP) - Prayagraj Jn (PRYJ),3RD_LINE,527.29,527.79,0.5,Routine Maintenance,Integrated LED Signal Aspect Overhaul & Alignment,Low (Planned Monthly),None,17.8,87.5,108.5,42,110,Shadow / Disconnection Block,90,60,Signal Alignment Telescope,4,0,0,0,2026-09-25,2026-10-25,0.241,0.679,34.5,P4_LOW,COMPAT_SNT_OHE_GENERAL
